Timestamp_UTC,Timestamp_WIB,Entry_ID,Suhu_C,Kelembapan_RH_Persen,PM25_Calibrated_ug_m3,CO_Calibrated_ppm,ISPU_Final,Kipas_PWM_Persen,Raw_VOC_ADC,Kategori_ISPU_Kode,Kategori_ISPU_Teks
2026-09-05T18:00:11Z,2026-09-06 01:00:11,1,24.50000,53.00000,10.25832,2.33097,33.00000,13.00000,2800.00000,1,Baik
2026-09-05T18:00:31Z,2026-09-06 01:00:31,2,24.50000,53.00000,0.00031,2.33097,26.00000,13.00000,2778.00000,1,Baik
2026-09-05T18:00:51Z,2026-09-06 01:00:51,3,24.60000,54.20000,20.00233,2.33097,56.00000,15.00000,2768.00000,2,Sedang
2026-09-05T18:01:11Z,2026-09-06 01:01:11,4,24.60000,53.50000,49.98341,2.92562,93.00000,15.00000,2625.00000,2,Sedang
2026-09-05T18:01:31Z,2026-09-06 01:01:31,5,24.60000,53.00000,39.31316,2.88286,80.00000,15.00000,2595.00000,2,Sedang
2026-09-05T18:01:51Z,2026-09-06 01:01:51,6,24.60000,52.90000,27.53012,2.89924,66.00000,15.00000,2559.00000,2,Sedang
2026-09-05T18:02:11Z,2026-09-06 01:02:11,7,24.50000,52.90000,28.47457,2.92047,67.00000,15.00000,2579.00000,2,Sedang
2026-09-05T18:02:31Z,2026-09-06 01:02:31,8,24.50000,52.90000,28.14123,2.89924,66.00000,15.00000,2559.00000,2,Sedang
2026-09-05T18:02:51Z,2026-09-06 01:02:51,9,24.40000,53.00000,29.77759,2.89194,68.00000,15.00000,2558.00000,2,Sedang
2026-09-05T18:03:11Z,2026-09-06 01:03:11,10,24.40000,53.10000,29.85276,2.91317,69.00000,15.00000,2545.00000,2,Sedang
2026-09-05T18:03:31Z,2026-09-06 01:03:31,11,24.30000,53.20000,30.34787,2.89194,69.00000,15.00000,2544.00000,2,Sedang
2026-09-05T18:03:51Z,2026-09-06 01:03:51,12,24.30000,53.30000,29.77759,2.89194,68.00000,15.00000,2544.00000,2,Sedang
2026-09-05T18:04:11Z,2026-09-06 01:04:11,13,24.20000,53.40000,29.77759,2.89194,68.00000,15.00000,2522.00000,2,Sedang
2026-09-05T18:04:31Z,2026-09-06 01:04:31,14,24.20000,53.40000,27.53012,2.90234,66.00000,15.00000,2519.00000,2,Sedang
2026-09-05T18:04:51Z,2026-09-06 01:04:51,15,24.10000,53.50000,27.53012,2.88587,66.00000,15.00000,2508.00000,2,Sedang
2026-09-05T18:05:11Z,2026-09-06 01:05:11,16,24.10000,53.60000,29.77759,2.91756,68.00000,15.00000,2503.00000,2,Sedang
2026-09-05T18:05:31Z,2026-09-06 01:05:31,17,24.10000,55.00000,29.77759,2.89137,68.00000,15.00000,2514.00000,2,Sedang
2026-09-05T18:05:51Z,2026-09-06 01:05:51,18,24.20000,56.10000,29.83871,2.90066,69.00000,15.00000,2509.00000,2,Sedang
2026-09-05T18:06:11Z,2026-09-06 01:06:11,19,24.30000,56.90000,31.06716,2.88419,70.00000,15.00000,2503.00000,2,Sedang
2026-09-05T18:06:31Z,2026-09-06 01:06:31,20,24.30000,57.50000,29.83871,2.88419,69.00000,15.00000,2512.00000,2,Sedang
2026-09-05T18:06:51Z,2026-09-06 01:06:51,21,24.40000,58.00000,39.39000,2.88419,80.00000,15.00000,2512.00000,2,Sedang
2026-09-05T18:07:11Z,2026-09-06 01:07:11,22,24.40000,58.10000,29.83871,2.84123,69.00000,15.00000,2512.00000,2,Sedang
2026-09-05T18:07:31Z,2026-09-06 01:07:31,23,24.50000,58.30000,29.83871,2.83588,69.00000,15.00000,2511.00000,2,Sedang
2026-09-05T18:07:51Z,2026-09-06 01:07:51,24,24.60000,58.40000,39.05551,2.83588,80.00000,15.00000,2511.00000,2,Sedang
2026-09-05T18:08:11Z,2026-09-06 01:08:11,25,24.60000,58.30000,29.83871,2.87884,69.00000,15.00000,2522.00000,2,Sedang
2026-09-05T18:08:31Z,2026-09-06 01:08:31,26,24.70000,58.40000,29.83871,2.89531,69.00000,15.00000,2497.00000,2,Sedang
2026-09-05T18:08:51Z,2026-09-06 01:08:51,27,24.80000,58.40000,29.83871,2.87884,69.00000,15.00000,2494.00000,2,Sedang
2026-09-05T18:09:11Z,2026-09-06 01:09:11,28,24.80000,58.30000,29.17204,2.89531,68.00000,15.00000,2485.00000,2,Sedang
2026-09-05T18:09:31Z,2026-09-06 01:09:31,29,24.80000,58.30000,29.91387,2.88491,69.00000,15.00000,2491.00000,2,Sedang
2026-09-05T18:09:51Z,2026-09-06 01:09:51,30,24.80000,58.20000,31.02651,2.93038,70.00000,15.00000,2481.00000,2,Sedang
2026-09-05T18:10:11Z,2026-09-06 01:10:11,31,24.90000,58.30000,40.09731,2.88491,81.00000,15.00000,2477.00000,2,Sedang
2026-09-05T18:10:31Z,2026-09-06 01:10:31,32,24.90000,57.90000,37.16302,2.98807,78.00000,15.00000,2479.00000,2,Sedang
2026-09-05T18:10:51Z,2026-09-06 01:10:51,33,24.90000,57.60000,29.91387,2.88602,69.00000,15.00000,2475.00000,2,Sedang
2026-09-05T18:11:11Z,2026-09-06 01:11:11,34,24.80000,57.40000,29.91387,2.89531,69.00000,15.00000,2461.00000,2,Sedang
2026-09-05T18:11:31Z,2026-09-06 01:11:31,35,24.80000,57.20000,29.83871,2.88491,69.00000,15.00000,2459.00000,2,Sedang
2026-09-05T18:11:51Z,2026-09-06 01:11:51,36,24.80000,57.10000,27.53568,2.89531,66.00000,15.00000,2459.00000,2,Sedang
2026-09-05T18:12:11Z,2026-09-06 01:12:11,37,24.80000,56.90000,29.83871,2.89531,69.00000,15.00000,2448.00000,2,Sedang
2026-09-05T18:12:31Z,2026-09-06 01:12:31,38,24.70000,56.80000,25.89679,2.89531,64.00000,15.00000,2448.00000,2,Sedang
2026-09-05T18:12:51Z,2026-09-06 01:12:51,39,24.70000,56.70000,29.83871,2.87884,69.00000,15.00000,2446.00000,2,Sedang
2026-09-05T18:13:11Z,2026-09-06 01:13:11,40,24.60000,56.70000,39.31316,2.88491,80.00000,15.00000,2424.00000,2,Sedang
2026-09-05T18:13:31Z,2026-09-06 01:13:31,41,24.60000,56.70000,31.02651,2.89531,70.00000,15.00000,2417.00000,2,Sedang
2026-09-05T18:13:51Z,2026-09-06 01:13:51,42,24.50000,56.90000,29.83871,2.88491,69.00000,15.00000,2432.00000,2,Sedang
2026-09-05T18:14:11Z,2026-09-06 01:14:11,43,24.50000,57.20000,30.40898,2.89531,69.00000,15.00000,2418.00000,2,Sedang
2026-09-05T18:14:31Z,2026-09-06 01:14:31,44,24.50000,57.30000,34.28944,2.89531,74.00000,15.00000,2418.00000,2,Sedang
2026-09-05T18:14:51Z,2026-09-06 01:14:51,45,24.50000,57.70000,44.45972,2.88491,87.00000,15.00000,2410.00000,2,Sedang
2026-09-05T18:15:11Z,2026-09-06 01:15:11,46,24.50000,58.00000,39.39000,2.87884,80.00000,15.00000,2405.00000,2,Sedang
2026-09-05T18:15:31Z,2026-09-06 01:15:31,47,24.50000,58.20000,39.39000,2.87283,80.00000,15.00000,2417.00000,2,Sedang
2026-09-05T18:15:51Z,2026-09-06 01:15:51,48,24.50000,58.40000,35.65577,2.90278,76.00000,15.00000,2413.00000,2,Sedang
2026-09-05T18:16:11Z,2026-09-06 01:16:11,49,24.60000,58.90000,39.40217,2.88602,80.00000,15.00000,2412.00000,2,Sedang
2026-09-05T18:16:31Z,2026-09-06 01:16:31,50,24.60000,59.10000,28.95083,2.90056,67.00000,15.00000,2422.00000,2,Sedang
2026-09-05T18:16:51Z,2026-09-06 01:16:51,51,24.60000,59.30000,29.61749,2.90101,68.00000,15.00000,2416.00000,2,Sedang
2026-09-05T18:17:11Z,2026-09-06 01:17:11,52,24.60000,59.60000,29.61749,2.88602,68.00000,15.00000,2410.00000,2,Sedang
2026-09-05T18:17:31Z,2026-09-06 01:17:31,53,24.60000,59.80000,29.61749,2.90278,68.00000,15.00000,2411.00000,2,Sedang
2026-09-05T18:17:51Z,2026-09-06 01:17:51,54,24.70000,60.10000,29.61749,2.88602,68.00000,15.00000,2405.00000,2,Sedang
2026-09-05T18:18:11Z,2026-09-06 01:18:11,55,24.70000,60.30000,29.69266,2.88602,68.00000,15.00000,2410.00000,2,Sedang
2026-09-05T18:18:31Z,2026-09-06 01:18:31,56,24.70000,60.50000,29.61749,2.90278,68.00000,15.00000,2416.00000,2,Sedang
2026-09-05T18:18:51Z,2026-09-06 01:18:51,57,24.80000,60.80000,34.27597,2.90278,74.00000,15.00000,2416.00000,2,Sedang
2026-09-05T18:19:11Z,2026-09-06 01:19:11,58,24.80000,60.80000,31.00799,2.88602,70.00000,15.00000,2416.00000,2,Sedang
2026-09-05T18:19:31Z,2026-09-06 01:19:31,59,24.80000,61.10000,29.61749,2.88602,68.00000,15.00000,2401.00000,2,Sedang
2026-09-05T18:19:51Z,2026-09-06 01:19:51,60,24.90000,61.20000,28.95083,2.88602,67.00000,15.00000,2410.00000,2,Sedang
2026-09-05T18:20:11Z,2026-09-06 01:20:11,61,24.90000,61.40000,29.61749,2.88602,68.00000,15.00000,2404.00000,2,Sedang
2026-09-05T18:20:31Z,2026-09-06 01:20:31,62,24.90000,61.50000,31.04028,2.90278,70.00000,15.00000,2394.00000,2,Sedang
2026-09-05T18:20:51Z,2026-09-06 01:20:51,63,24.90000,61.60000,26.64780,2.90278,65.00000,15.00000,2394.00000,2,Sedang
2026-09-05T18:21:11Z,2026-09-06 01:21:11,64,24.90000,61.90000,31.00799,2.90101,70.00000,15.00000,2401.00000,2,Sedang
2026-09-05T18:21:31Z,2026-09-06 01:21:31,65,24.90000,62.10000,33.52597,2.90101,73.00000,15.00000,2410.00000,2,Sedang
2026-09-05T18:21:51Z,2026-09-06 01:21:51,66,25.00000,62.20000,33.52597,2.90101,73.00000,15.00000,2402.00000,2,Sedang
2026-09-05T18:22:11Z,2026-09-06 01:22:11,67,25.00000,62.30000,29.61749,2.90101,68.00000,15.00000,2395.00000,2,Sedang
2026-09-05T18:22:31Z,2026-09-06 01:22:31,68,25.00000,62.50000,29.61749,2.90101,68.00000,15.00000,2399.00000,2,Sedang
2026-09-05T18:22:51Z,2026-09-06 01:22:51,69,25.00000,62.60000,33.52597,2.90101,73.00000,15.00000,2390.00000,2,Sedang
2026-09-05T18:23:11Z,2026-09-06 01:23:11,70,25.00000,62.80000,33.52597,2.93038,73.00000,15.00000,2385.00000,2,Sedang
2026-09-05T18:23:31Z,2026-09-06 01:23:31,71,25.00000,63.00000,27.31446,2.90056,65.00000,15.00000,2387.00000,2,Sedang
2026-09-05T18:23:51Z,2026-09-06 01:23:51,72,25.00000,63.10000,29.61749,2.98927,68.00000,15.00000,2393.00000,2,Sedang
2026-09-05T18:24:11Z,2026-09-06 01:24:11,73,25.00000,63.30000,29.61749,2.98927,68.00000,15.00000,2386.00000,2,Sedang
2026-09-05T18:24:31Z,2026-09-06 01:24:31,74,25.10000,63.30000,31.04028,2.98717,70.00000,15.00000,2393.00000,2,Sedang
2026-09-05T18:24:51Z,2026-09-06 01:24:51,75,25.10000,63.40000,43.65010,2.97058,86.00000,15.00000,2374.00000,2,Sedang
2026-09-05T18:25:11Z,2026-09-06 01:25:11,76,25.10000,63.50000,39.36037,2.97268,80.00000,15.00000,2383.00000,2,Sedang
2026-09-05T18:25:31Z,2026-09-06 01:25:31,77,25.10000,63.60000,30.93966,2.97058,70.00000,15.00000,2386.00000,2,Sedang
2026-09-05T18:25:51Z,2026-09-06 01:25:51,78,25.10000,63.70000,50.40127,2.97058,94.00000,15.00000,2370.00000,2,Sedang
2026-09-05T18:26:11Z,2026-09-06 01:26:11,79,25.20000,63.80000,44.66780,3.00446,87.00000,15.00000,2379.00000,2,Sedang
2026-09-05T18:26:31Z,2026-09-06 01:26:31,80,25.20000,63.90000,31.80577,3.00446,71.00000,15.00000,2384.00000,2,Sedang
2026-09-05T18:26:51Z,2026-09-06 01:26:51,81,25.20000,64.00000,34.27597,3.00446,74.00000,15.00000,2383.00000,2,Sedang
2026-09-05T18:27:11Z,2026-09-06 01:27:11,82,25.20000,64.10000,31.80577,3.00446,71.00000,15.00000,2377.00000,2,Sedang
2026-09-05T18:27:31Z,2026-09-06 01:27:31,83,25.20000,64.20000,29.69266,3.00446,68.00000,15.00000,2383.00000,2,Sedang
2026-09-05T18:27:51Z,2026-09-06 01:27:51,84,25.20000,64.30000,41.67601,3.00446,83.00000,15.00000,2374.00000,2,Sedang
2026-09-05T18:28:11Z,2026-09-06 01:28:11,85,25.20000,64.40000,38.63989,3.00446,79.00000,15.00000,2371.00000,2,Sedang
2026-09-05T18:28:31Z,2026-09-06 01:28:31,86,25.20000,64.50000,29.61749,3.00446,68.00000,15.00000,2380.00000,2,Sedang
2026-09-05T18:28:51Z,2026-09-06 01:28:51,87,25.30000,64.50000,31.00799,3.00446,70.00000,15.00000,2367.00000,2,Sedang
2026-09-05T18:29:11Z,2026-09-06 01:29:11,88,25.30000,64.70000,29.69371,3.00446,68.00000,15.00000,2360.00000,2,Sedang
2026-09-05T18:29:31Z,2026-09-06 01:29:31,89,25.30000,64.70000,40.16667,3.00446,81.00000,15.00000,2369.00000,2,Sedang
2026-09-05T18:29:51Z,2026-09-06 01:29:51,90,25.30000,64.80000,44.33333,3.00446,86.00000,15.00000,2363.00000,2,Sedang
2026-09-05T18:30:11Z,2026-09-06 01:30:11,91,25.30000,64.90000,33.27048,3.00446,73.00000,15.00000,2359.00000,2,Sedang
2026-09-05T18:30:31Z,2026-09-06 01:30:31,92,25.30000,65.10000,30.95344,3.06219,70.00000,15.00000,2368.00000,2,Sedang
2026-09-05T18:30:51Z,2026-09-06 01:30:51,93,25.30000,65.20000,33.00732,3.06219,72.00000,15.00000,2367.00000,2,Sedang
2026-09-05T18:31:11Z,2026-09-06 01:31:11,94,25.30000,65.20000,42.66667,3.03749,84.00000,15.00000,2359.00000,2,Sedang
2026-09-05T18:31:31Z,2026-09-06 01:31:31,95,25.40000,65.30000,32.25732,3.06219,72.00000,15.00000,2356.00000,2,Sedang
2026-09-05T18:31:51Z,2026-09-06 01:31:51,96,25.40000,65.30000,33.00732,3.00446,72.00000,15.00000,2354.00000,2,Sedang
2026-09-05T18:32:11Z,2026-09-06 01:32:11,97,25.40000,65.30000,32.25732,3.00446,72.00000,15.00000,2359.00000,2,Sedang
2026-09-05T18:32:31Z,2026-09-06 01:32:31,98,25.40000,65.40000,34.00732,3.00446,74.00000,15.00000,2363.00000,2,Sedang
2026-09-05T18:32:51Z,2026-09-06 01:32:51,99,25.40000,65.50000,44.96608,3.00446,87.00000,15.00000,2355.00000,2,Sedang
2026-09-05T18:33:11Z,2026-09-06 01:33:11,100,25.40000,65.60000,30.95344,3.00446,70.00000,15.00000,2353.00000,2,Sedang
2026-09-05T18:33:32Z,2026-09-06 01:33:32,101,25.40000,65.70000,32.25732,3.00446,72.00000,15.00000,2352.00000,2,Sedang
2026-09-05T18:33:51Z,2026-09-06 01:33:51,102,25.40000,65.70000,30.95344,3.10706,70.00000,15.00000,2351.00000,2,Sedang
2026-09-05T18:34:11Z,2026-09-06 01:34:11,103,25.40000,65.90000,30.96452,3.03749,70.00000,15.00000,2341.00000,2,Sedang
2026-09-05T18:34:32Z,2026-09-06 01:34:32,104,25.40000,65.90000,29.69371,3.08970,68.00000,15.00000,2352.00000,2,Sedang
2026-09-05T18:34:52Z,2026-09-06 01:34:52,105,25.40000,65.90000,44.33333,3.02553,86.00000,15.00000,2346.00000,2,Sedang
2026-09-05T18:35:12Z,2026-09-06 01:35:12,106,25.40000,66.00000,30.77778,3.02553,70.00000,15.00000,2334.00000,2,Sedang
2026-09-05T18:35:31Z,2026-09-06 01:35:31,107,25.40000,66.00000,30.36550,3.06219,69.00000,15.00000,2341.00000,2,Sedang
2026-09-05T18:35:52Z,2026-09-06 01:35:52,108,25.40000,66.20000,31.87649,3.03749,71.00000,15.00000,2341.00000,2,Sedang
2026-09-05T18:36:12Z,2026-09-06 01:36:12,109,25.40000,66.20000,31.00517,3.17070,70.00000,15.00000,2351.00000,2,Sedang
2026-09-05T18:36:31Z,2026-09-06 01:36:31,110,25.40000,66.30000,37.92399,3.03749,78.00000,15.00000,2337.00000,2,Sedang
2026-09-05T18:36:52Z,2026-09-06 01:36:52,111,25.40000,66.40000,33.00732,3.03749,72.00000,15.00000,2337.00000,2,Sedang
2026-09-05T18:37:12Z,2026-09-06 01:37:12,112,25.40000,66.50000,32.07724,3.03749,71.00000,15.00000,2335.00000,2,Sedang
2026-09-05T18:37:32Z,2026-09-06 01:37:32,113,25.40000,66.60000,31.32724,3.03749,70.00000,15.00000,2330.00000,2,Sedang
2026-09-05T18:37:52Z,2026-09-06 01:37:52,114,25.40000,66.60000,29.69371,3.12478,68.00000,15.00000,2325.00000,2,Sedang
2026-09-05T18:38:11Z,2026-09-06 01:38:11,115,25.40000,66.80000,30.96452,3.12478,70.00000,15.00000,2335.00000,2,Sedang
2026-09-05T18:38:31Z,2026-09-06 01:38:31,116,25.40000,66.80000,29.97410,3.10706,69.00000,15.00000,2331.00000,2,Sedang
2026-09-05T18:38:52Z,2026-09-06 01:38:52,117,25.40000,66.90000,29.69371,3.03749,68.00000,15.00000,2326.00000,2,Sedang
2026-09-05T18:39:11Z,2026-09-06 01:39:11,118,25.40000,67.00000,30.77778,3.15278,70.00000,15.00000,2334.00000,2,Sedang
2026-09-05T18:39:32Z,2026-09-06 01:39:32,119,25.40000,67.10000,32.07724,3.17070,71.00000,15.00000,2335.00000,2,Sedang
2026-09-05T18:39:52Z,2026-09-06 01:39:52,120,25.40000,67.10000,29.69371,3.15278,68.00000,15.00000,2333.00000,2,Sedang
2026-09-05T18:40:12Z,2026-09-06 01:40:12,121,25.40000,67.20000,32.07724,3.12478,71.00000,15.00000,2329.00000,2,Sedang
2026-09-05T18:40:31Z,2026-09-06 01:40:31,122,25.40000,67.20000,32.07724,3.08970,71.00000,15.00000,2338.00000,2,Sedang
2026-09-05T18:40:52Z,2026-09-06 01:40:52,123,25.40000,67.30000,29.28521,2.99390,68.00000,15.00000,2323.00000,2,Sedang
2026-09-05T18:41:12Z,2026-09-06 01:41:12,124,25.40000,67.40000,29.62042,2.99390,68.00000,15.00000,2323.00000,2,Sedang
2026-09-05T18:41:31Z,2026-09-06 01:41:31,125,25.50000,67.40000,28.95375,3.08970,67.00000,15.00000,2326.00000,2,Sedang
2026-09-05T18:41:52Z,2026-09-06 01:41:52,126,25.50000,67.40000,27.62042,3.02553,66.00000,15.00000,2320.00000,2,Sedang
2026-09-05T18:42:12Z,2026-09-06 01:42:12,127,25.50000,67.50000,30.31443,3.00446,69.00000,15.00000,2309.00000,2,Sedang
2026-09-05T18:42:32Z,2026-09-06 01:42:32,128,25.40000,67.60000,30.66197,3.00446,70.00000,15.00000,2306.00000,2,Sedang
2026-09-05T18:42:52Z,2026-09-06 01:42:52,129,25.50000,67.60000,29.62042,3.00656,68.00000,15.00000,2310.00000,2,Sedang
2026-09-05T18:43:12Z,2026-09-06 01:43:12,130,25.50000,67.60000,29.62042,3.00446,68.00000,15.00000,2315.00000,2,Sedang
2026-09-05T18:43:32Z,2026-09-06 01:43:32,131,25.40000,67.70000,29.31304,3.00446,68.00000,15.00000,2314.00000,2,Sedang
2026-09-05T18:43:52Z,2026-09-06 01:43:52,132,25.50000,67.70000,29.29082,3.00446,68.00000,15.00000,2309.00000,2,Sedang
2026-09-05T18:44:12Z,2026-09-06 01:44:12,133,25.50000,67.80000,28.95941,3.00446,67.00000,15.00000,2316.00000,2,Sedang
2026-09-05T18:44:32Z,2026-09-06 01:44:32,134,25.50000,67.80000,28.95941,3.00446,67.00000,15.00000,2317.00000,2,Sedang
2026-09-05T18:44:52Z,2026-09-06 01:44:52,135,25.50000,67.80000,44.33333,3.00446,86.00000,15.00000,2301.00000,2,Sedang
2026-09-05T18:45:12Z,2026-09-06 01:45:12,136,25.50000,67.90000,29.29275,3.00446,68.00000,15.00000,2302.00000,2,Sedang
2026-09-05T18:45:32Z,2026-09-06 01:45:32,137,25.50000,67.90000,30.77778,3.00446,70.00000,15.00000,2305.00000,2,Sedang
2026-09-05T18:45:52Z,2026-09-06 01:45:52,138,25.50000,67.90000,29.29275,3.00446,68.00000,15.00000,2304.00000,2,Sedang
2026-09-05T18:46:12Z,2026-09-06 01:46:12,139,25.50000,68.00000,29.29275,3.00446,68.00000,15.00000,2299.00000,2,Sedang
2026-09-05T18:46:32Z,2026-09-06 01:46:32,140,25.50000,68.00000,30.00000,3.00446,69.00000,15.00000,2295.00000,2,Sedang
2026-09-05T18:46:52Z,2026-09-06 01:46:52,141,25.50000,68.00000,29.29275,3.00446,68.00000,15.00000,2303.00000,2,Sedang
2026-09-05T18:47:12Z,2026-09-06 01:47:12,142,25.50000,68.00000,38.01905,3.00446,79.00000,15.00000,2294.00000,2,Sedang
2026-09-05T18:47:32Z,2026-09-06 01:47:32,143,25.50000,68.10000,28.95941,2.99390,67.00000,15.00000,2297.00000,2,Sedang
2026-09-05T18:47:52Z,2026-09-06 01:47:52,144,25.60000,68.10000,30.11111,3.00446,69.00000,15.00000,2290.00000,2,Sedang
2026-09-05T18:48:12Z,2026-09-06 01:48:12,145,25.50000,68.10000,40.00000,3.00446,81.00000,15.00000,2287.00000,2,Sedang
2026-09-05T18:48:32Z,2026-09-06 01:48:32,146,25.50000,68.20000,30.11111,3.00446,69.00000,15.00000,2295.00000,2,Sedang
2026-09-05T18:48:52Z,2026-09-06 01:48:52,147,25.50000,68.30000,30.11111,3.00446,69.00000,15.00000,2288.00000,2,Sedang
2026-09-05T18:49:12Z,2026-09-06 01:49:12,148,25.50000,68.30000,29.87222,3.00446,69.00000,15.00000,2285.00000,2,Sedang
2026-09-05T18:49:32Z,2026-09-06 01:49:32,149,25.50000,68.40000,39.66667,3.00446,81.00000,15.00000,2286.00000,2,Sedang
2026-09-05T18:49:52Z,2026-09-06 01:49:52,150,25.50000,68.50000,30.66667,3.00446,70.00000,15.00000,2283.00000,2,Sedang
2026-09-05T18:50:12Z,2026-09-06 01:50:12,151,25.50000,68.40000,28.61111,3.02553,67.00000,15.00000,2283.00000,2,Sedang
2026-09-05T18:50:32Z,2026-09-06 01:50:32,152,25.50000,68.60000,29.87222,3.00446,69.00000,15.00000,2288.00000,2,Sedang
2026-09-05T18:50:52Z,2026-09-06 01:50:52,153,25.50000,68.50000,31.08333,3.02553,70.00000,15.00000,2284.00000,2,Sedang
2026-09-05T18:51:12Z,2026-09-06 01:51:12,154,25.50000,68.60000,31.08333,3.15278,70.00000,15.00000,2299.00000,2,Sedang
2026-09-05T18:51:32Z,2026-09-06 01:51:32,155,25.50000,68.70000,22.64141,3.09814,60.00000,15.00000,2279.00000,2,Sedang
2026-09-05T18:51:52Z,2026-09-06 01:51:52,156,25.50000,68.70000,28.63333,3.03749,67.00000,15.00000,2288.00000,2,Sedang
2026-09-05T18:52:12Z,2026-09-06 01:52:12,157,25.50000,68.80000,31.08333,3.09470,70.00000,15.00000,2287.00000,2,Sedang
2026-09-05T18:52:32Z,2026-09-06 01:52:32,158,25.50000,68.80000,30.11111,3.03749,69.00000,15.00000,2278.00000,2,Sedang
2026-09-05T18:52:52Z,2026-09-06 01:52:52,159,25.50000,68.70000,28.61111,3.03749,67.00000,15.00000,2335.00000,2,Sedang
2026-09-05T18:53:12Z,2026-09-06 01:53:12,160,25.50000,68.70000,22.97475,3.06219,60.00000,15.00000,2275.00000,2,Sedang
2026-09-05T18:53:32Z,2026-09-06 01:53:32,161,25.50000,68.80000,24.94444,3.26546,63.00000,15.00000,2281.00000,2,Sedang
2026-09-05T18:53:52Z,2026-09-06 01:53:52,162,25.50000,68.80000,28.61111,3.21003,67.00000,15.00000,2270.00000,2,Sedang
2026-09-05T18:54:12Z,2026-09-06 01:54:12,163,25.60000,68.80000,30.65000,3.24690,70.00000,15.00000,2269.00000,2,Sedang
2026-09-05T18:54:32Z,2026-09-06 01:54:32,164,25.50000,68.70000,28.61111,3.20834,67.00000,15.00000,2265.00000,2,Sedang
2026-09-05T18:54:52Z,2026-09-06 01:54:52,165,25.50000,68.90000,29.87222,3.27103,69.00000,15.00000,2268.00000,2,Sedang
2026-09-05T18:55:12Z,2026-09-06 01:55:12,166,25.60000,69.80000,22.30808,3.12478,59.00000,15.00000,2259.00000,2,Sedang
2026-09-05T18:55:32Z,2026-09-06 01:55:32,167,25.80000,69.90000,19.66900,2.93305,56.00000,15.00000,2288.00000,2,Sedang
2026-09-05T18:55:52Z,2026-09-06 01:55:52,168,26.10000,71.10000,10.17505,2.91370,33.00000,13.00000,2326.00000,1,Baik
2026-09-05T18:56:12Z,2026-09-06 01:56:12,169,26.20000,68.20000,19.66900,2.89992,56.00000,15.00000,2315.00000,2,Sedang
2026-09-05T18:56:32Z,2026-09-06 01:56:32,170,26.20000,66.80000,11.33243,2.80050,37.00000,13.00000,2300.00000,1,Baik
2026-09-05T18:56:52Z,2026-09-06 01:56:52,171,26.10000,66.30000,10.17505,2.64977,33.00000,13.00000,2286.00000,1,Baik
2026-09-05T18:57:12Z,2026-09-06 01:57:12,172,26.00000,65.80000,10.17505,2.64977,33.00000,13.00000,2266.00000,1,Baik
2026-09-05T18:57:32Z,2026-09-06 01:57:32,173,25.90000,65.60000,10.17505,2.64840,33.00000,13.00000,2260.00000,1,Baik
2026-09-05T18:57:52Z,2026-09-06 01:57:52,174,25.80000,65.10000,19.66900,2.62725,56.00000,15.00000,2256.00000,2,Sedang
2026-09-05T18:58:12Z,2026-09-06 01:58:12,175,25.80000,64.90000,10.17505,2.60400,33.00000,13.00000,2237.00000,1,Baik
2026-09-05T18:58:32Z,2026-09-06 01:58:32,176,25.70000,64.50000,20.00233,2.60400,56.00000,15.00000,2227.00000,2,Sedang
2026-09-05T18:58:52Z,2026-09-06 01:58:52,177,25.60000,64.10000,18.51912,2.60400,55.00000,15.00000,2219.00000,2,Sedang
2026-09-05T18:59:12Z,2026-09-06 01:59:12,178,25.50000,63.70000,20.00233,2.57895,56.00000,15.00000,2209.00000,2,Sedang
2026-09-05T18:59:32Z,2026-09-06 01:59:32,179,25.40000,63.30000,20.46168,2.61392,57.00000,15.00000,2205.00000,2,Sedang
2026-09-05T18:59:52Z,2026-09-06 01:59:52,180,25.30000,62.80000,20.00233,2.68944,56.00000,15.00000,2208.00000,2,Sedang
2026-09-05T19:00:12Z,2026-09-06 02:00:12,181,25.30000,62.30000,18.15164,2.63515,54.00000,15.00000,2179.00000,2,Sedang
2026-09-05T19:00:32Z,2026-09-06 02:00:32,182,25.20000,62.00000,20.00233,2.63515,56.00000,15.00000,2179.00000,2,Sedang
2026-09-05T19:00:52Z,2026-09-06 02:00:52,183,25.10000,61.40000,20.00233,2.64992,56.00000,15.00000,2160.00000,2,Sedang
2026-09-05T19:01:12Z,2026-09-06 02:01:12,184,25.00000,60.80000,20.00233,2.35480,56.00000,15.00000,2148.00000,2,Sedang
2026-09-05T19:01:32Z,2026-09-06 02:01:32,185,24.90000,60.30000,22.05566,2.59852,59.00000,15.00000,2157.00000,2,Sedang
2026-09-05T19:01:52Z,2026-09-06 02:01:52,186,24.80000,59.80000,20.00233,2.58067,56.00000,15.00000,2145.00000,2,Sedang
2026-09-05T19:02:12Z,2026-09-06 02:02:12,187,24.80000,59.50000,20.00233,2.59837,56.00000,15.00000,2135.00000,2,Sedang
2026-09-05T19:02:32Z,2026-09-06 02:02:32,188,24.70000,59.20000,20.46168,2.58968,57.00000,15.00000,2119.00000,2,Sedang
2026-09-05T19:02:52Z,2026-09-06 02:02:52,189,24.60000,58.90000,19.66900,2.57134,56.00000,15.00000,2117.00000,2,Sedang
2026-09-05T19:03:12Z,2026-09-06 02:03:12,190,24.50000,58.50000,19.66900,2.57134,56.00000,15.00000,2109.00000,2,Sedang
2026-09-05T19:03:32Z,2026-09-06 02:03:32,191,24.50000,58.00000,20.00233,2.57134,56.00000,15.00000,2107.00000,2,Sedang
2026-09-05T19:03:52Z,2026-09-06 02:03:52,192,24.40000,57.70000,20.00233,2.56353,56.00000,15.00000,2087.00000,2,Sedang
2026-09-05T19:04:12Z,2026-09-06 02:04:12,193,24.30000,57.40000,20.46168,2.54028,57.00000,15.00000,2080.00000,2,Sedang
2026-09-05T19:04:32Z,2026-09-06 02:04:32,194,24.30000,57.00000,19.66900,2.44505,56.00000,15.00000,2081.00000,2,Sedang
2026-09-05T19:04:52Z,2026-09-06 02:04:52,195,24.20000,56.80000,11.41570,2.40654,37.00000,13.00000,2080.00000,1,Baik
2026-09-05T19:05:12Z,2026-09-06 02:05:12,196,24.10000,56.40000,18.87039,2.40692,55.00000,15.00000,2066.00000,2,Sedang
2026-09-05T19:05:32Z,2026-09-06 02:05:32,197,24.10000,56.10000,18.25189,2.40692,54.00000,15.00000,2053.00000,2,Sedang
2026-09-05T19:05:52Z,2026-09-06 02:05:52,198,24.00000,55.80000,10.80519,2.40692,35.00000,13.00000,2047.00000,1,Baik
2026-09-05T19:06:12Z,2026-09-06 02:06:12,199,24.00000,55.60000,19.07730,2.48754,55.00000,15.00000,2031.00000,2,Sedang
2026-09-05T19:06:32Z,2026-09-06 02:06:32,200,24.00000,55.30000,18.38644,2.40444,54.00000,15.00000,2021.00000,2,Sedang
2026-09-05T19:06:52Z,2026-09-06 02:06:52,201,23.90000,55.00000,20.00233,2.44430,56.00000,15.00000,2018.00000,2,Sedang
2026-09-05T19:07:12Z,2026-09-06 02:07:12,202,23.80000,54.80000,20.00233,2.44445,56.00000,15.00000,2018.00000,2,Sedang
2026-09-05T19:07:32Z,2026-09-06 02:07:32,203,23.80000,54.70000,20.00233,2.50549,56.00000,15.00000,2007.00000,2,Sedang
2026-09-05T19:07:52Z,2026-09-06 02:07:52,204,23.80000,54.50000,20.00233,2.53930,56.00000,15.00000,2013.00000,2,Sedang
2026-09-05T19:08:12Z,2026-09-06 02:08:12,205,23.70000,54.20000,20.00233,2.43139,56.00000,15.00000,1999.00000,2,Sedang
2026-09-05T19:08:32Z,2026-09-06 02:08:32,206,23.70000,54.00000,23.41839,2.43139,61.00000,15.00000,2015.00000,2,Sedang
2026-09-05T19:08:52Z,2026-09-06 02:08:52,207,23.70000,53.80000,22.45774,2.55414,59.00000,15.00000,1991.00000,2,Sedang
2026-09-05T19:09:12Z,2026-09-06 02:09:12,208,23.60000,53.70000,27.53012,2.51449,66.00000,15.00000,1998.00000,2,Sedang
2026-09-05T19:09:32Z,2026-09-06 02:09:32,209,23.60000,53.50000,20.00233,2.55414,56.00000,15.00000,1975.00000,2,Sedang
2026-09-05T19:09:52Z,2026-09-06 02:09:52,210,23.60000,53.20000,20.00233,2.25963,56.00000,15.00000,1970.00000,2,Sedang
2026-09-05T19:10:12Z,2026-09-06 02:10:12,211,23.60000,53.10000,20.00233,2.25963,56.00000,15.00000,1970.00000,2,Sedang
2026-09-05T19:10:32Z,2026-09-06 02:10:32,212,23.50000,52.80000,22.12885,2.25963,59.00000,15.00000,1958.00000,2,Sedang
2026-09-05T19:10:52Z,2026-09-06 02:10:52,213,23.50000,52.40000,20.00233,2.33490,56.00000,15.00000,1954.00000,2,Sedang
2026-09-05T19:11:12Z,2026-09-06 02:11:12,214,23.50000,52.30000,22.79551,2.33490,60.00000,15.00000,1953.00000,2,Sedang
2026-09-05T19:11:32Z,2026-09-06 02:11:32,215,23.50000,51.90000,20.00233,2.26440,56.00000,15.00000,1943.00000,2,Sedang
2026-09-05T19:11:52Z,2026-09-06 02:11:52,216,23.40000,51.60000,29.81750,2.56939,69.00000,15.00000,1941.00000,2,Sedang
2026-09-05T19:12:12Z,2026-09-06 02:12:12,217,23.30000,51.40000,20.00233,2.53526,56.00000,15.00000,1936.00000,2,Sedang
2026-09-05T19:12:32Z,2026-09-06 02:12:32,218,23.30000,51.40000,27.57002,2.44664,66.00000,15.00000,1936.00000,2,Sedang
2026-09-05T19:12:52Z,2026-09-06 02:12:52,219,23.20000,51.30000,22.12441,2.44664,59.00000,15.00000,1935.00000,2,Sedang
2026-09-05T19:13:12Z,2026-09-06 02:13:12,220,23.20000,51.10000,20.00233,2.44664,56.00000,15.00000,1926.00000,2,Sedang
2026-09-05T19:13:32Z,2026-09-06 02:13:32,221,23.10000,51.20000,22.80768,2.44664,60.00000,15.00000,1932.00000,2,Sedang
2026-09-05T19:13:52Z,2026-09-06 02:13:52,222,23.10000,51.10000,28.94085,2.44664,67.00000,15.00000,1921.00000,2,Sedang
2026-09-05T19:14:12Z,2026-09-06 02:14:12,223,23.00000,51.00000,29.94085,2.59844,69.00000,15.00000,1938.00000,2,Sedang
2026-09-05T19:14:32Z,2026-09-06 02:14:32,224,23.00000,50.90000,39.64649,2.65362,81.00000,15.00000,1938.00000,2,Sedang
2026-09-05T19:14:52Z,2026-09-06 02:14:52,225,23.00000,50.90000,29.94085,2.84043,69.00000,15.00000,1948.00000,2,Sedang
2026-09-05T19:15:12Z,2026-09-06 02:15:12,226,23.00000,50.80000,29.99379,2.65362,69.00000,15.00000,1946.00000,2,Sedang
2026-09-05T19:15:32Z,2026-09-06 02:15:32,227,22.90000,50.80000,29.94085,2.82007,69.00000,15.00000,1942.00000,2,Sedang
2026-09-05T19:15:52Z,2026-09-06 02:15:52,228,22.90000,50.90000,30.27418,2.85413,69.00000,15.00000,1939.00000,2,Sedang
2026-09-05T19:16:12Z,2026-09-06 02:16:12,229,22.90000,50.70000,30.00661,2.87229,69.00000,15.00000,1935.00000,2,Sedang
2026-09-05T19:16:32Z,2026-09-06 02:16:32,230,22.90000,50.80000,29.94085,2.84043,69.00000,15.00000,1936.00000,2,Sedang
2026-09-05T19:16:52Z,2026-09-06 02:16:52,231,22.90000,50.70000,30.00661,2.97368,69.00000,15.00000,1939.00000,2,Sedang
2026-09-05T19:17:12Z,2026-09-06 02:17:12,232,22.80000,50.70000,30.00661,2.82007,69.00000,15.00000,1942.00000,2,Sedang
2026-09-05T19:17:32Z,2026-09-06 02:17:32,233,22.80000,50.70000,30.00661,2.89175,69.00000,15.00000,1939.00000,2,Sedang
2026-09-05T19:17:52Z,2026-09-06 02:17:52,234,22.80000,50.80000,29.99379,2.87052,69.00000,15.00000,1936.00000,2,Sedang
2026-09-05T19:18:12Z,2026-09-06 02:18:12,235,22.80000,50.80000,29.94085,2.89175,69.00000,15.00000,1930.00000,2,Sedang
2026-09-05T19:18:32Z,2026-09-06 02:18:32,236,22.80000,50.80000,37.75482,2.87052,78.00000,15.00000,1941.00000,2,Sedang
2026-09-05T19:18:52Z,2026-09-06 02:18:52,237,22.80000,50.70000,34.88124,2.88092,75.00000,15.00000,1940.00000,2,Sedang
2026-09-05T19:19:12Z,2026-09-06 02:19:12,238,22.80000,50.80000,22.64036,2.87052,60.00000,15.00000,1937.00000,2,Sedang
2026-09-05T19:19:32Z,2026-09-06 02:19:32,239,22.80000,50.80000,29.94085,2.87052,69.00000,15.00000,1946.00000,2,Sedang
2026-09-05T19:19:52Z,2026-09-06 02:19:52,240,22.80000,50.80000,38.20836,2.87052,79.00000,15.00000,1936.00000,2,Sedang
2026-09-05T19:20:12Z,2026-09-06 02:20:12,241,22.80000,50.90000,45.93579,2.87052,88.00000,15.00000,1935.00000,2,Sedang
2026-09-05T19:20:32Z,2026-09-06 02:20:32,242,22.80000,50.90000,29.94085,2.88092,69.00000,15.00000,1940.00000,2,Sedang
2026-09-05T19:20:52Z,2026-09-06 02:20:52,243,22.80000,51.00000,36.56701,2.87052,77.00000,15.00000,1939.00000,2,Sedang
2026-09-05T19:21:12Z,2026-09-06 02:21:12,244,22.80000,51.10000,44.45972,2.87052,87.00000,15.00000,1935.00000,2,Sedang
2026-09-05T19:21:32Z,2026-09-06 02:21:32,245,22.90000,51.20000,29.87044,2.87052,69.00000,15.00000,1936.00000,2,Sedang
2026-09-05T19:21:52Z,2026-09-06 02:21:52,246,22.90000,51.30000,29.81750,2.89383,69.00000,15.00000,1941.00000,2,Sedang
2026-09-05T19:22:12Z,2026-09-06 02:22:12,247,22.90000,51.30000,36.56701,2.88343,77.00000,15.00000,1936.00000,2,Sedang
2026-09-05T19:22:32Z,2026-09-06 02:22:32,248,22.90000,51.40000,29.18113,2.90466,68.00000,15.00000,1934.00000,2,Sedang
2026-09-05T19:22:52Z,2026-09-06 02:22:52,249,22.90000,51.60000,28.18113,2.83298,66.00000,15.00000,1923.00000,2,Sedang
2026-09-05T19:23:12Z,2026-09-06 02:23:12,250,22.90000,51.70000,22.05566,2.88876,59.00000,15.00000,1933.00000,2,Sedang
2026-09-05T19:23:32Z,2026-09-06 02:23:32,251,22.90000,51.80000,29.81750,2.88343,69.00000,15.00000,1934.00000,2,Sedang
2026-09-05T19:23:52Z,2026-09-06 02:23:52,252,22.90000,51.90000,29.87044,2.89383,69.00000,15.00000,1933.00000,2,Sedang
2026-09-05T19:24:12Z,2026-09-06 02:24:12,253,22.90000,52.00000,39.91793,2.90518,81.00000,15.00000,1933.00000,2,Sedang
2026-09-05T19:24:32Z,2026-09-06 02:24:32,254,22.90000,52.20000,39.13225,2.91892,80.00000,15.00000,1936.00000,2,Sedang
2026-09-05T19:24:52Z,2026-09-06 02:24:52,255,23.00000,52.30000,29.44426,2.96327,68.00000,15.00000,1943.00000,2,Sedang
2026-09-05T19:25:12Z,2026-09-06 02:25:12,256,23.00000,52.40000,29.51942,2.93567,68.00000,15.00000,1939.00000,2,Sedang
2026-09-05T19:25:32Z,2026-09-06 02:25:32,257,23.00000,52.70000,29.85276,2.93567,69.00000,15.00000,1942.00000,2,Sedang
2026-09-05T19:25:52Z,2026-09-06 02:25:52,258,23.00000,52.70000,29.77759,2.93567,68.00000,15.00000,1938.00000,2,Sedang
2026-09-05T19:26:12Z,2026-09-06 02:26:12,259,23.00000,52.80000,29.77759,2.91892,68.00000,15.00000,1947.00000,2,Sedang
2026-09-05T19:26:32Z,2026-09-06 02:26:32,260,23.10000,53.00000,29.77759,2.93390,68.00000,15.00000,1947.00000,2,Sedang
2026-09-05T19:26:52Z,2026-09-06 02:26:52,261,23.10000,53.10000,30.99318,2.93346,70.00000,15.00000,1941.00000,2,Sedang
2026-09-05T19:27:12Z,2026-09-06 02:27:12,262,23.10000,53.10000,29.85276,2.93390,69.00000,15.00000,1949.00000,2,Sedang
2026-09-05T19:27:32Z,2026-09-06 02:27:32,263,23.20000,53.20000,29.77759,2.93346,68.00000,15.00000,1957.00000,2,Sedang
2026-09-05T19:27:52Z,2026-09-06 02:27:52,264,23.10000,53.30000,29.77759,2.93346,68.00000,15.00000,1955.00000,2,Sedang
2026-09-05T19:28:12Z,2026-09-06 02:28:12,265,23.20000,53.40000,39.64649,2.96327,81.00000,15.00000,1954.00000,2,Sedang
2026-09-05T19:28:32Z,2026-09-06 02:28:32,266,23.20000,53.50000,36.56701,2.93390,77.00000,15.00000,1951.00000,2,Sedang
2026-09-05T19:28:52Z,2026-09-06 02:28:52,267,23.20000,53.50000,39.31316,2.93346,80.00000,15.00000,1946.00000,2,Sedang
2026-09-05T19:29:12Z,2026-09-06 02:29:12,268,23.20000,53.60000,44.45972,2.96913,87.00000,15.00000,1951.00000,2,Sedang
2026-09-05T19:29:32Z,2026-09-06 02:29:32,269,23.30000,53.70000,36.56701,2.93346,77.00000,15.00000,1950.00000,2,Sedang
2026-09-05T19:29:52Z,2026-09-06 02:29:52,270,23.30000,53.70000,39.64649,3.02736,81.00000,15.00000,1954.00000,2,Sedang
2026-09-05T19:30:12Z,2026-09-06 02:30:12,271,23.30000,53.80000,29.77759,2.96913,68.00000,15.00000,1949.00000,2,Sedang
2026-09-05T19:30:32Z,2026-09-06 02:30:32,272,23.30000,53.90000,45.25928,3.02526,88.00000,15.00000,1949.00000,2,Sedang
2026-09-05T19:30:52Z,2026-09-06 02:30:52,273,23.30000,53.80000,30.99318,2.90573,70.00000,15.00000,1952.00000,2,Sedang
2026-09-05T19:31:12Z,2026-09-06 02:31:12,274,23.30000,53.90000,39.64649,2.90573,81.00000,15.00000,1953.00000,2,Sedang
2026-09-05T19:31:32Z,2026-09-06 02:31:32,275,23.40000,54.10000,41.18696,2.90573,83.00000,15.00000,1963.00000,2,Sedang
2026-09-05T19:31:52Z,2026-09-06 02:31:52,276,23.30000,54.10000,33.93555,3.02526,74.00000,15.00000,1962.00000,2,Sedang
2026-09-05T19:32:12Z,2026-09-06 02:32:12,277,23.40000,54.20000,44.35484,3.02526,86.00000,15.00000,1957.00000,2,Sedang
2026-09-05T19:32:32Z,2026-09-06 02:32:32,278,23.40000,54.30000,44.45972,3.02526,87.00000,15.00000,1958.00000,2,Sedang
2026-09-05T19:32:52Z,2026-09-06 02:32:52,279,23.40000,54.30000,39.13225,3.02526,80.00000,15.00000,1959.00000,2,Sedang
2026-09-05T19:33:12Z,2026-09-06 02:33:12,280,23.40000,54.40000,48.63384,3.03182,92.00000,15.00000,1961.00000,2,Sedang
2026-09-05T19:33:32Z,2026-09-06 02:33:32,281,23.40000,54.40000,30.99318,3.02526,70.00000,15.00000,1958.00000,2,Sedang
2026-09-05T19:33:52Z,2026-09-06 02:33:52,282,23.40000,54.50000,36.56701,3.06293,77.00000,15.00000,1967.00000,2,Sedang
2026-09-05T19:34:12Z,2026-09-06 02:34:12,283,23.40000,54.40000,31.75697,3.05134,71.00000,15.00000,1965.00000,2,Sedang
2026-09-05T19:34:32Z,2026-09-06 02:34:32,284,23.40000,54.50000,36.56701,3.02526,77.00000,15.00000,1963.00000,2,Sedang
2026-09-05T19:34:52Z,2026-09-06 02:34:52,285,23.40000,54.50000,29.77759,2.96913,68.00000,15.00000,1959.00000,2,Sedang
2026-09-05T19:35:12Z,2026-09-06 02:35:12,286,23.40000,54.60000,29.77759,3.02526,68.00000,15.00000,1963.00000,2,Sedang
2026-09-05T19:35:32Z,2026-09-06 02:35:32,287,23.40000,54.60000,29.85276,3.05134,69.00000,15.00000,1961.00000,2,Sedang
2026-09-05T19:35:52Z,2026-09-06 02:35:52,288,23.40000,54.60000,39.13225,3.05134,80.00000,15.00000,1963.00000,2,Sedang
2026-09-05T19:36:12Z,2026-09-06 02:36:12,289,23.40000,54.60000,29.77759,3.03823,68.00000,15.00000,1967.00000,2,Sedang
2026-09-05T19:36:32Z,2026-09-06 02:36:32,290,23.40000,54.60000,30.34787,3.03823,69.00000,15.00000,1965.00000,2,Sedang
2026-09-05T19:36:52Z,2026-09-06 02:36:52,291,23.40000,54.70000,29.77759,3.03182,68.00000,15.00000,1957.00000,2,Sedang
2026-09-05T19:37:12Z,2026-09-06 02:37:12,292,23.40000,54.80000,29.85276,3.09544,69.00000,15.00000,1959.00000,2,Sedang
2026-09-05T19:37:32Z,2026-09-06 02:37:32,293,23.40000,54.80000,34.88124,3.03823,75.00000,15.00000,1958.00000,2,Sedang
2026-09-05T19:37:52Z,2026-09-06 02:37:52,294,23.40000,54.80000,30.34787,3.06293,69.00000,15.00000,1958.00000,2,Sedang
2026-09-05T19:38:12Z,2026-09-06 02:38:12,295,23.40000,54.80000,29.77759,3.03823,68.00000,15.00000,1957.00000,2,Sedang
2026-09-05T19:38:32Z,2026-09-06 02:38:32,296,23.40000,54.80000,38.20836,3.03823,79.00000,15.00000,1968.00000,2,Sedang
2026-09-05T19:38:52Z,2026-09-06 02:38:52,297,23.40000,54.80000,29.85276,3.03823,69.00000,15.00000,1961.00000,2,Sedang
2026-09-05T19:39:12Z,2026-09-06 02:39:12,298,23.40000,54.90000,33.93555,3.03823,74.00000,15.00000,1962.00000,2,Sedang
2026-09-05T19:39:32Z,2026-09-06 02:39:32,299,23.40000,54.90000,29.77759,3.13491,68.00000,15.00000,1961.00000,2,Sedang
2026-09-05T19:39:52Z,2026-09-06 02:39:52,300,23.40000,54.90000,29.77759,3.11596,68.00000,15.00000,1962.00000,2,Sedang
2026-09-05T19:40:12Z,2026-09-06 02:40:12,301,23.40000,54.90000,39.64649,3.13369,81.00000,15.00000,1959.00000,2,Sedang
2026-09-05T19:40:32Z,2026-09-06 02:40:32,302,23.40000,54.90000,48.97913,3.13369,92.00000,15.00000,1957.00000,2,Sedang
2026-09-05T19:40:52Z,2026-09-06 02:40:52,303,23.40000,54.90000,39.64649,3.16169,81.00000,15.00000,1964.00000,2,Sedang
2026-09-05T19:41:12Z,2026-09-06 02:41:12,304,23.40000,55.00000,44.35484,3.16169,86.00000,15.00000,1962.00000,2,Sedang
2026-09-05T19:41:32Z,2026-09-06 02:41:32,305,23.40000,55.00000,34.88124,3.14939,75.00000,15.00000,1957.00000,2,Sedang
2026-09-05T19:41:52Z,2026-09-06 02:41:52,306,23.40000,55.00000,29.85276,3.03823,69.00000,15.00000,1957.00000,2,Sedang
2026-09-05T19:42:12Z,2026-09-06 02:42:12,307,23.40000,55.10000,39.64649,3.13369,81.00000,15.00000,1955.00000,2,Sedang
2026-09-05T19:42:32Z,2026-09-06 02:42:32,308,23.30000,55.10000,39.64649,3.03823,81.00000,15.00000,1954.00000,2,Sedang
2026-09-05T19:42:52Z,2026-09-06 02:42:52,309,23.40000,55.10000,39.64649,3.03823,81.00000,15.00000,1951.00000,2,Sedang
2026-09-05T19:43:12Z,2026-09-06 02:43:12,310,23.40000,55.10000,39.64649,3.13369,81.00000,15.00000,1952.00000,2,Sedang
2026-09-05T19:43:32Z,2026-09-06 02:43:32,311,23.40000,55.10000,39.64649,3.03823,81.00000,15.00000,1958.00000,2,Sedang
2026-09-05T19:43:52Z,2026-09-06 02:43:52,312,23.40000,55.10000,44.41806,3.13369,86.00000,15.00000,1961.00000,2,Sedang
2026-09-05T19:44:12Z,2026-09-06 02:44:12,313,23.30000,55.20000,39.31316,3.17961,80.00000,15.00000,1961.00000,2,Sedang
2026-09-05T19:44:32Z,2026-09-06 02:44:32,314,23.30000,55.20000,30.99318,3.17961,70.00000,15.00000,1963.00000,2,Sedang
2026-09-05T19:44:52Z,2026-09-06 02:44:52,315,23.30000,55.30000,29.77759,3.17961,68.00000,15.00000,1953.00000,2,Sedang
2026-09-05T19:45:12Z,2026-09-06 02:45:12,316,23.30000,55.30000,29.77759,3.11596,68.00000,15.00000,1958.00000,2,Sedang
2026-09-05T19:45:32Z,2026-09-06 02:45:32,317,23.30000,55.30000,29.77759,3.16169,68.00000,15.00000,1955.00000,2,Sedang
2026-09-05T19:45:52Z,2026-09-06 02:45:52,318,23.30000,55.30000,29.77759,3.11596,68.00000,15.00000,1953.00000,2,Sedang
2026-09-05T19:46:12Z,2026-09-06 02:46:12,319,23.30000,55.30000,30.99318,3.13369,70.00000,15.00000,1950.00000,2,Sedang
2026-09-05T19:46:32Z,2026-09-06 02:46:32,320,23.30000,55.30000,30.99318,3.17961,70.00000,15.00000,1958.00000,2,Sedang
2026-09-05T19:46:52Z,2026-09-06 02:46:52,321,23.40000,55.20000,29.77759,3.16169,68.00000,15.00000,1954.00000,2,Sedang
2026-09-05T19:47:12Z,2026-09-06 02:47:12,322,23.30000,55.20000,29.77759,3.16169,68.00000,15.00000,1949.00000,2,Sedang
2026-09-05T19:47:32Z,2026-09-06 02:47:32,323,23.40000,55.20000,36.56701,3.17961,77.00000,15.00000,1953.00000,2,Sedang
2026-09-05T19:47:52Z,2026-09-06 02:47:52,324,23.30000,55.30000,39.64649,3.17961,81.00000,15.00000,1955.00000,2,Sedang
2026-09-05T19:48:12Z,2026-09-06 02:48:12,325,23.30000,55.30000,29.77759,3.17961,68.00000,15.00000,1951.00000,2,Sedang
2026-09-05T19:48:32Z,2026-09-06 02:48:32,326,23.30000,55.30000,34.88124,3.16169,75.00000,15.00000,1952.00000,2,Sedang
2026-09-05T19:48:52Z,2026-09-06 02:48:52,327,23.30000,55.30000,36.56701,3.16169,77.00000,15.00000,1951.00000,2,Sedang
2026-09-05T19:49:12Z,2026-09-06 02:49:12,328,23.30000,55.30000,33.93555,3.17961,74.00000,15.00000,1950.00000,2,Sedang
2026-09-05T19:49:32Z,2026-09-06 02:49:32,329,23.30000,55.40000,31.03383,3.17210,70.00000,15.00000,1951.00000,2,Sedang
2026-09-05T19:49:52Z,2026-09-06 02:49:52,330,23.30000,55.30000,36.56701,3.17961,77.00000,15.00000,1951.00000,2,Sedang
2026-09-05T19:50:12Z,2026-09-06 02:50:12,331,23.30000,55.30000,29.85276,3.17961,69.00000,15.00000,1954.00000,2,Sedang
2026-09-05T19:50:32Z,2026-09-06 02:50:32,332,23.30000,55.30000,29.77759,3.22965,68.00000,15.00000,1954.00000,2,Sedang
2026-09-05T19:50:52Z,2026-09-06 02:50:52,333,23.30000,55.30000,31.03383,3.22965,70.00000,15.00000,1961.00000,2,Sedang
2026-09-05T19:51:12Z,2026-09-06 02:51:12,334,23.30000,55.30000,39.94173,3.22965,81.00000,15.00000,1949.00000,2,Sedang
2026-09-05T19:51:32Z,2026-09-06 02:51:32,335,23.30000,55.30000,44.35484,3.17961,86.00000,15.00000,1946.00000,2,Sedang
2026-09-05T19:51:52Z,2026-09-06 02:51:52,336,23.30000,55.40000,49.64769,3.22214,93.00000,15.00000,1947.00000,2,Sedang
2026-09-05T19:52:12Z,2026-09-06 02:52:12,337,23.30000,55.40000,39.64649,3.22214,81.00000,15.00000,1948.00000,2,Sedang
2026-09-05T19:52:32Z,2026-09-06 02:52:32,338,23.30000,55.30000,36.56701,3.17961,77.00000,15.00000,1943.00000,2,Sedang
2026-09-05T19:52:52Z,2026-09-06 02:52:52,339,23.30000,55.30000,36.56701,3.22965,77.00000,15.00000,1947.00000,2,Sedang
2026-09-05T19:53:12Z,2026-09-06 02:53:12,340,23.30000,55.40000,39.72200,3.22214,81.00000,15.00000,1950.00000,2,Sedang
2026-09-05T19:53:32Z,2026-09-06 02:53:32,341,23.30000,55.40000,29.85276,3.22214,69.00000,15.00000,1947.00000,2,Sedang
2026-09-05T19:53:52Z,2026-09-06 02:53:52,342,23.30000,55.40000,49.64769,3.17210,93.00000,15.00000,1952.00000,2,Sedang
2026-09-05T19:54:12Z,2026-09-06 02:54:12,343,23.30000,55.40000,39.91793,3.22214,81.00000,15.00000,1946.00000,2,Sedang
2026-09-05T19:54:32Z,2026-09-06 02:54:32,344,23.30000,55.40000,49.64769,3.22214,93.00000,15.00000,1946.00000,2,Sedang
2026-09-05T19:54:52Z,2026-09-06 02:54:52,345,23.30000,55.40000,39.64649,3.22214,81.00000,15.00000,1943.00000,2,Sedang
2026-09-05T19:55:12Z,2026-09-06 02:55:12,346,23.30000,55.40000,48.29812,3.17210,91.00000,15.00000,1938.00000,2,Sedang
2026-09-05T19:55:32Z,2026-09-06 02:55:32,347,23.30000,55.40000,39.64649,3.22214,81.00000,15.00000,1947.00000,2,Sedang
2026-09-05T19:55:52Z,2026-09-06 02:55:52,348,23.30000,55.40000,20.46168,3.22214,57.00000,15.00000,1941.00000,2,Sedang
2026-09-05T19:56:12Z,2026-09-06 02:56:12,349,23.30000,55.30000,50.21922,3.22965,94.00000,15.00000,1941.00000,2,Sedang
2026-09-05T19:56:32Z,2026-09-06 02:56:32,350,23.30000,55.40000,48.29812,3.29986,91.00000,15.00000,1943.00000,2,Sedang
2026-09-05T19:56:52Z,2026-09-06 02:56:52,351,23.30000,55.40000,36.56701,3.22214,77.00000,15.00000,1942.00000,2,Sedang
2026-09-05T19:57:12Z,2026-09-06 02:57:12,352,23.30000,55.40000,49.64769,3.22214,93.00000,15.00000,1936.00000,2,Sedang
2026-09-05T19:57:32Z,2026-09-06 02:57:32,353,23.30000,55.40000,45.59072,3.23039,88.00000,15.00000,1941.00000,2,Sedang
2026-09-05T19:57:52Z,2026-09-06 02:57:52,354,23.30000,55.40000,39.64649,3.17210,81.00000,15.00000,1937.00000,2,Sedang
2026-09-05T19:58:12Z,2026-09-06 02:58:12,355,23.30000,55.40000,39.64649,3.34775,81.00000,15.00000,1937.00000,2,Sedang
2026-09-05T19:58:32Z,2026-09-06 02:58:32,356,23.30000,55.50000,39.64649,3.22214,81.00000,15.00000,1939.00000,2,Sedang
2026-09-05T19:58:52Z,2026-09-06 02:58:52,357,23.30000,55.50000,39.64649,3.34775,81.00000,15.00000,1942.00000,2,Sedang
2026-09-05T19:59:12Z,2026-09-06 02:59:12,358,23.30000,55.50000,39.64649,3.22214,81.00000,15.00000,1941.00000,2,Sedang
2026-09-05T19:59:32Z,2026-09-06 02:59:32,359,23.30000,55.50000,50.21922,3.23039,94.00000,15.00000,1936.00000,2,Sedang
2026-09-05T19:59:52Z,2026-09-06 02:59:52,360,23.30000,55.50000,31.03383,3.34775,70.00000,15.00000,1941.00000,2,Sedang
2026-09-05T20:00:12Z,2026-09-06 03:00:12,361,23.30000,55.50000,34.88124,3.25590,75.00000,15.00000,1943.00000,2,Sedang
2026-09-05T20:00:32Z,2026-09-06 03:00:32,362,23.30000,55.50000,36.56701,3.25590,77.00000,15.00000,1936.00000,2,Sedang
2026-09-05T20:00:52Z,2026-09-06 03:00:52,363,23.30000,55.50000,33.93555,3.22214,74.00000,15.00000,1942.00000,2,Sedang
2026-09-05T20:01:12Z,2026-09-06 03:01:12,364,23.30000,55.50000,30.99318,3.22214,70.00000,15.00000,1946.00000,2,Sedang
2026-09-05T20:01:32Z,2026-09-06 03:01:32,365,23.30000,55.50000,49.64769,3.22214,93.00000,15.00000,1950.00000,2,Sedang
2026-09-05T20:01:52Z,2026-09-06 03:01:52,366,23.30000,55.50000,31.75697,3.34775,71.00000,15.00000,1945.00000,2,Sedang
2026-09-05T20:02:12Z,2026-09-06 03:02:12,367,23.30000,55.40000,38.20836,3.26070,79.00000,15.00000,1945.00000,2,Sedang
2026-09-05T20:02:32Z,2026-09-06 03:02:32,368,23.30000,55.50000,29.77759,3.26070,68.00000,15.00000,1941.00000,2,Sedang
2026-09-05T20:02:52Z,2026-09-06 03:02:52,369,23.30000,55.50000,29.77759,3.23039,68.00000,15.00000,1943.00000,2,Sedang
2026-09-05T20:03:12Z,2026-09-06 03:03:12,370,23.30000,55.60000,39.31316,3.25590,80.00000,15.00000,1943.00000,2,Sedang
2026-09-05T20:03:32Z,2026-09-06 03:03:32,371,23.30000,55.50000,39.13225,3.34775,80.00000,15.00000,1945.00000,2,Sedang
2026-09-05T20:03:52Z,2026-09-06 03:03:52,372,23.30000,55.50000,29.77759,3.34775,68.00000,15.00000,1950.00000,2,Sedang
2026-09-05T20:04:12Z,2026-09-06 03:04:12,373,23.30000,55.50000,36.56701,3.34775,77.00000,15.00000,1941.00000,2,Sedang
2026-09-05T20:04:32Z,2026-09-06 03:04:32,374,23.30000,55.60000,30.99318,3.26070,70.00000,15.00000,1937.00000,2,Sedang
2026-09-05T20:05:12Z,2026-09-06 03:05:12,375,23.20000,55.50000,40.10380,3.25590,81.00000,15.00000,1936.00000,2,Sedang
2026-09-05T20:05:32Z,2026-09-06 03:05:32,376,23.30000,55.60000,48.97913,3.26070,92.00000,15.00000,1936.00000,2,Sedang
2026-09-05T20:05:52Z,2026-09-06 03:05:52,377,23.20000,55.60000,36.56701,3.22214,77.00000,15.00000,1936.00000,2,Sedang
2026-09-05T20:06:12Z,2026-09-06 03:06:12,378,23.20000,55.60000,48.29812,3.22382,91.00000,15.00000,1936.00000,2,Sedang
2026-09-05T20:06:32Z,2026-09-06 03:06:32,379,23.30000,55.50000,49.64769,3.26070,93.00000,15.00000,1936.00000,2,Sedang
2026-09-05T20:06:52Z,2026-09-06 03:06:52,380,23.20000,55.60000,39.31316,3.34775,80.00000,15.00000,1938.00000,2,Sedang
2026-09-05T20:07:12Z,2026-09-06 03:07:12,381,23.30000,55.60000,39.64649,3.26070,81.00000,15.00000,1932.00000,2,Sedang
2026-09-05T20:07:32Z,2026-09-06 03:07:32,382,23.30000,55.50000,48.29812,3.25590,91.00000,15.00000,1933.00000,2,Sedang
2026-09-05T20:07:52Z,2026-09-06 03:07:52,383,23.30000,55.50000,39.91793,3.22214,81.00000,15.00000,1935.00000,2,Sedang
2026-09-05T20:08:12Z,2026-09-06 03:08:12,384,23.30000,55.50000,30.99318,3.22382,70.00000,15.00000,1941.00000,2,Sedang
2026-09-05T20:08:32Z,2026-09-06 03:08:32,385,23.30000,55.50000,34.88124,3.34775,75.00000,15.00000,1934.00000,2,Sedang
2026-09-05T20:08:52Z,2026-09-06 03:08:52,386,23.30000,55.50000,29.85276,3.26070,69.00000,15.00000,1930.00000,2,Sedang
2026-09-05T20:09:12Z,2026-09-06 03:09:12,387,23.30000,55.60000,39.64649,3.34775,81.00000,15.00000,1937.00000,2,Sedang
2026-09-05T20:09:32Z,2026-09-06 03:09:32,388,23.30000,55.50000,34.88124,3.22382,75.00000,15.00000,1931.00000,2,Sedang
2026-09-05T20:09:52Z,2026-09-06 03:09:52,389,23.30000,55.50000,39.31316,3.22382,80.00000,15.00000,1934.00000,2,Sedang
2026-09-05T20:10:12Z,2026-09-06 03:10:12,390,23.30000,55.50000,49.64769,3.26829,93.00000,15.00000,1922.00000,2,Sedang
2026-09-05T20:10:32Z,2026-09-06 03:10:32,391,23.30000,55.50000,39.64649,3.22214,81.00000,15.00000,1936.00000,2,Sedang
2026-09-05T20:10:52Z,2026-09-06 03:10:52,392,23.30000,55.50000,44.45972,3.22382,87.00000,15.00000,1936.00000,2,Sedang
2026-09-05T20:11:12Z,2026-09-06 03:11:12,393,23.30000,55.40000,39.31316,3.22382,80.00000,15.00000,1935.00000,2,Sedang
2026-09-05T20:11:32Z,2026-09-06 03:11:32,394,23.30000,55.50000,48.29812,3.26070,91.00000,15.00000,1926.00000,2,Sedang
2026-09-05T20:11:52Z,2026-09-06 03:11:52,395,23.30000,55.50000,36.56701,3.25590,77.00000,15.00000,1933.00000,2,Sedang
2026-09-05T20:12:12Z,2026-09-06 03:12:12,396,23.30000,55.40000,37.75482,3.17210,78.00000,15.00000,1919.00000,2,Sedang
2026-09-05T20:12:32Z,2026-09-06 03:12:32,397,23.30000,55.40000,44.41806,3.34775,86.00000,15.00000,1925.00000,2,Sedang
2026-09-05T20:12:52Z,2026-09-06 03:12:52,398,23.30000,55.50000,39.91793,3.25590,81.00000,15.00000,1921.00000,2,Sedang
2026-09-05T20:13:12Z,2026-09-06 03:13:12,399,23.30000,55.50000,39.64649,3.26070,81.00000,15.00000,1921.00000,2,Sedang
2026-09-05T20:13:32Z,2026-09-06 03:13:32,400,23.30000,55.50000,38.20836,3.23039,79.00000,15.00000,1919.00000,2,Sedang
2026-09-05T20:13:52Z,2026-09-06 03:13:52,401,23.30000,55.40000,44.45972,3.34775,87.00000,15.00000,1920.00000,2,Sedang
2026-09-05T20:14:12Z,2026-09-06 03:14:12,402,23.30000,55.50000,42.34916,3.34775,84.00000,15.00000,1920.00000,2,Sedang
2026-09-05T20:14:32Z,2026-09-06 03:14:32,403,23.30000,55.40000,39.94173,3.22214,81.00000,15.00000,1911.00000,2,Sedang
2026-09-05T20:14:52Z,2026-09-06 03:14:52,404,23.30000,55.50000,39.64649,3.34775,81.00000,15.00000,1915.00000,2,Sedang
2026-09-05T20:15:12Z,2026-09-06 03:15:12,405,23.30000,55.60000,0.00031,2.44430,28.00000,13.00000,1744.00000,1,Baik
2026-09-05T20:15:32Z,2026-09-06 03:15:32,406,23.30000,55.40000,0.00031,2.36695,27.00000,13.00000,1809.00000,1,Baik
2026-09-05T20:15:52Z,2026-09-06 03:15:52,407,23.30000,55.40000,0.00031,2.15301,24.00000,13.00000,1769.00000,1,Baik
2026-09-05T20:16:12Z,2026-09-06 03:16:12,408,23.30000,55.50000,0.00031,2.01583,23.00000,13.00000,1744.00000,1,Baik
2026-09-05T20:16:32Z,2026-09-06 03:16:32,409,23.30000,55.50000,0.00031,2.01583,23.00000,13.00000,1726.00000,1,Baik
2026-09-05T20:16:52Z,2026-09-06 03:16:52,410,23.30000,55.50000,0.00031,2.00327,23.00000,13.00000,1711.00000,1,Baik
2026-09-05T20:17:12Z,2026-09-06 03:17:12,411,23.30000,55.50000,0.00031,2.00327,23.00000,13.00000,1702.00000,1,Baik
2026-09-05T20:17:32Z,2026-09-06 03:17:32,412,23.30000,55.60000,0.00031,2.02355,23.00000,13.00000,1713.00000,1,Baik
2026-09-05T20:17:52Z,2026-09-06 03:17:52,413,23.30000,55.60000,2.72708,2.01583,23.00000,13.00000,1709.00000,1,Baik
2026-09-05T20:18:12Z,2026-09-06 03:18:12,414,23.30000,55.60000,0.04043,2.00327,23.00000,13.00000,1695.00000,1,Baik
2026-09-05T20:18:32Z,2026-09-06 03:18:32,415,23.30000,55.60000,0.00031,2.00327,23.00000,13.00000,1695.00000,1,Baik
2026-09-05T20:18:52Z,2026-09-06 03:18:52,416,23.30000,55.70000,0.00031,1.98137,23.00000,13.00000,1682.00000,1,Baik
2026-09-05T20:19:12Z,2026-09-06 03:19:12,417,23.30000,55.70000,0.00031,1.98137,23.00000,13.00000,1685.00000,1,Baik
2026-09-05T20:19:32Z,2026-09-06 03:19:32,418,23.30000,55.60000,0.00031,1.98137,23.00000,13.00000,1677.00000,1,Baik
2026-09-05T20:19:52Z,2026-09-06 03:19:52,419,23.30000,55.60000,0.00031,1.95574,22.00000,13.00000,1670.00000,1,Baik
2026-09-05T20:20:12Z,2026-09-06 03:20:12,420,23.30000,55.70000,0.12044,1.93848,22.00000,13.00000,1661.00000,1,Baik
2026-09-05T20:20:32Z,2026-09-06 03:20:32,421,23.30000,55.70000,0.00031,1.89486,22.00000,13.00000,1666.00000,1,Baik
2026-09-05T20:20:52Z,2026-09-06 03:20:52,422,23.30000,55.60000,0.00061,1.93848,22.00000,13.00000,1653.00000,1,Baik
2026-09-05T20:21:12Z,2026-09-06 03:21:12,423,23.30000,55.60000,0.00618,1.93848,22.00000,13.00000,1647.00000,1,Baik
2026-09-05T20:21:32Z,2026-09-06 03:21:32,424,23.30000,55.60000,0.00031,1.84672,21.00000,13.00000,1646.00000,1,Baik
2026-09-05T20:21:52Z,2026-09-06 03:21:52,425,23.30000,55.70000,0.00031,1.84672,21.00000,13.00000,1641.00000,1,Baik
2026-09-05T20:22:12Z,2026-09-06 03:22:12,426,23.30000,55.70000,0.00031,1.84919,21.00000,13.00000,1632.00000,1,Baik
2026-09-05T20:22:32Z,2026-09-06 03:22:32,427,23.30000,55.70000,0.00031,1.82565,21.00000,13.00000,1635.00000,1,Baik
2026-09-05T20:22:52Z,2026-09-06 03:22:52,428,23.30000,55.70000,0.00031,1.84919,21.00000,13.00000,1628.00000,1,Baik
2026-09-05T20:23:12Z,2026-09-06 03:23:12,429,23.30000,55.70000,0.00031,1.73729,20.00000,13.00000,1625.00000,1,Baik
2026-09-05T20:23:32Z,2026-09-06 03:23:32,430,23.30000,55.70000,0.00031,1.72921,20.00000,13.00000,1618.00000,1,Baik
2026-09-05T20:23:52Z,2026-09-06 03:23:52,431,23.30000,55.80000,0.00031,1.70764,19.00000,13.00000,1615.00000,1,Baik
2026-09-05T20:24:12Z,2026-09-06 03:24:12,432,23.30000,55.70000,0.00031,1.70764,19.00000,13.00000,1607.00000,1,Baik
2026-09-05T20:24:32Z,2026-09-06 03:24:32,433,23.30000,55.80000,0.00031,1.70764,19.00000,13.00000,1607.00000,1,Baik
2026-09-05T20:24:52Z,2026-09-06 03:24:52,434,23.30000,55.70000,0.00031,1.70764,19.00000,13.00000,1605.00000,1,Baik
2026-09-05T20:25:12Z,2026-09-06 03:25:12,435,23.20000,55.70000,0.00031,1.70764,19.00000,13.00000,1600.00000,1,Baik
2026-09-05T20:25:32Z,2026-09-06 03:25:32,436,23.30000,55.80000,0.00031,1.70764,19.00000,13.00000,1594.00000,1,Baik
2026-09-05T20:25:52Z,2026-09-06 03:25:52,437,23.30000,55.80000,0.00031,1.69368,19.00000,13.00000,1594.00000,1,Baik
2026-09-05T20:26:12Z,2026-09-06 03:26:12,438,23.30000,55.70000,0.00031,1.68124,19.00000,13.00000,1584.00000,1,Baik
2026-09-05T20:26:32Z,2026-09-06 03:26:32,439,23.30000,55.80000,0.00031,1.68124,19.00000,13.00000,1585.00000,1,Baik
2026-09-05T20:26:52Z,2026-09-06 03:26:52,440,23.30000,55.80000,0.00031,1.68124,19.00000,13.00000,1585.00000,1,Baik
2026-09-05T20:27:12Z,2026-09-06 03:27:12,441,23.30000,55.70000,0.00031,1.68124,19.00000,13.00000,1584.00000,1,Baik
2026-09-05T20:27:32Z,2026-09-06 03:27:32,442,23.30000,55.80000,0.00031,1.69368,19.00000,13.00000,1584.00000,1,Baik
2026-09-05T20:27:52Z,2026-09-06 03:27:52,443,23.30000,55.80000,0.00031,1.68124,19.00000,13.00000,1577.00000,1,Baik
2026-09-05T20:28:12Z,2026-09-06 03:28:12,444,23.30000,55.70000,0.00031,1.68124,19.00000,13.00000,1573.00000,1,Baik
2026-09-05T20:28:32Z,2026-09-06 03:28:32,445,23.30000,55.70000,0.00031,1.68124,19.00000,13.00000,1567.00000,1,Baik
2026-09-05T20:28:52Z,2026-09-06 03:28:52,446,23.30000,55.80000,0.00031,1.68124,19.00000,13.00000,1567.00000,1,Baik
2026-09-05T20:29:12Z,2026-09-06 03:29:12,447,23.30000,55.70000,0.00031,1.68124,19.00000,13.00000,1568.00000,1,Baik
2026-09-05T20:29:32Z,2026-09-06 03:29:32,448,23.30000,55.80000,0.00031,1.68124,19.00000,13.00000,1562.00000,1,Baik
2026-09-05T20:29:52Z,2026-09-06 03:29:52,449,23.30000,55.70000,0.00031,1.68911,19.00000,13.00000,1557.00000,1,Baik
2026-09-05T20:30:12Z,2026-09-06 03:30:12,450,23.30000,55.70000,0.00031,1.68911,19.00000,13.00000,1552.00000,1,Baik
2026-09-05T20:30:32Z,2026-09-06 03:30:32,451,23.30000,55.70000,0.00031,1.68911,19.00000,13.00000,1558.00000,1,Baik
2026-09-05T20:30:52Z,2026-09-06 03:30:52,452,23.30000,55.70000,0.00031,1.68911,19.00000,13.00000,1554.00000,1,Baik
2026-09-05T20:31:12Z,2026-09-06 03:31:12,453,23.30000,55.80000,0.00031,1.67374,19.00000,13.00000,1535.00000,1,Baik
2026-09-05T20:31:32Z,2026-09-06 03:31:32,454,23.30000,56.10000,0.00031,1.66119,19.00000,13.00000,1535.00000,1,Baik
2026-09-05T20:31:52Z,2026-09-06 03:31:52,455,23.30000,56.30000,0.00031,1.66119,19.00000,13.00000,1517.00000,1,Baik
2026-09-05T20:32:12Z,2026-09-06 03:32:12,456,23.40000,56.30000,0.00031,1.64077,19.00000,13.00000,1435.00000,1,Baik
2026-09-05T20:32:32Z,2026-09-06 03:32:32,457,23.40000,56.90000,0.00031,1.66119,19.00000,13.00000,1472.00000,1,Baik
2026-09-05T20:32:52Z,2026-09-06 03:32:52,458,23.50000,57.40000,0.00031,1.66119,19.00000,13.00000,1482.00000,1,Baik
2026-09-05T20:33:12Z,2026-09-06 03:33:12,459,23.50000,57.50000,0.00031,1.67656,19.00000,13.00000,1512.00000,1,Baik
2026-09-05T20:33:32Z,2026-09-06 03:33:32,460,23.60000,57.60000,0.00031,1.67656,19.00000,13.00000,1507.00000,1,Baik
2026-09-05T20:33:52Z,2026-09-06 03:33:52,461,23.60000,58.10000,0.00031,1.67656,19.00000,13.00000,1504.00000,1,Baik
2026-09-05T20:34:12Z,2026-09-06 03:34:12,462,23.70000,58.30000,0.00031,1.67656,19.00000,13.00000,1509.00000,1,Baik
2026-09-05T20:34:32Z,2026-09-06 03:34:32,463,23.70000,58.70000,0.00031,1.66222,19.00000,13.00000,1516.00000,1,Baik
2026-09-05T20:34:52Z,2026-09-06 03:34:52,464,23.80000,58.70000,0.00031,1.66222,19.00000,13.00000,1518.00000,1,Baik
2026-09-05T20:35:12Z,2026-09-06 03:35:12,465,23.90000,59.20000,0.00031,1.65090,19.00000,13.00000,1511.00000,1,Baik
2026-09-05T20:35:32Z,2026-09-06 03:35:32,466,23.90000,59.60000,0.00031,1.65090,19.00000,13.00000,1517.00000,1,Baik
2026-09-05T20:35:52Z,2026-09-06 03:35:52,467,24.00000,59.60000,0.00031,1.64650,19.00000,13.00000,1533.00000,1,Baik
2026-09-05T20:36:12Z,2026-09-06 03:36:12,468,24.00000,59.80000,0.00031,1.64302,19.00000,13.00000,1529.00000,1,Baik
2026-09-05T20:36:32Z,2026-09-06 03:36:32,469,24.00000,59.90000,0.02327,1.64302,19.00000,13.00000,1527.00000,1,Baik
2026-09-05T20:36:52Z,2026-09-06 03:36:52,470,24.10000,60.10000,0.00031,1.65090,19.00000,13.00000,1535.00000,1,Baik
2026-09-05T20:37:12Z,2026-09-06 03:37:12,471,24.10000,60.50000,0.00031,1.65090,19.00000,13.00000,1535.00000,1,Baik
2026-09-05T20:37:32Z,2026-09-06 03:37:32,472,24.10000,60.70000,0.00031,1.65090,19.00000,13.00000,1531.00000,1,Baik
2026-09-05T20:37:52Z,2026-09-06 03:37:52,473,24.10000,60.90000,0.00031,1.64302,19.00000,13.00000,1535.00000,1,Baik
2026-09-05T20:38:12Z,2026-09-06 03:38:12,474,24.10000,61.20000,0.00031,1.64302,19.00000,13.00000,1535.00000,1,Baik
2026-09-05T20:38:32Z,2026-09-06 03:38:32,475,24.10000,61.50000,0.00031,1.64302,19.00000,13.00000,1553.00000,1,Baik
2026-09-05T20:38:52Z,2026-09-06 03:38:52,476,24.20000,61.80000,0.00031,1.63944,19.00000,13.00000,1557.00000,1,Baik
2026-09-05T20:39:12Z,2026-09-06 03:39:12,477,24.20000,61.90000,0.00031,1.63944,19.00000,13.00000,1553.00000,1,Baik
2026-09-05T20:39:32Z,2026-09-06 03:39:32,478,24.20000,62.10000,0.00031,1.63656,19.00000,13.00000,1535.00000,1,Baik
2026-09-05T20:39:52Z,2026-09-06 03:39:52,479,24.20000,62.40000,0.00061,1.65438,19.00000,13.00000,1571.00000,1,Baik
2026-09-05T20:40:12Z,2026-09-06 03:40:12,480,24.20000,62.60000,0.00031,1.65438,19.00000,13.00000,1570.00000,1,Baik
2026-09-05T20:40:32Z,2026-09-06 03:40:32,481,24.20000,62.90000,0.00031,1.60641,18.00000,13.00000,1563.00000,1,Baik
2026-09-05T20:40:52Z,2026-09-06 03:40:52,482,24.20000,63.10000,0.00031,1.60641,18.00000,13.00000,1563.00000,1,Baik
2026-09-05T20:41:12Z,2026-09-06 03:41:12,483,24.20000,63.30000,0.00031,1.60641,18.00000,13.00000,1570.00000,1,Baik
2026-09-05T20:41:32Z,2026-09-06 03:41:32,484,24.20000,63.40000,0.00031,1.56188,18.00000,13.00000,1559.00000,1,Baik
2026-09-05T20:41:52Z,2026-09-06 03:41:52,485,24.30000,63.50000,0.00031,1.62046,18.00000,13.00000,1579.00000,1,Baik
2026-09-05T20:42:12Z,2026-09-06 03:42:12,486,24.30000,63.60000,0.00031,1.62046,18.00000,13.00000,1569.00000,1,Baik
2026-09-05T20:42:32Z,2026-09-06 03:42:32,487,24.30000,63.70000,0.00031,1.62046,18.00000,13.00000,1568.00000,1,Baik
2026-09-05T20:42:52Z,2026-09-06 03:42:52,488,24.30000,63.90000,0.00031,1.60534,18.00000,13.00000,1563.00000,1,Baik
2026-09-05T20:43:12Z,2026-09-06 03:43:12,489,24.30000,64.00000,0.00031,1.62046,18.00000,13.00000,1570.00000,1,Baik
2026-09-05T20:43:32Z,2026-09-06 03:43:32,490,24.30000,64.10000,0.00031,1.55840,18.00000,13.00000,1566.00000,1,Baik
2026-09-05T20:43:52Z,2026-09-06 03:43:52,491,24.30000,64.40000,0.00031,1.56188,18.00000,13.00000,1571.00000,1,Baik
2026-09-05T20:44:12Z,2026-09-06 03:44:12,492,24.30000,64.50000,0.00031,1.56188,18.00000,13.00000,1568.00000,1,Baik
2026-09-05T20:44:32Z,2026-09-06 03:44:32,493,24.30000,64.60000,0.00031,1.56188,18.00000,13.00000,1573.00000,1,Baik
2026-09-05T20:44:52Z,2026-09-06 03:44:52,494,24.30000,64.70000,0.00031,1.56188,18.00000,13.00000,1568.00000,1,Baik
2026-09-05T20:45:12Z,2026-09-06 03:45:12,495,24.30000,65.00000,0.00031,1.62046,18.00000,13.00000,1584.00000,1,Baik
2026-09-05T20:45:32Z,2026-09-06 03:45:32,496,24.30000,65.10000,0.00031,1.56188,18.00000,13.00000,1568.00000,1,Baik
2026-09-05T20:45:52Z,2026-09-06 03:45:52,497,24.30000,65.20000,0.00031,1.55840,18.00000,13.00000,1570.00000,1,Baik
2026-09-05T20:46:12Z,2026-09-06 03:46:12,498,24.30000,65.30000,0.00031,1.56188,18.00000,13.00000,1571.00000,1,Baik
2026-09-05T20:46:32Z,2026-09-06 03:46:32,499,24.30000,65.50000,0.00031,1.55840,18.00000,13.00000,1577.00000,1,Baik
2026-09-05T20:46:52Z,2026-09-06 03:46:52,500,24.30000,65.70000,0.00031,1.62046,18.00000,13.00000,1570.00000,1,Baik
2026-09-05T20:47:12Z,2026-09-06 03:47:12,501,24.30000,65.80000,0.00031,1.55797,18.00000,13.00000,1563.00000,1,Baik
2026-09-05T20:47:32Z,2026-09-06 03:47:32,502,24.40000,65.90000,0.00031,1.56628,18.00000,13.00000,1578.00000,1,Baik
2026-09-05T20:47:52Z,2026-09-06 03:47:52,503,24.30000,65.90000,0.00031,1.62046,18.00000,13.00000,1596.00000,1,Baik
2026-09-05T20:48:12Z,2026-09-06 03:48:12,504,24.30000,66.10000,0.00031,1.62046,18.00000,13.00000,1595.00000,1,Baik
2026-09-05T20:48:33Z,2026-09-06 03:48:33,505,24.30000,66.20000,0.00031,1.55840,18.00000,13.00000,1587.00000,1,Baik
2026-09-05T20:48:52Z,2026-09-06 03:48:52,506,24.30000,66.30000,0.00031,1.64575,19.00000,13.00000,1587.00000,1,Baik
2026-09-05T20:49:12Z,2026-09-06 03:49:12,507,24.30000,66.40000,0.00031,1.64575,19.00000,13.00000,1584.00000,1,Baik
2026-09-05T20:49:32Z,2026-09-06 03:49:32,508,24.40000,66.60000,0.00031,1.64575,19.00000,13.00000,1588.00000,1,Baik
2026-09-05T20:49:52Z,2026-09-06 03:49:52,509,24.30000,66.60000,0.00031,1.64575,19.00000,13.00000,1596.00000,1,Baik
2026-09-05T20:50:12Z,2026-09-06 03:50:12,510,24.40000,66.70000,0.00031,1.64575,19.00000,13.00000,1584.00000,1,Baik
2026-09-05T20:50:32Z,2026-09-06 03:50:32,511,24.40000,66.80000,0.00031,1.64575,19.00000,13.00000,1597.00000,1,Baik
2026-09-05T20:50:52Z,2026-09-06 03:50:52,512,24.40000,66.90000,0.00031,1.64575,19.00000,13.00000,1591.00000,1,Baik
2026-09-05T20:51:12Z,2026-09-06 03:51:12,513,24.40000,67.00000,0.00031,1.64575,19.00000,13.00000,1584.00000,1,Baik
2026-09-05T20:51:33Z,2026-09-06 03:51:33,514,24.40000,67.10000,0.00031,1.64575,19.00000,13.00000,1606.00000,1,Baik
2026-09-05T20:51:53Z,2026-09-06 03:51:53,515,24.40000,67.20000,0.00031,1.64575,19.00000,13.00000,1606.00000,1,Baik
2026-09-05T20:52:12Z,2026-09-06 03:52:12,516,24.40000,67.30000,0.00031,1.64575,19.00000,13.00000,1582.00000,1,Baik
2026-09-05T20:52:33Z,2026-09-06 03:52:33,517,24.40000,67.40000,0.00031,1.64575,19.00000,13.00000,1577.00000,1,Baik
2026-09-05T20:52:52Z,2026-09-06 03:52:52,518,24.40000,67.50000,0.00031,1.64575,19.00000,13.00000,1582.00000,1,Baik
2026-09-05T20:53:13Z,2026-09-06 03:53:13,519,24.40000,67.70000,0.00031,1.64575,19.00000,13.00000,1584.00000,1,Baik
2026-09-05T20:53:33Z,2026-09-06 03:53:33,520,24.40000,67.80000,0.00031,1.64575,19.00000,13.00000,1581.00000,1,Baik
2026-09-05T20:53:53Z,2026-09-06 03:53:53,521,24.40000,67.80000,0.00031,1.64575,19.00000,13.00000,1581.00000,1,Baik
2026-09-05T20:54:12Z,2026-09-06 03:54:12,522,24.30000,67.90000,0.00031,1.64575,19.00000,13.00000,1581.00000,1,Baik
2026-09-05T20:54:33Z,2026-09-06 03:54:33,523,24.40000,68.00000,0.00031,1.64575,19.00000,13.00000,1581.00000,1,Baik
2026-09-05T20:54:53Z,2026-09-06 03:54:53,524,24.30000,68.10000,0.00031,1.64575,19.00000,13.00000,1580.00000,1,Baik
2026-09-05T20:55:12Z,2026-09-06 03:55:12,525,24.40000,68.20000,0.03344,1.72180,20.00000,13.00000,1578.00000,1,Baik
2026-09-05T20:55:33Z,2026-09-06 03:55:33,526,24.40000,68.30000,0.00031,1.79904,20.00000,13.00000,1573.00000,1,Baik
2026-09-05T20:55:53Z,2026-09-06 03:55:53,527,24.40000,68.30000,0.00031,1.65813,19.00000,13.00000,1570.00000,1,Baik
2026-09-05T20:56:13Z,2026-09-06 03:56:13,528,24.40000,68.50000,0.00031,1.64575,19.00000,13.00000,1563.00000,1,Baik
2026-09-05T20:56:33Z,2026-09-06 03:56:33,529,24.40000,68.50000,0.00031,1.64575,19.00000,13.00000,1568.00000,1,Baik
2026-09-05T20:56:53Z,2026-09-06 03:56:53,530,24.40000,68.50000,0.00031,1.64575,19.00000,13.00000,1563.00000,1,Baik
2026-09-05T20:57:13Z,2026-09-06 03:57:13,531,24.40000,68.50000,0.00031,1.62046,18.00000,13.00000,1561.00000,1,Baik
2026-09-05T20:57:33Z,2026-09-06 03:57:33,532,24.40000,68.60000,0.00031,1.62046,18.00000,13.00000,1578.00000,1,Baik
2026-09-05T20:57:53Z,2026-09-06 03:57:53,533,24.40000,68.80000,0.00031,1.59460,18.00000,13.00000,1608.00000,1,Baik
2026-09-05T20:58:13Z,2026-09-06 03:58:13,534,24.40000,68.90000,0.00031,1.60972,18.00000,13.00000,1601.00000,1,Baik
2026-09-05T20:58:33Z,2026-09-06 03:58:33,535,24.40000,68.80000,0.00031,1.60972,18.00000,13.00000,1600.00000,1,Baik
2026-09-05T20:58:53Z,2026-09-06 03:58:53,536,24.40000,68.90000,0.00031,1.60972,18.00000,13.00000,1598.00000,1,Baik
2026-09-05T20:59:13Z,2026-09-06 03:59:13,537,24.50000,69.10000,0.00031,1.60972,18.00000,13.00000,1595.00000,1,Baik
2026-09-05T20:59:33Z,2026-09-06 03:59:33,538,24.50000,69.10000,0.00031,1.60972,18.00000,13.00000,1586.00000,1,Baik
2026-09-05T20:59:53Z,2026-09-06 03:59:53,539,24.50000,69.10000,0.00031,1.60972,18.00000,13.00000,1588.00000,1,Baik
2026-09-05T21:00:13Z,2026-09-06 04:00:13,540,24.50000,69.20000,0.00031,1.60972,18.00000,13.00000,1585.00000,1,Baik
2026-09-05T21:00:33Z,2026-09-06 04:00:33,541,24.50000,69.30000,0.00031,1.55114,18.00000,13.00000,1584.00000,1,Baik
2026-09-05T21:00:53Z,2026-09-06 04:00:53,542,24.50000,69.30000,0.00031,1.55114,18.00000,13.00000,1583.00000,1,Baik
2026-09-05T21:01:13Z,2026-09-06 04:01:13,543,24.50000,69.40000,0.00031,1.59460,18.00000,13.00000,1584.00000,1,Baik
2026-09-05T21:01:33Z,2026-09-06 04:01:33,544,24.50000,69.40000,0.00031,1.60972,18.00000,13.00000,1585.00000,1,Baik
2026-09-05T21:01:53Z,2026-09-06 04:01:53,545,24.50000,69.50000,0.00031,1.60972,18.00000,13.00000,1584.00000,1,Baik
2026-09-05T21:02:13Z,2026-09-06 04:02:13,546,24.50000,69.50000,0.00031,1.60972,18.00000,13.00000,1586.00000,1,Baik
2026-09-05T21:02:33Z,2026-09-06 04:02:33,547,24.50000,69.60000,0.00031,1.60972,18.00000,13.00000,1586.00000,1,Baik
2026-09-05T21:02:53Z,2026-09-06 04:02:53,548,24.50000,69.60000,0.00031,1.56062,18.00000,13.00000,1583.00000,1,Baik
2026-09-05T21:03:13Z,2026-09-06 04:03:13,549,24.50000,69.70000,0.00031,1.60972,18.00000,13.00000,1584.00000,1,Baik
2026-09-05T21:03:33Z,2026-09-06 04:03:33,550,24.50000,69.70000,0.00031,1.60972,18.00000,13.00000,1590.00000,1,Baik
2026-09-05T21:03:53Z,2026-09-06 04:03:53,551,24.50000,69.80000,0.00031,1.60972,18.00000,13.00000,1581.00000,1,Baik
2026-09-05T21:04:13Z,2026-09-06 04:04:13,552,24.50000,69.90000,0.00031,1.60972,18.00000,13.00000,1579.00000,1,Baik
2026-09-05T21:04:33Z,2026-09-06 04:04:33,553,24.50000,69.90000,0.00031,1.60972,18.00000,13.00000,1580.00000,1,Baik
2026-09-05T21:04:53Z,2026-09-06 04:04:53,554,24.50000,69.90000,0.00031,1.60972,18.00000,13.00000,1574.00000,1,Baik
2026-09-05T21:05:13Z,2026-09-06 04:05:13,555,24.50000,69.90000,0.00031,1.60972,18.00000,13.00000,1577.00000,1,Baik
2026-09-05T21:05:33Z,2026-09-06 04:05:33,556,24.50000,70.00000,0.00031,1.60972,18.00000,13.00000,1574.00000,1,Baik
2026-09-05T21:05:53Z,2026-09-06 04:05:53,557,24.60000,70.00000,0.00031,1.63501,19.00000,13.00000,1616.00000,1,Baik
2026-09-05T21:06:13Z,2026-09-06 04:06:13,558,24.60000,70.10000,0.00031,1.64759,19.00000,13.00000,1616.00000,1,Baik
2026-09-05T21:06:33Z,2026-09-06 04:06:33,559,24.60000,70.00000,0.00031,1.63501,19.00000,13.00000,1616.00000,1,Baik
2026-09-05T21:06:53Z,2026-09-06 04:06:53,560,24.50000,70.10000,0.00031,1.64759,19.00000,13.00000,1615.00000,1,Baik
2026-09-05T21:07:13Z,2026-09-06 04:07:13,561,24.50000,70.20000,0.00031,1.64759,19.00000,13.00000,1605.00000,1,Baik
2026-09-05T21:07:33Z,2026-09-06 04:07:33,562,24.60000,70.20000,0.00031,1.64759,19.00000,13.00000,1600.00000,1,Baik
2026-09-05T21:07:53Z,2026-09-06 04:07:53,563,24.60000,70.30000,0.00031,1.64759,19.00000,13.00000,1600.00000,1,Baik
2026-09-05T21:08:13Z,2026-09-06 04:08:13,564,24.60000,70.40000,0.00031,1.64864,19.00000,13.00000,1588.00000,1,Baik
2026-09-05T21:08:33Z,2026-09-06 04:08:33,565,24.60000,70.50000,0.00031,1.67071,19.00000,13.00000,1590.00000,1,Baik
2026-09-05T21:08:53Z,2026-09-06 04:08:53,566,24.60000,70.50000,0.00031,1.64864,19.00000,13.00000,1584.00000,1,Baik
2026-09-05T21:09:13Z,2026-09-06 04:09:13,567,24.60000,70.50000,0.00031,1.64759,19.00000,13.00000,1579.00000,1,Baik
2026-09-05T21:09:33Z,2026-09-06 04:09:33,568,24.60000,70.50000,0.00031,1.64759,19.00000,13.00000,1582.00000,1,Baik
2026-09-05T21:09:53Z,2026-09-06 04:09:53,569,24.60000,70.50000,0.00031,1.64759,19.00000,13.00000,1578.00000,1,Baik
2026-09-05T21:10:13Z,2026-09-06 04:10:13,570,24.60000,70.60000,0.00031,1.64759,19.00000,13.00000,1580.00000,1,Baik
2026-09-05T21:10:33Z,2026-09-06 04:10:33,571,24.50000,70.60000,0.00031,1.64759,19.00000,13.00000,1577.00000,1,Baik
2026-09-05T21:10:53Z,2026-09-06 04:10:53,572,24.60000,70.70000,0.00031,1.64759,19.00000,13.00000,1578.00000,1,Baik
2026-09-05T21:11:13Z,2026-09-06 04:11:13,573,24.60000,70.70000,0.00618,1.64759,19.00000,13.00000,1579.00000,1,Baik
2026-09-05T21:11:33Z,2026-09-06 04:11:33,574,24.60000,70.70000,0.00031,1.64759,19.00000,13.00000,1581.00000,1,Baik
2026-09-05T21:11:53Z,2026-09-06 04:11:53,575,24.60000,70.70000,0.00031,1.64759,19.00000,13.00000,1574.00000,1,Baik
2026-09-05T21:12:13Z,2026-09-06 04:12:13,576,24.60000,70.80000,0.00031,1.66263,19.00000,13.00000,1571.00000,1,Baik
2026-09-05T21:12:33Z,2026-09-06 04:12:33,577,24.60000,70.80000,0.00031,1.64759,19.00000,13.00000,1574.00000,1,Baik
2026-09-05T21:12:53Z,2026-09-06 04:12:53,578,24.60000,70.90000,0.00031,1.64759,19.00000,13.00000,1576.00000,1,Baik
2026-09-05T21:13:13Z,2026-09-06 04:13:13,579,24.60000,70.90000,0.00031,1.67071,19.00000,13.00000,1578.00000,1,Baik
2026-09-05T21:13:33Z,2026-09-06 04:13:33,580,24.60000,70.90000,0.00031,1.67071,19.00000,13.00000,1573.00000,1,Baik
2026-09-05T21:13:53Z,2026-09-06 04:13:53,581,24.60000,71.00000,0.00031,1.67071,19.00000,13.00000,1569.00000,1,Baik
2026-09-05T21:14:13Z,2026-09-06 04:14:13,582,24.60000,71.10000,0.00031,1.66263,19.00000,13.00000,1572.00000,1,Baik
2026-09-05T21:14:33Z,2026-09-06 04:14:33,583,24.60000,71.00000,0.00031,1.64759,19.00000,13.00000,1568.00000,1,Baik
2026-09-05T21:14:53Z,2026-09-06 04:14:53,584,24.60000,71.10000,0.00031,1.64759,19.00000,13.00000,1568.00000,1,Baik
2026-09-05T21:15:13Z,2026-09-06 04:15:13,585,24.60000,71.10000,0.00031,1.64864,19.00000,13.00000,1564.00000,1,Baik
2026-09-05T21:15:33Z,2026-09-06 04:15:33,586,24.60000,71.20000,0.00031,1.64759,19.00000,13.00000,1562.00000,1,Baik
2026-09-05T21:15:53Z,2026-09-06 04:15:53,587,24.60000,71.20000,0.00031,1.64864,19.00000,13.00000,1566.00000,1,Baik
2026-09-05T21:16:13Z,2026-09-06 04:16:13,588,24.60000,71.20000,0.00031,1.66263,19.00000,13.00000,1559.00000,1,Baik
2026-09-05T21:16:33Z,2026-09-06 04:16:33,589,24.60000,71.30000,0.00031,1.67071,19.00000,13.00000,1556.00000,1,Baik
2026-09-05T21:16:53Z,2026-09-06 04:16:53,590,24.60000,71.30000,0.00031,1.67071,19.00000,13.00000,1562.00000,1,Baik
2026-09-05T21:17:13Z,2026-09-06 04:17:13,591,24.60000,71.30000,0.00031,1.67071,19.00000,13.00000,1555.00000,1,Baik
2026-09-05T21:17:33Z,2026-09-06 04:17:33,592,24.60000,71.30000,0.00031,1.67071,19.00000,13.00000,1561.00000,1,Baik
2026-09-05T21:17:53Z,2026-09-06 04:17:53,593,24.60000,71.30000,0.00031,1.64864,19.00000,13.00000,1559.00000,1,Baik
2026-09-05T21:18:13Z,2026-09-06 04:18:13,594,24.60000,71.40000,0.00031,1.64759,19.00000,13.00000,1558.00000,1,Baik
2026-09-05T21:18:33Z,2026-09-06 04:18:33,595,24.60000,71.40000,0.00031,1.67071,19.00000,13.00000,1563.00000,1,Baik
2026-09-05T21:18:53Z,2026-09-06 04:18:53,596,24.60000,71.50000,0.00031,1.75792,20.00000,13.00000,1566.00000,1,Baik
2026-09-05T21:19:13Z,2026-09-06 04:19:13,597,24.60000,71.50000,0.00031,1.76567,20.00000,13.00000,1559.00000,1,Baik
2026-09-05T21:19:33Z,2026-09-06 04:19:33,598,24.60000,71.50000,0.00031,1.76567,20.00000,13.00000,1557.00000,1,Baik
2026-09-05T21:19:53Z,2026-09-06 04:19:53,599,24.60000,71.50000,0.00031,1.75792,20.00000,13.00000,1556.00000,1,Baik
2026-09-05T21:20:13Z,2026-09-06 04:20:13,600,24.60000,71.50000,0.00031,1.73439,20.00000,13.00000,1563.00000,1,Baik
2026-09-05T21:20:33Z,2026-09-06 04:20:33,601,24.60000,71.50000,0.00031,1.73439,20.00000,13.00000,1553.00000,1,Baik
2026-09-05T21:20:53Z,2026-09-06 04:20:53,602,24.60000,71.50000,0.00031,1.77846,20.00000,13.00000,1562.00000,1,Baik
2026-09-05T21:21:13Z,2026-09-06 04:21:13,603,24.60000,71.60000,0.00031,1.73439,20.00000,13.00000,1535.00000,1,Baik
2026-09-05T21:21:33Z,2026-09-06 04:21:33,604,24.60000,71.70000,0.00031,1.73439,20.00000,13.00000,1555.00000,1,Baik
2026-09-05T21:21:53Z,2026-09-06 04:21:53,605,24.60000,71.70000,0.00031,1.73439,20.00000,13.00000,1559.00000,1,Baik
2026-09-05T21:22:13Z,2026-09-06 04:22:13,606,24.60000,71.60000,1.41907,1.76222,20.00000,13.00000,1563.00000,1,Baik
2026-09-05T21:22:33Z,2026-09-06 04:22:33,607,24.60000,71.70000,0.00031,1.82677,21.00000,13.00000,1561.00000,1,Baik
2026-09-05T21:22:53Z,2026-09-06 04:22:53,608,24.60000,71.70000,0.00031,1.77846,20.00000,13.00000,1555.00000,1,Baik
2026-09-05T21:23:13Z,2026-09-06 04:23:13,609,24.60000,71.70000,0.00031,1.82677,21.00000,13.00000,1553.00000,1,Baik
2026-09-05T21:23:33Z,2026-09-06 04:23:33,610,24.60000,71.80000,0.00031,1.84640,21.00000,13.00000,1558.00000,1,Baik
2026-09-05T21:23:53Z,2026-09-06 04:23:53,611,24.60000,71.70000,0.00031,1.85559,21.00000,13.00000,1555.00000,1,Baik
2026-09-05T21:24:13Z,2026-09-06 04:24:13,612,24.70000,71.80000,0.00031,1.87522,21.00000,13.00000,1558.00000,1,Baik
2026-09-05T21:24:33Z,2026-09-06 04:24:33,613,24.70000,71.80000,0.00031,1.87522,21.00000,13.00000,1553.00000,1,Baik
2026-09-05T21:24:53Z,2026-09-06 04:24:53,614,24.70000,71.80000,0.00031,1.88533,21.00000,13.00000,1555.00000,1,Baik
2026-09-05T21:25:13Z,2026-09-06 04:25:13,615,24.70000,71.80000,0.00031,1.87522,21.00000,13.00000,1554.00000,1,Baik
2026-09-05T21:25:33Z,2026-09-06 04:25:33,616,24.70000,71.80000,0.00031,1.88533,21.00000,13.00000,1555.00000,1,Baik
2026-09-05T21:25:53Z,2026-09-06 04:25:53,617,24.70000,71.80000,0.00031,1.84837,21.00000,13.00000,1559.00000,1,Baik
2026-09-05T21:26:13Z,2026-09-06 04:26:13,618,24.70000,71.80000,0.00031,1.92052,22.00000,13.00000,1554.00000,1,Baik
2026-09-05T21:26:33Z,2026-09-06 04:26:33,619,24.70000,71.90000,0.00031,1.84837,21.00000,13.00000,1535.00000,1,Baik
2026-09-05T21:26:53Z,2026-09-06 04:26:53,620,24.70000,71.90000,0.00031,1.84837,21.00000,13.00000,1553.00000,1,Baik
2026-09-05T21:27:13Z,2026-09-06 04:27:13,621,24.70000,72.00000,0.00031,1.92052,22.00000,13.00000,1557.00000,1,Baik
2026-09-05T21:27:33Z,2026-09-06 04:27:33,622,24.70000,71.90000,0.00031,1.92052,22.00000,13.00000,1554.00000,1,Baik
2026-09-05T21:27:53Z,2026-09-06 04:27:53,623,24.70000,72.00000,0.00031,1.90531,22.00000,13.00000,1554.00000,1,Baik
2026-09-05T21:28:13Z,2026-09-06 04:28:13,624,24.70000,72.00000,0.00031,1.92052,22.00000,13.00000,1535.00000,1,Baik
2026-09-05T21:28:33Z,2026-09-06 04:28:33,625,24.70000,72.00000,0.00031,1.90531,22.00000,13.00000,1555.00000,1,Baik
2026-09-05T21:28:53Z,2026-09-06 04:28:53,626,24.70000,72.00000,0.00031,1.93926,22.00000,13.00000,1535.00000,1,Baik
2026-09-05T21:29:13Z,2026-09-06 04:29:13,627,24.70000,72.00000,0.00031,1.90531,22.00000,13.00000,1553.00000,1,Baik
2026-09-05T21:29:33Z,2026-09-06 04:29:33,628,24.70000,72.00000,0.00031,1.90531,22.00000,13.00000,1552.00000,1,Baik
2026-09-05T21:29:53Z,2026-09-06 04:29:53,629,24.70000,72.00000,0.00031,1.90531,22.00000,13.00000,1535.00000,1,Baik
2026-09-05T21:30:13Z,2026-09-06 04:30:13,630,24.70000,72.00000,0.00031,1.90531,22.00000,13.00000,1555.00000,1,Baik
2026-09-05T21:30:33Z,2026-09-06 04:30:33,631,24.70000,71.90000,0.00031,1.91494,22.00000,13.00000,1535.00000,1,Baik
2026-09-05T21:30:53Z,2026-09-06 04:30:53,632,24.70000,71.90000,0.00031,2.03188,23.00000,13.00000,1535.00000,1,Baik
2026-09-05T21:31:13Z,2026-09-06 04:31:13,633,24.70000,72.00000,0.00031,2.03188,23.00000,13.00000,1535.00000,1,Baik
2026-09-05T21:31:33Z,2026-09-06 04:31:33,634,24.70000,72.00000,0.00031,1.90531,22.00000,13.00000,1535.00000,1,Baik
2026-09-05T21:31:53Z,2026-09-06 04:31:53,635,24.70000,72.10000,0.00031,1.94531,22.00000,13.00000,1535.00000,1,Baik
2026-09-05T21:32:13Z,2026-09-06 04:32:13,636,24.70000,72.10000,0.00031,2.02499,23.00000,13.00000,1535.00000,1,Baik
2026-09-05T21:32:33Z,2026-09-06 04:32:33,637,24.70000,72.10000,0.00031,2.05064,23.00000,13.00000,1535.00000,1,Baik
2026-09-05T21:32:53Z,2026-09-06 04:32:53,638,24.70000,72.10000,0.00031,1.95473,22.00000,13.00000,1534.00000,1,Baik
2026-09-05T21:33:13Z,2026-09-06 04:33:13,639,24.70000,72.10000,0.00031,1.95801,22.00000,13.00000,1535.00000,1,Baik
2026-09-05T21:33:33Z,2026-09-06 04:33:33,640,24.70000,72.20000,0.00031,1.95473,22.00000,13.00000,1535.00000,1,Baik
2026-09-05T21:33:53Z,2026-09-06 04:33:53,641,24.70000,72.20000,0.00031,1.95473,22.00000,13.00000,1533.00000,1,Baik
2026-09-05T21:34:13Z,2026-09-06 04:34:13,642,24.70000,72.20000,0.00031,1.95801,22.00000,13.00000,1535.00000,1,Baik
2026-09-05T21:34:33Z,2026-09-06 04:34:33,643,24.70000,72.20000,0.00031,1.95801,22.00000,13.00000,1535.00000,1,Baik
2026-09-05T21:34:53Z,2026-09-06 04:34:53,644,24.70000,72.30000,0.00031,1.98350,23.00000,13.00000,1535.00000,1,Baik
2026-09-05T21:35:13Z,2026-09-06 04:35:13,645,24.70000,72.20000,0.00031,1.95801,22.00000,13.00000,1533.00000,1,Baik
2026-09-05T21:35:33Z,2026-09-06 04:35:33,646,24.70000,72.20000,0.00031,1.95801,22.00000,13.00000,1535.00000,1,Baik
2026-09-05T21:35:53Z,2026-09-06 04:35:53,647,24.70000,72.30000,0.00031,1.98350,23.00000,13.00000,1529.00000,1,Baik
2026-09-05T21:36:13Z,2026-09-06 04:36:13,648,24.70000,72.20000,0.00031,1.95549,22.00000,13.00000,1535.00000,1,Baik
2026-09-05T21:36:33Z,2026-09-06 04:36:33,649,24.70000,72.20000,0.00031,1.95549,22.00000,13.00000,1531.00000,1,Baik
2026-09-05T21:36:53Z,2026-09-06 04:36:53,650,24.70000,72.10000,0.00031,1.95549,22.00000,13.00000,1535.00000,1,Baik
2026-09-05T21:37:13Z,2026-09-06 04:37:13,651,24.70000,72.20000,0.00031,1.95549,22.00000,13.00000,1535.00000,1,Baik
2026-09-05T21:37:33Z,2026-09-06 04:37:33,652,24.70000,72.20000,0.00031,1.95549,22.00000,13.00000,1529.00000,1,Baik
2026-09-05T21:37:53Z,2026-09-06 04:37:53,653,24.80000,72.10000,0.00031,1.95549,22.00000,13.00000,1526.00000,1,Baik
2026-09-05T21:38:13Z,2026-09-06 04:38:13,654,24.70000,72.20000,0.00031,1.95549,22.00000,13.00000,1534.00000,1,Baik
2026-09-05T21:38:33Z,2026-09-06 04:38:33,655,24.70000,72.20000,0.00031,1.95549,22.00000,13.00000,1525.00000,1,Baik
2026-09-05T21:38:53Z,2026-09-06 04:38:53,656,24.70000,72.20000,0.00031,1.95549,22.00000,13.00000,1535.00000,1,Baik
2026-09-05T21:39:13Z,2026-09-06 04:39:13,657,24.70000,72.20000,0.00031,1.95549,22.00000,13.00000,1525.00000,1,Baik
2026-09-05T21:39:33Z,2026-09-06 04:39:33,658,24.80000,72.30000,0.00031,1.98098,23.00000,13.00000,1529.00000,1,Baik
2026-09-05T21:39:53Z,2026-09-06 04:39:53,659,24.80000,72.20000,0.00031,1.95549,22.00000,13.00000,1535.00000,1,Baik
2026-09-05T21:40:13Z,2026-09-06 04:40:13,660,24.80000,72.20000,0.00031,1.95801,22.00000,13.00000,1526.00000,1,Baik
2026-09-05T21:40:33Z,2026-09-06 04:40:33,661,24.70000,72.20000,0.00031,1.95549,22.00000,13.00000,1527.00000,1,Baik
2026-09-05T21:40:53Z,2026-09-06 04:40:53,662,24.80000,72.20000,0.00031,1.95549,22.00000,13.00000,1534.00000,1,Baik
2026-09-05T21:41:13Z,2026-09-06 04:41:13,663,24.80000,72.20000,0.00031,1.95549,22.00000,13.00000,1523.00000,1,Baik
2026-09-05T21:41:33Z,2026-09-06 04:41:33,664,24.80000,72.10000,0.00031,1.95549,22.00000,13.00000,1520.00000,1,Baik
2026-09-05T21:41:53Z,2026-09-06 04:41:53,665,24.80000,72.10000,0.00031,1.95549,22.00000,13.00000,1523.00000,1,Baik
2026-09-05T21:42:13Z,2026-09-06 04:42:13,666,24.80000,72.00000,0.00031,1.93673,22.00000,13.00000,1527.00000,1,Baik
2026-09-05T21:42:33Z,2026-09-06 04:42:33,667,24.80000,72.00000,0.00031,1.93673,22.00000,13.00000,1524.00000,1,Baik
2026-09-05T21:42:53Z,2026-09-06 04:42:53,668,24.80000,72.00000,0.00031,1.93673,22.00000,13.00000,1521.00000,1,Baik
2026-09-05T21:43:13Z,2026-09-06 04:43:13,669,24.80000,72.00000,0.00031,1.93673,22.00000,13.00000,1521.00000,1,Baik
2026-09-05T21:43:33Z,2026-09-06 04:43:33,670,24.80000,72.10000,0.00031,1.95549,22.00000,13.00000,1529.00000,1,Baik
2026-09-05T21:43:53Z,2026-09-06 04:43:53,671,24.80000,72.10000,0.00031,1.95549,22.00000,13.00000,1531.00000,1,Baik
2026-09-05T21:44:13Z,2026-09-06 04:44:13,672,24.80000,72.10000,0.00031,1.95549,22.00000,13.00000,1524.00000,1,Baik
2026-09-05T21:44:33Z,2026-09-06 04:44:33,673,24.80000,72.10000,0.00031,1.95549,22.00000,13.00000,1523.00000,1,Baik
2026-09-05T21:44:53Z,2026-09-06 04:44:53,674,24.80000,72.10000,0.00031,1.95549,22.00000,13.00000,1525.00000,1,Baik
2026-09-05T21:45:13Z,2026-09-06 04:45:13,675,24.80000,72.00000,0.00031,1.95312,22.00000,13.00000,1517.00000,1,Baik
2026-09-05T21:45:33Z,2026-09-06 04:45:33,676,24.80000,72.00000,0.00031,1.93673,22.00000,13.00000,1523.00000,1,Baik
2026-09-05T21:45:53Z,2026-09-06 04:45:53,677,24.80000,72.10000,0.00031,1.95549,22.00000,13.00000,1525.00000,1,Baik
2026-09-05T21:46:13Z,2026-09-06 04:46:13,678,24.80000,72.00000,0.00031,1.93673,22.00000,13.00000,1520.00000,1,Baik
2026-09-05T21:46:33Z,2026-09-06 04:46:33,679,24.80000,72.00000,0.00031,1.93673,22.00000,13.00000,1523.00000,1,Baik
2026-09-05T21:46:53Z,2026-09-06 04:46:53,680,24.80000,72.00000,0.00031,1.93673,22.00000,13.00000,1521.00000,1,Baik
2026-09-05T21:47:13Z,2026-09-06 04:47:13,681,24.80000,72.10000,0.00031,1.95549,22.00000,13.00000,1522.00000,1,Baik
2026-09-05T21:47:33Z,2026-09-06 04:47:33,682,24.80000,72.10000,0.00031,1.95549,22.00000,13.00000,1530.00000,1,Baik
2026-09-05T21:47:53Z,2026-09-06 04:47:53,683,24.80000,72.10000,0.00031,1.98919,23.00000,13.00000,1525.00000,1,Baik
2026-09-05T21:48:13Z,2026-09-06 04:48:13,684,24.80000,72.00000,0.00031,1.97669,22.00000,13.00000,1525.00000,1,Baik
2026-09-05T21:48:33Z,2026-09-06 04:48:33,685,24.80000,72.00000,0.00031,1.93673,22.00000,13.00000,1520.00000,1,Baik
2026-09-05T21:48:53Z,2026-09-06 04:48:53,686,24.90000,72.00000,0.00031,1.95860,22.00000,13.00000,1523.00000,1,Baik
2026-09-05T21:49:13Z,2026-09-06 04:49:13,687,24.90000,71.90000,0.00031,1.93673,22.00000,13.00000,1521.00000,1,Baik
2026-09-05T21:49:33Z,2026-09-06 04:49:33,688,24.90000,72.00000,0.00031,1.93673,22.00000,13.00000,1533.00000,1,Baik
2026-09-05T21:49:53Z,2026-09-06 04:49:53,689,24.90000,71.90000,0.00031,1.95860,22.00000,13.00000,1530.00000,1,Baik
2026-09-05T21:50:13Z,2026-09-06 04:50:13,690,24.90000,72.00000,0.00031,1.93673,22.00000,13.00000,1530.00000,1,Baik
2026-09-05T21:50:33Z,2026-09-06 04:50:33,691,24.90000,72.00000,0.00031,1.93673,22.00000,13.00000,1529.00000,1,Baik
2026-09-05T21:50:53Z,2026-09-06 04:50:53,692,24.90000,72.00000,0.00031,1.93673,22.00000,13.00000,1522.00000,1,Baik
2026-09-05T21:51:13Z,2026-09-06 04:51:13,693,24.90000,72.00000,0.00031,1.93673,22.00000,13.00000,1527.00000,1,Baik
2026-09-05T21:51:33Z,2026-09-06 04:51:33,694,24.90000,71.90000,0.00031,1.95860,22.00000,13.00000,1523.00000,1,Baik
2026-09-05T21:51:53Z,2026-09-06 04:51:53,695,24.90000,71.90000,0.00031,1.97669,22.00000,13.00000,1531.00000,1,Baik
2026-09-05T21:52:13Z,2026-09-06 04:52:13,696,24.90000,71.90000,0.00031,1.95860,22.00000,13.00000,1525.00000,1,Baik
2026-09-05T21:52:33Z,2026-09-06 04:52:33,697,24.90000,71.90000,0.00031,1.95860,22.00000,13.00000,1523.00000,1,Baik
2026-09-05T21:52:53Z,2026-09-06 04:52:53,698,24.90000,71.90000,0.00031,1.97669,22.00000,13.00000,1531.00000,1,Baik
2026-09-05T21:53:13Z,2026-09-06 04:53:13,699,24.90000,71.80000,0.00031,1.97669,22.00000,13.00000,1530.00000,1,Baik
2026-09-05T21:53:33Z,2026-09-06 04:53:33,700,24.90000,71.80000,0.00031,1.97669,22.00000,13.00000,1535.00000,1,Baik
2026-09-05T21:53:53Z,2026-09-06 04:53:53,701,25.00000,71.80000,0.00031,1.97669,22.00000,13.00000,1531.00000,1,Baik
2026-09-05T21:54:13Z,2026-09-06 04:54:13,702,25.00000,71.80000,0.00031,1.97669,22.00000,13.00000,1535.00000,1,Baik
2026-09-05T21:54:33Z,2026-09-06 04:54:33,703,25.00000,71.90000,0.00031,1.97669,22.00000,13.00000,1534.00000,1,Baik
2026-09-05T21:54:53Z,2026-09-06 04:54:53,704,25.00000,71.90000,0.00031,1.97669,22.00000,13.00000,1533.00000,1,Baik
2026-09-05T21:55:13Z,2026-09-06 04:55:13,705,25.00000,71.80000,0.00031,1.97044,22.00000,13.00000,1533.00000,1,Baik
2026-09-05T21:55:33Z,2026-09-06 04:55:33,706,25.00000,71.80000,0.00031,1.97669,22.00000,13.00000,1531.00000,1,Baik
2026-09-05T21:55:53Z,2026-09-06 04:55:53,707,25.00000,71.70000,0.00031,1.97669,22.00000,13.00000,1535.00000,1,Baik
2026-09-05T21:56:13Z,2026-09-06 04:56:13,708,25.00000,71.70000,0.00031,1.97044,22.00000,13.00000,1531.00000,1,Baik
2026-09-05T21:56:33Z,2026-09-06 04:56:33,709,25.00000,71.80000,0.00031,2.06062,23.00000,13.00000,1533.00000,1,Baik
2026-09-05T21:56:53Z,2026-09-06 04:56:53,710,25.00000,71.70000,0.00031,2.06062,23.00000,13.00000,1535.00000,1,Baik
2026-09-05T21:57:13Z,2026-09-06 04:57:13,711,25.00000,71.70000,0.00031,2.01079,23.00000,13.00000,1535.00000,1,Baik
2026-09-05T21:57:33Z,2026-09-06 04:57:33,712,25.00000,71.60000,0.00031,2.01079,23.00000,13.00000,1535.00000,1,Baik
2026-09-05T21:57:53Z,2026-09-06 04:57:53,713,25.00000,71.70000,0.00031,2.06062,23.00000,13.00000,1535.00000,1,Baik
2026-09-05T21:58:13Z,2026-09-06 04:58:13,714,25.00000,71.60000,0.00031,2.01079,23.00000,13.00000,1535.00000,1,Baik
2026-09-05T21:58:33Z,2026-09-06 04:58:33,715,25.00000,71.70000,0.00031,2.06062,23.00000,13.00000,1535.00000,1,Baik
2026-09-05T21:58:53Z,2026-09-06 04:58:53,716,25.00000,71.60000,0.00031,2.01079,23.00000,13.00000,1535.00000,1,Baik
2026-09-05T21:59:13Z,2026-09-06 04:59:13,717,25.00000,71.60000,0.00031,2.17637,25.00000,13.00000,1563.00000,1,Baik
2026-09-05T21:59:33Z,2026-09-06 04:59:33,718,25.00000,71.70000,0.00031,2.24695,26.00000,13.00000,1558.00000,1,Baik
2026-09-05T21:59:53Z,2026-09-06 04:59:53,719,25.00000,71.60000,0.00031,2.24695,26.00000,13.00000,1558.00000,1,Baik
2026-09-05T22:00:13Z,2026-09-06 05:00:13,720,25.00000,71.50000,0.00031,2.24695,26.00000,13.00000,1557.00000,1,Baik
2026-09-05T22:00:33Z,2026-09-06 05:00:33,721,25.10000,71.60000,0.00031,2.24695,26.00000,13.00000,1535.00000,1,Baik
2026-09-05T22:00:53Z,2026-09-06 05:00:53,722,25.10000,71.60000,0.00031,2.24695,26.00000,13.00000,1558.00000,1,Baik
2026-09-05T22:01:13Z,2026-09-06 05:01:13,723,25.00000,71.60000,0.00031,2.24695,26.00000,13.00000,1555.00000,1,Baik
2026-09-05T22:01:33Z,2026-09-06 05:01:33,724,25.00000,71.60000,0.00031,2.23584,25.00000,13.00000,1555.00000,1,Baik
2026-09-05T22:01:53Z,2026-09-06 05:01:53,725,25.00000,71.60000,0.00031,2.24695,26.00000,13.00000,1557.00000,1,Baik
2026-09-05T22:02:13Z,2026-09-06 05:02:13,726,25.00000,71.70000,0.00031,2.23584,25.00000,13.00000,1693.00000,1,Baik
2026-09-05T22:02:33Z,2026-09-06 05:02:33,727,25.00000,71.60000,0.00031,2.26128,26.00000,13.00000,1723.00000,1,Baik
2026-09-05T22:02:53Z,2026-09-06 05:02:53,728,25.00000,71.60000,0.00031,2.35213,27.00000,13.00000,1679.00000,1,Baik
2026-09-05T22:03:13Z,2026-09-06 05:03:13,729,25.00000,71.70000,0.00031,2.31680,26.00000,13.00000,1656.00000,1,Baik
2026-09-05T22:03:33Z,2026-09-06 05:03:33,730,25.00000,71.60000,0.00031,2.33421,27.00000,13.00000,1635.00000,1,Baik
2026-09-05T22:03:53Z,2026-09-06 05:03:53,731,25.00000,71.70000,0.00031,2.33421,27.00000,13.00000,1619.00000,1,Baik
2026-09-05T22:04:13Z,2026-09-06 05:04:13,732,25.00000,71.70000,0.00031,2.34599,27.00000,13.00000,1607.00000,1,Baik
2026-09-05T22:04:33Z,2026-09-06 05:04:33,733,25.00000,71.70000,0.00031,2.31680,26.00000,13.00000,1600.00000,1,Baik
2026-09-05T22:04:53Z,2026-09-06 05:04:53,734,25.00000,71.70000,0.00031,2.33421,27.00000,13.00000,1595.00000,1,Baik
2026-09-05T22:05:13Z,2026-09-06 05:05:13,735,25.00000,71.70000,0.00031,2.33421,27.00000,13.00000,1583.00000,1,Baik
2026-09-05T22:05:33Z,2026-09-06 05:05:33,736,25.00000,71.70000,0.00031,2.33421,27.00000,13.00000,1579.00000,1,Baik
2026-09-05T22:05:53Z,2026-09-06 05:05:53,737,25.00000,71.60000,0.00031,2.33421,27.00000,13.00000,1569.00000,1,Baik
2026-09-05T22:06:13Z,2026-09-06 05:06:13,738,25.00000,71.60000,0.00031,2.35213,27.00000,13.00000,1566.00000,1,Baik
2026-09-05T22:06:33Z,2026-09-06 05:06:33,739,25.00000,71.60000,0.00031,2.35213,27.00000,13.00000,1563.00000,1,Baik
2026-09-05T22:06:53Z,2026-09-06 05:06:53,740,25.00000,71.50000,0.00031,2.35213,27.00000,13.00000,1558.00000,1,Baik
2026-09-05T22:07:13Z,2026-09-06 05:07:13,741,25.00000,71.50000,0.00031,2.35213,27.00000,13.00000,1558.00000,1,Baik
2026-09-05T22:07:33Z,2026-09-06 05:07:33,742,25.00000,71.60000,0.00031,2.35213,27.00000,13.00000,1562.00000,1,Baik
2026-09-05T22:07:53Z,2026-09-06 05:07:53,743,25.00000,71.50000,0.00031,2.35213,27.00000,13.00000,1559.00000,1,Baik
2026-09-05T22:08:13Z,2026-09-06 05:08:13,744,25.00000,71.40000,0.00031,2.35213,27.00000,13.00000,1557.00000,1,Baik
2026-09-05T22:08:33Z,2026-09-06 05:08:33,745,25.00000,71.40000,0.00031,2.35213,27.00000,13.00000,1552.00000,1,Baik
2026-09-05T22:08:53Z,2026-09-06 05:08:53,746,25.00000,71.50000,0.00031,2.35213,27.00000,13.00000,1553.00000,1,Baik
2026-09-05T22:09:13Z,2026-09-06 05:09:13,747,25.00000,71.40000,0.00031,2.37047,27.00000,13.00000,1556.00000,1,Baik
2026-09-05T22:09:33Z,2026-09-06 05:09:33,748,25.00000,71.40000,0.00031,2.47677,28.00000,13.00000,1557.00000,1,Baik
2026-09-05T22:09:53Z,2026-09-06 05:09:53,749,25.00000,71.40000,0.00031,2.35213,27.00000,13.00000,1555.00000,1,Baik
2026-09-05T22:10:13Z,2026-09-06 05:10:13,750,25.00000,71.40000,0.00031,2.98669,34.00000,13.00000,1558.00000,1,Baik
2026-09-05T22:10:33Z,2026-09-06 05:10:33,751,25.00000,71.40000,0.00031,2.30119,26.00000,13.00000,1553.00000,1,Baik
2026-09-05T22:10:53Z,2026-09-06 05:10:53,752,25.00000,71.40000,0.00031,2.37047,27.00000,13.00000,1535.00000,1,Baik
2026-09-05T22:11:13Z,2026-09-06 05:11:13,753,25.00000,71.40000,0.00031,2.30119,26.00000,13.00000,1535.00000,1,Baik
2026-09-05T22:11:33Z,2026-09-06 05:11:33,754,25.00000,71.40000,0.00031,2.28979,26.00000,13.00000,1535.00000,1,Baik
2026-09-05T22:11:53Z,2026-09-06 05:11:53,755,25.00000,71.40000,0.00031,2.37047,27.00000,13.00000,1535.00000,1,Baik
2026-09-05T22:12:13Z,2026-09-06 05:12:13,756,25.10000,71.30000,0.00031,2.49087,28.00000,13.00000,1535.00000,1,Baik
2026-09-05T22:12:33Z,2026-09-06 05:12:33,757,25.10000,71.30000,0.00031,2.30119,26.00000,13.00000,1535.00000,1,Baik
2026-09-05T22:12:53Z,2026-09-06 05:12:53,758,25.10000,71.30000,0.00031,2.30119,26.00000,13.00000,1527.00000,1,Baik
2026-09-05T22:13:13Z,2026-09-06 05:13:13,759,25.00000,71.30000,0.00031,2.30119,26.00000,13.00000,1534.00000,1,Baik
2026-09-05T22:13:33Z,2026-09-06 05:13:33,760,25.10000,71.30000,0.00031,2.49087,28.00000,13.00000,1535.00000,1,Baik
2026-09-05T22:13:53Z,2026-09-06 05:13:53,761,25.10000,71.30000,0.00031,2.30119,26.00000,13.00000,1532.00000,1,Baik
2026-09-05T22:14:13Z,2026-09-06 05:14:13,762,25.00000,71.30000,0.00031,2.52457,29.00000,13.00000,1531.00000,1,Baik
2026-09-05T22:14:33Z,2026-09-06 05:14:33,763,25.10000,71.30000,0.00031,2.37047,27.00000,13.00000,1532.00000,1,Baik
2026-09-05T22:14:53Z,2026-09-06 05:14:53,764,25.10000,71.30000,0.00031,2.37047,27.00000,13.00000,1521.00000,1,Baik
2026-09-05T22:15:13Z,2026-09-06 05:15:13,765,25.10000,71.20000,0.00031,2.30119,26.00000,13.00000,1521.00000,1,Baik
2026-09-05T22:15:33Z,2026-09-06 05:15:33,766,25.00000,71.30000,0.00031,2.28979,26.00000,13.00000,1521.00000,1,Baik
2026-09-05T22:15:53Z,2026-09-06 05:15:53,767,25.00000,71.20000,0.00031,2.51174,29.00000,13.00000,1520.00000,1,Baik
2026-09-05T22:16:13Z,2026-09-06 05:16:13,768,25.10000,71.20000,0.00031,2.52040,29.00000,13.00000,1521.00000,1,Baik
2026-09-05T22:16:33Z,2026-09-06 05:16:33,769,25.10000,71.20000,0.00031,2.53960,29.00000,13.00000,1520.00000,1,Baik
2026-09-05T22:16:53Z,2026-09-06 05:16:53,770,25.10000,71.10000,0.00031,2.28979,26.00000,13.00000,1521.00000,1,Baik
2026-09-05T22:17:13Z,2026-09-06 05:17:13,771,25.10000,71.20000,0.00031,2.30119,26.00000,13.00000,1520.00000,1,Baik
2026-09-05T22:17:33Z,2026-09-06 05:17:33,772,25.10000,71.20000,0.00031,2.37047,27.00000,13.00000,1511.00000,1,Baik
2026-09-05T22:17:53Z,2026-09-06 05:17:53,773,25.10000,71.20000,0.00031,2.52040,29.00000,13.00000,1520.00000,1,Baik
2026-09-05T22:18:13Z,2026-09-06 05:18:13,774,25.10000,71.20000,0.00031,2.52584,29.00000,13.00000,1520.00000,1,Baik
2026-09-05T22:18:33Z,2026-09-06 05:18:33,775,25.10000,71.20000,0.00031,2.52040,29.00000,13.00000,1517.00000,1,Baik
2026-09-05T22:18:53Z,2026-09-06 05:18:53,776,25.10000,71.20000,0.00031,2.52040,29.00000,13.00000,1525.00000,1,Baik
2026-09-05T22:19:13Z,2026-09-06 05:19:13,777,25.10000,71.10000,0.00031,2.37047,27.00000,13.00000,1518.00000,1,Baik
2026-09-05T22:19:33Z,2026-09-06 05:19:33,778,25.10000,71.10000,0.00031,2.30119,26.00000,13.00000,1516.00000,1,Baik
2026-09-05T22:19:53Z,2026-09-06 05:19:53,779,25.10000,71.10000,0.00031,2.28979,26.00000,13.00000,1521.00000,1,Baik
2026-09-05T22:20:13Z,2026-09-06 05:20:13,780,25.10000,71.10000,0.00031,2.49087,28.00000,13.00000,1520.00000,1,Baik
2026-09-05T22:20:33Z,2026-09-06 05:20:33,781,25.10000,71.10000,0.00031,2.53960,29.00000,13.00000,1520.00000,1,Baik
2026-09-05T22:20:53Z,2026-09-06 05:20:53,782,25.10000,71.10000,0.00031,2.49087,28.00000,13.00000,1520.00000,1,Baik
2026-09-05T22:21:13Z,2026-09-06 05:21:13,783,25.10000,71.00000,0.00031,2.52584,29.00000,13.00000,1515.00000,1,Baik
2026-09-05T22:21:33Z,2026-09-06 05:21:33,784,25.10000,71.00000,0.00031,2.52584,29.00000,13.00000,1518.00000,1,Baik
2026-09-05T22:21:53Z,2026-09-06 05:21:53,785,25.10000,71.00000,0.00031,2.49087,28.00000,13.00000,1520.00000,1,Baik
2026-09-05T22:22:13Z,2026-09-06 05:22:13,786,25.10000,71.10000,0.00031,2.54169,29.00000,13.00000,1515.00000,1,Baik
2026-09-05T22:22:33Z,2026-09-06 05:22:33,787,25.10000,71.00000,0.00031,2.49087,28.00000,13.00000,1511.00000,1,Baik
2026-09-05T22:22:53Z,2026-09-06 05:22:53,788,25.10000,71.00000,0.00031,2.49087,28.00000,13.00000,1519.00000,1,Baik
2026-09-05T22:23:13Z,2026-09-06 05:23:13,789,25.10000,71.00000,0.00031,2.52584,29.00000,13.00000,1517.00000,1,Baik
2026-09-05T22:23:33Z,2026-09-06 05:23:33,790,25.10000,71.00000,0.00031,2.49087,28.00000,13.00000,1515.00000,1,Baik
2026-09-05T22:23:53Z,2026-09-06 05:23:53,791,25.10000,70.90000,0.00031,2.49087,28.00000,13.00000,1511.00000,1,Baik
2026-09-05T22:24:13Z,2026-09-06 05:24:13,792,25.10000,71.00000,0.00031,2.49087,28.00000,13.00000,1511.00000,1,Baik
2026-09-05T22:24:33Z,2026-09-06 05:24:33,793,25.10000,71.00000,0.00031,2.49087,28.00000,13.00000,1515.00000,1,Baik
2026-09-05T22:24:53Z,2026-09-06 05:24:53,794,25.10000,70.90000,0.00031,2.49087,28.00000,13.00000,1514.00000,1,Baik
2026-09-05T22:25:13Z,2026-09-06 05:25:13,795,25.10000,70.90000,0.00031,2.49741,28.00000,13.00000,1511.00000,1,Baik
2026-09-05T22:25:33Z,2026-09-06 05:25:33,796,25.10000,70.90000,0.00031,2.49087,28.00000,13.00000,1513.00000,1,Baik
2026-09-05T22:25:53Z,2026-09-06 05:25:53,797,25.10000,70.90000,0.00031,2.48119,28.00000,13.00000,1516.00000,1,Baik
2026-09-05T22:26:13Z,2026-09-06 05:26:13,798,25.10000,70.90000,0.00031,2.49087,28.00000,13.00000,1511.00000,1,Baik
2026-09-05T22:26:33Z,2026-09-06 05:26:33,799,25.10000,70.90000,0.00031,2.49741,28.00000,13.00000,1512.00000,1,Baik
2026-09-05T22:26:53Z,2026-09-06 05:26:53,800,25.10000,70.90000,0.00031,2.48119,28.00000,13.00000,1512.00000,1,Baik
2026-09-05T22:27:13Z,2026-09-06 05:27:13,801,25.10000,70.90000,0.00031,2.48119,28.00000,13.00000,1513.00000,1,Baik
2026-09-05T22:27:33Z,2026-09-06 05:27:33,802,25.10000,70.90000,0.00031,2.48119,28.00000,13.00000,1515.00000,1,Baik
2026-09-05T22:27:53Z,2026-09-06 05:27:53,803,25.10000,70.80000,0.00031,2.48119,28.00000,13.00000,1509.00000,1,Baik
2026-09-05T22:28:13Z,2026-09-06 05:28:13,804,25.10000,70.90000,0.00031,2.48119,28.00000,13.00000,1513.00000,1,Baik
2026-09-05T22:28:33Z,2026-09-06 05:28:33,805,25.10000,70.90000,0.00031,2.49741,28.00000,13.00000,1507.00000,1,Baik
2026-09-05T22:28:53Z,2026-09-06 05:28:53,806,25.10000,70.80000,0.00031,2.48119,28.00000,13.00000,1513.00000,1,Baik
2026-09-05T22:29:13Z,2026-09-06 05:29:13,807,25.10000,70.80000,0.00031,2.50147,28.00000,13.00000,1520.00000,1,Baik
2026-09-05T22:29:33Z,2026-09-06 05:29:33,808,25.10000,70.70000,0.00031,2.50147,28.00000,13.00000,1511.00000,1,Baik
2026-09-05T22:29:53Z,2026-09-06 05:29:53,809,25.10000,70.80000,0.00031,2.51211,29.00000,13.00000,1507.00000,1,Baik
2026-09-05T22:30:13Z,2026-09-06 05:30:13,810,25.10000,70.80000,0.00031,2.52105,29.00000,13.00000,1506.00000,1,Baik
2026-09-05T22:30:33Z,2026-09-06 05:30:33,811,25.10000,70.80000,0.00031,2.48119,28.00000,13.00000,1506.00000,1,Baik
2026-09-05T22:30:53Z,2026-09-06 05:30:53,812,25.10000,70.80000,0.00031,2.50147,28.00000,13.00000,1510.00000,1,Baik
2026-09-05T22:31:13Z,2026-09-06 05:31:13,813,25.20000,70.80000,0.00031,2.53873,29.00000,13.00000,1515.00000,1,Baik
2026-09-05T22:31:33Z,2026-09-06 05:31:33,814,25.20000,70.80000,0.00031,2.53873,29.00000,13.00000,1511.00000,1,Baik
2026-09-05T22:31:53Z,2026-09-06 05:31:53,815,25.20000,70.70000,0.00031,2.52738,29.00000,13.00000,1509.00000,1,Baik
2026-09-05T22:32:13Z,2026-09-06 05:32:13,816,25.20000,70.70000,0.00031,2.51674,29.00000,13.00000,1504.00000,1,Baik
2026-09-05T22:32:33Z,2026-09-06 05:32:33,817,25.20000,70.60000,0.00031,2.58467,29.00000,13.00000,1507.00000,1,Baik
2026-09-05T22:32:53Z,2026-09-06 05:32:53,818,25.20000,70.60000,0.00031,2.58467,29.00000,13.00000,1510.00000,1,Baik
2026-09-05T22:33:13Z,2026-09-06 05:33:13,819,25.20000,70.70000,0.00031,2.53873,29.00000,13.00000,1509.00000,1,Baik
2026-09-05T22:33:33Z,2026-09-06 05:33:33,820,25.20000,70.60000,0.00031,2.66925,30.00000,13.00000,1510.00000,1,Baik
2026-09-05T22:33:53Z,2026-09-06 05:33:53,821,25.20000,70.60000,9.83536,2.69250,32.00000,13.00000,1510.00000,1,Baik
2026-09-05T22:34:13Z,2026-09-06 05:34:13,822,25.20000,70.60000,0.00031,2.70694,31.00000,13.00000,1504.00000,1,Baik
2026-09-05T22:34:33Z,2026-09-06 05:34:33,823,25.20000,70.70000,0.00031,2.63658,30.00000,13.00000,1503.00000,1,Baik
2026-09-05T22:34:53Z,2026-09-06 05:34:53,824,25.20000,70.60000,0.00031,2.69387,31.00000,13.00000,1517.00000,1,Baik
2026-09-05T22:35:13Z,2026-09-06 05:35:13,825,25.20000,70.60000,0.00031,2.69387,31.00000,13.00000,1503.00000,1,Baik
2026-09-05T22:35:33Z,2026-09-06 05:35:33,826,25.20000,70.50000,0.00031,2.69387,31.00000,13.00000,1503.00000,1,Baik
2026-09-05T22:35:53Z,2026-09-06 05:35:53,827,25.20000,70.70000,0.00031,2.63658,30.00000,13.00000,1507.00000,1,Baik
2026-09-05T22:36:13Z,2026-09-06 05:36:13,828,25.20000,70.70000,0.00031,2.63658,30.00000,13.00000,1511.00000,1,Baik
2026-09-05T22:36:33Z,2026-09-06 05:36:33,829,25.20000,70.60000,0.00031,2.74815,31.00000,13.00000,1508.00000,1,Baik
2026-09-05T22:36:53Z,2026-09-06 05:36:53,830,25.20000,70.60000,0.00031,2.70694,31.00000,13.00000,1511.00000,1,Baik
2026-09-05T22:37:13Z,2026-09-06 05:37:13,831,25.20000,70.60000,0.00031,2.78483,32.00000,13.00000,1505.00000,1,Baik
2026-09-05T22:37:33Z,2026-09-06 05:37:33,832,25.20000,70.60000,0.00031,2.80311,32.00000,13.00000,1515.00000,1,Baik
2026-09-05T22:37:53Z,2026-09-06 05:37:53,833,25.30000,70.50000,0.00031,2.80311,32.00000,13.00000,1507.00000,1,Baik
2026-09-05T22:38:13Z,2026-09-06 05:38:13,834,25.20000,70.50000,0.00031,2.78244,32.00000,13.00000,1511.00000,1,Baik
2026-09-05T22:38:33Z,2026-09-06 05:38:33,835,25.20000,70.50000,0.00031,2.80311,32.00000,13.00000,1501.00000,1,Baik
2026-09-05T22:38:53Z,2026-09-06 05:38:53,836,25.20000,70.50000,0.00031,2.80311,32.00000,13.00000,1499.00000,1,Baik
2026-09-05T22:39:13Z,2026-09-06 05:39:13,837,25.20000,70.50000,0.00031,2.80311,32.00000,13.00000,1502.00000,1,Baik
2026-09-05T22:39:33Z,2026-09-06 05:39:33,838,25.20000,70.50000,0.00031,2.80311,32.00000,13.00000,1507.00000,1,Baik
2026-09-05T22:39:53Z,2026-09-06 05:39:53,839,25.20000,70.50000,0.00031,2.78244,32.00000,13.00000,1509.00000,1,Baik
2026-09-05T22:40:13Z,2026-09-06 05:40:13,840,25.20000,70.50000,0.00031,2.92714,33.00000,13.00000,1509.00000,1,Baik
2026-09-05T22:40:33Z,2026-09-06 05:40:33,841,25.20000,70.50000,0.00031,2.92714,33.00000,13.00000,1503.00000,1,Baik
2026-09-05T22:40:53Z,2026-09-06 05:40:53,842,25.20000,70.50000,0.00031,2.80311,32.00000,13.00000,1504.00000,1,Baik
2026-09-05T22:41:13Z,2026-09-06 05:41:13,843,25.20000,70.50000,0.00031,2.78244,32.00000,13.00000,1503.00000,1,Baik
2026-09-05T22:41:33Z,2026-09-06 05:41:33,844,25.20000,70.50000,0.00031,2.80311,32.00000,13.00000,1504.00000,1,Baik
2026-09-05T22:41:53Z,2026-09-06 05:41:53,845,25.20000,70.50000,0.00031,2.92714,33.00000,13.00000,1502.00000,1,Baik
2026-09-05T22:42:13Z,2026-09-06 05:42:13,846,25.20000,70.50000,0.00031,2.86048,33.00000,13.00000,1505.00000,1,Baik
2026-09-05T22:42:33Z,2026-09-06 05:42:33,847,25.20000,70.50000,0.00031,2.92714,33.00000,13.00000,1506.00000,1,Baik
2026-09-05T22:42:53Z,2026-09-06 05:42:53,848,25.20000,70.50000,0.00031,2.92714,33.00000,13.00000,1505.00000,1,Baik
2026-09-05T22:43:13Z,2026-09-06 05:43:13,849,25.20000,70.50000,0.00031,2.88438,33.00000,13.00000,1510.00000,1,Baik
2026-09-05T22:43:33Z,2026-09-06 05:43:33,850,25.20000,70.50000,0.00031,2.92714,33.00000,13.00000,1503.00000,1,Baik
2026-09-05T22:43:53Z,2026-09-06 05:43:53,851,25.20000,70.40000,0.00031,2.88438,33.00000,13.00000,1506.00000,1,Baik
2026-09-05T22:44:13Z,2026-09-06 05:44:13,852,25.20000,70.40000,0.00031,2.86048,33.00000,13.00000,1503.00000,1,Baik
2026-09-05T22:44:33Z,2026-09-06 05:44:33,853,25.20000,70.40000,0.00031,2.92442,33.00000,13.00000,1506.00000,1,Baik
2026-09-05T22:44:53Z,2026-09-06 05:44:53,854,25.20000,70.40000,0.00031,2.92442,33.00000,13.00000,1506.00000,1,Baik
2026-09-05T22:45:13Z,2026-09-06 05:45:13,855,25.20000,70.40000,0.00031,2.90319,33.00000,13.00000,1503.00000,1,Baik
2026-09-05T22:45:33Z,2026-09-06 05:45:33,856,25.20000,70.40000,0.00031,2.90319,33.00000,13.00000,1503.00000,1,Baik
2026-09-05T22:45:53Z,2026-09-06 05:45:53,857,25.20000,70.30000,0.00031,2.90319,33.00000,13.00000,1503.00000,1,Baik
2026-09-05T22:46:13Z,2026-09-06 05:46:13,858,25.20000,70.20000,0.00031,2.90319,33.00000,13.00000,1502.00000,1,Baik
2026-09-05T22:46:33Z,2026-09-06 05:46:33,859,25.20000,70.20000,0.00031,2.92442,33.00000,13.00000,1502.00000,1,Baik
2026-09-05T22:46:53Z,2026-09-06 05:46:53,860,25.30000,70.10000,0.00031,2.85031,32.00000,13.00000,1494.00000,1,Baik
2026-09-05T22:47:13Z,2026-09-06 05:47:13,861,25.20000,70.10000,0.00031,2.93145,33.00000,13.00000,1469.00000,1,Baik
2026-09-05T22:47:33Z,2026-09-06 05:47:33,862,25.30000,70.00000,0.00031,2.85031,32.00000,13.00000,1477.00000,1,Baik
2026-09-05T22:47:53Z,2026-09-06 05:47:53,863,25.30000,70.10000,0.00031,2.86048,33.00000,13.00000,1488.00000,1,Baik
2026-09-05T22:48:13Z,2026-09-06 05:48:13,864,25.20000,70.10000,2.24932,2.85031,32.00000,13.00000,1493.00000,1,Baik
2026-09-05T22:48:33Z,2026-09-06 05:48:33,865,25.20000,70.10000,0.00031,2.88438,33.00000,13.00000,1498.00000,1,Baik
2026-09-05T22:48:53Z,2026-09-06 05:48:53,866,25.20000,70.10000,0.00031,2.88438,33.00000,13.00000,1509.00000,1,Baik
2026-09-05T22:49:13Z,2026-09-06 05:49:13,867,25.20000,70.10000,0.00031,2.93145,33.00000,13.00000,1516.00000,1,Baik
2026-09-05T22:49:33Z,2026-09-06 05:49:33,868,25.20000,70.10000,0.00031,2.94981,34.00000,13.00000,1520.00000,1,Baik
2026-09-05T22:49:53Z,2026-09-06 05:49:53,869,25.20000,70.10000,0.00031,2.92442,33.00000,13.00000,1517.00000,1,Baik
2026-09-05T22:50:14Z,2026-09-06 05:50:14,870,25.20000,70.10000,0.00031,2.92442,33.00000,13.00000,1517.00000,1,Baik
2026-09-05T22:50:33Z,2026-09-06 05:50:33,871,25.20000,70.10000,0.00031,2.90319,33.00000,13.00000,1520.00000,1,Baik
2026-09-05T22:50:53Z,2026-09-06 05:50:53,872,25.20000,70.10000,0.00031,2.92442,33.00000,13.00000,1514.00000,1,Baik
2026-09-05T22:51:13Z,2026-09-06 05:51:13,873,25.20000,70.10000,0.00031,2.90319,33.00000,13.00000,1514.00000,1,Baik
2026-09-05T22:51:33Z,2026-09-06 05:51:33,874,25.20000,70.20000,0.00031,2.93145,33.00000,13.00000,1500.00000,1,Baik
2026-09-05T22:51:53Z,2026-09-06 05:51:53,875,25.20000,70.10000,0.00031,2.93145,33.00000,13.00000,1507.00000,1,Baik
2026-09-05T22:52:13Z,2026-09-06 05:52:13,876,25.20000,70.20000,0.00031,2.92442,33.00000,13.00000,1511.00000,1,Baik
2026-09-05T22:52:33Z,2026-09-06 05:52:33,877,25.20000,70.10000,0.00061,2.92442,33.00000,13.00000,1507.00000,1,Baik
2026-09-05T22:52:53Z,2026-09-06 05:52:53,878,25.20000,70.20000,0.00031,2.90319,33.00000,13.00000,1511.00000,1,Baik
2026-09-05T22:53:13Z,2026-09-06 05:53:13,879,25.20000,70.20000,0.00031,2.90319,33.00000,13.00000,1512.00000,1,Baik
2026-09-05T22:53:33Z,2026-09-06 05:53:33,880,25.20000,70.10000,0.00031,2.90319,33.00000,13.00000,1513.00000,1,Baik
2026-09-05T22:53:53Z,2026-09-06 05:53:53,881,25.20000,70.10000,0.00031,2.90319,33.00000,13.00000,1515.00000,1,Baik
2026-09-05T22:54:13Z,2026-09-06 05:54:13,882,25.20000,70.10000,0.00031,2.90319,33.00000,13.00000,1518.00000,1,Baik
2026-09-05T22:54:33Z,2026-09-06 05:54:33,883,25.20000,70.10000,0.00061,2.90319,33.00000,13.00000,1518.00000,1,Baik
2026-09-05T22:54:53Z,2026-09-06 05:54:53,884,25.20000,70.00000,0.00031,2.90319,33.00000,13.00000,1515.00000,1,Baik
2026-09-05T22:55:13Z,2026-09-06 05:55:13,885,25.20000,70.00000,0.00031,2.90319,33.00000,13.00000,1505.00000,1,Baik
2026-09-05T22:55:33Z,2026-09-06 05:55:33,886,25.20000,69.90000,0.00031,2.90319,33.00000,13.00000,1511.00000,1,Baik
2026-09-05T22:55:53Z,2026-09-06 05:55:53,887,25.20000,69.90000,0.00031,2.90319,33.00000,13.00000,1516.00000,1,Baik
2026-09-05T22:56:13Z,2026-09-06 05:56:13,888,25.20000,70.00000,0.00031,2.90319,33.00000,13.00000,1514.00000,1,Baik
2026-09-05T22:56:33Z,2026-09-06 05:56:33,889,25.20000,70.00000,0.00031,2.90319,33.00000,13.00000,1510.00000,1,Baik
2026-09-05T22:56:53Z,2026-09-06 05:56:53,890,25.20000,69.90000,0.00031,2.90319,33.00000,13.00000,1515.00000,1,Baik
2026-09-05T22:57:13Z,2026-09-06 05:57:13,891,25.20000,69.90000,0.02327,2.90319,33.00000,13.00000,1509.00000,1,Baik
2026-09-05T22:57:33Z,2026-09-06 05:57:33,892,25.20000,69.90000,0.00031,2.90319,33.00000,13.00000,1508.00000,1,Baik
2026-09-05T22:57:53Z,2026-09-06 05:57:53,893,25.20000,70.00000,0.00031,2.90319,33.00000,13.00000,1508.00000,1,Baik
2026-09-05T22:58:13Z,2026-09-06 05:58:13,894,25.20000,69.90000,0.00031,2.90319,33.00000,13.00000,1509.00000,1,Baik
2026-09-05T22:58:33Z,2026-09-06 05:58:33,895,25.20000,69.90000,0.00031,2.90319,33.00000,13.00000,1505.00000,1,Baik
2026-09-05T22:58:53Z,2026-09-06 05:58:53,896,25.20000,69.80000,0.00031,2.90319,33.00000,13.00000,1508.00000,1,Baik
2026-09-05T22:59:13Z,2026-09-06 05:59:13,897,25.20000,69.80000,0.00031,2.91360,33.00000,13.00000,1509.00000,1,Baik
2026-09-05T22:59:33Z,2026-09-06 05:59:33,898,25.20000,69.80000,0.00031,2.91360,33.00000,13.00000,1505.00000,1,Baik
2026-09-05T22:59:53Z,2026-09-06 05:59:53,899,25.30000,69.90000,0.00031,2.91360,33.00000,13.00000,1507.00000,1,Baik
2026-09-05T23:00:13Z,2026-09-06 06:00:13,900,25.30000,69.90000,0.00031,2.92587,33.00000,13.00000,1501.00000,1,Baik
2026-09-05T23:00:33Z,2026-09-06 06:00:33,901,25.30000,69.80000,0.00031,2.92587,33.00000,13.00000,1499.00000,1,Baik
2026-09-05T23:00:53Z,2026-09-06 06:00:53,902,25.30000,69.80000,0.00031,2.92587,33.00000,13.00000,1511.00000,1,Baik
2026-09-05T23:01:13Z,2026-09-06 06:01:13,903,25.30000,69.80000,0.00031,2.93305,33.00000,13.00000,1509.00000,1,Baik
2026-09-05T23:01:33Z,2026-09-06 06:01:33,904,25.30000,69.80000,0.00031,2.93305,33.00000,13.00000,1497.00000,1,Baik
2026-09-05T23:01:53Z,2026-09-06 06:01:53,905,25.30000,69.90000,0.00031,2.93305,33.00000,13.00000,1526.00000,1,Baik
2026-09-05T23:02:13Z,2026-09-06 06:02:13,906,25.30000,69.90000,0.00031,2.93305,33.00000,13.00000,1505.00000,1,Baik
2026-09-05T23:02:33Z,2026-09-06 06:02:33,907,25.30000,69.90000,0.00031,2.88291,33.00000,13.00000,1504.00000,1,Baik
2026-09-05T23:02:53Z,2026-09-06 06:02:53,908,25.30000,69.90000,0.00031,2.93305,33.00000,13.00000,1507.00000,1,Baik
2026-09-05T23:03:14Z,2026-09-06 06:03:14,909,25.30000,69.90000,0.00031,2.93305,33.00000,13.00000,1506.00000,1,Baik
2026-09-05T23:03:33Z,2026-09-06 06:03:33,910,25.20000,69.90000,0.00031,2.88291,33.00000,13.00000,1508.00000,1,Baik
2026-09-05T23:03:53Z,2026-09-06 06:03:53,911,25.30000,69.90000,0.00031,2.93305,33.00000,13.00000,1513.00000,1,Baik
2026-09-05T23:04:14Z,2026-09-06 06:04:14,912,25.30000,69.90000,0.00031,2.93305,33.00000,13.00000,1513.00000,1,Baik
2026-09-05T23:04:33Z,2026-09-06 06:04:33,913,25.30000,69.80000,0.02327,2.93305,33.00000,13.00000,1517.00000,1,Baik
2026-09-05T23:04:53Z,2026-09-06 06:04:53,914,25.30000,69.90000,0.00031,2.93305,33.00000,13.00000,1513.00000,1,Baik
2026-09-05T23:05:14Z,2026-09-06 06:05:14,915,25.30000,69.80000,0.00031,2.93305,33.00000,13.00000,1510.00000,1,Baik
2026-09-05T23:05:33Z,2026-09-06 06:05:33,916,25.30000,69.80000,0.00031,2.93305,33.00000,13.00000,1503.00000,1,Baik
2026-09-05T23:05:54Z,2026-09-06 06:05:54,917,25.30000,69.80000,0.00031,2.93305,33.00000,13.00000,1519.00000,1,Baik
2026-09-05T23:06:14Z,2026-09-06 06:06:14,918,25.30000,69.80000,0.00031,2.93305,33.00000,13.00000,1520.00000,1,Baik
2026-09-05T23:06:33Z,2026-09-06 06:06:33,919,25.30000,69.80000,0.00031,2.93305,33.00000,13.00000,1519.00000,1,Baik
2026-09-05T23:06:53Z,2026-09-06 06:06:53,920,25.30000,69.80000,0.00031,2.93305,33.00000,13.00000,1518.00000,1,Baik
2026-09-05T23:07:14Z,2026-09-06 06:07:14,921,25.30000,69.80000,0.00031,2.93305,33.00000,13.00000,1520.00000,1,Baik
2026-09-05T23:07:33Z,2026-09-06 06:07:33,922,25.30000,69.80000,0.00031,2.93305,33.00000,13.00000,1520.00000,1,Baik
2026-09-05T23:07:53Z,2026-09-06 06:07:53,923,25.30000,69.70000,0.00031,2.91360,33.00000,13.00000,1520.00000,1,Baik
2026-09-05T23:08:14Z,2026-09-06 06:08:14,924,25.30000,69.70000,0.00031,2.93305,33.00000,13.00000,1517.00000,1,Baik
2026-09-05T23:08:34Z,2026-09-06 06:08:34,925,25.30000,69.60000,0.00031,2.93305,33.00000,13.00000,1519.00000,1,Baik
2026-09-05T23:08:53Z,2026-09-06 06:08:53,926,25.30000,69.60000,0.00031,2.93305,33.00000,13.00000,1517.00000,1,Baik
2026-09-05T23:09:14Z,2026-09-06 06:09:14,927,25.30000,69.60000,0.00031,2.93305,33.00000,13.00000,1520.00000,1,Baik
2026-09-05T23:09:34Z,2026-09-06 06:09:34,928,25.30000,69.50000,0.00031,2.93305,33.00000,13.00000,1518.00000,1,Baik
2026-09-05T23:09:54Z,2026-09-06 06:09:54,929,25.30000,69.50000,0.00031,2.93305,33.00000,13.00000,1519.00000,1,Baik
2026-09-05T23:10:14Z,2026-09-06 06:10:14,930,25.30000,69.50000,0.00031,2.93305,33.00000,13.00000,1519.00000,1,Baik
2026-09-05T23:10:34Z,2026-09-06 06:10:34,931,25.30000,69.50000,0.00031,2.93305,33.00000,13.00000,1517.00000,1,Baik
2026-09-05T23:10:53Z,2026-09-06 06:10:53,932,25.30000,69.50000,0.00031,2.94981,34.00000,13.00000,1519.00000,1,Baik
2026-09-05T23:11:14Z,2026-09-06 06:11:14,933,25.30000,69.40000,0.00031,2.93305,33.00000,13.00000,1517.00000,1,Baik
2026-09-05T23:11:34Z,2026-09-06 06:11:34,934,25.40000,69.40000,0.00031,2.93305,33.00000,13.00000,1519.00000,1,Baik
2026-09-05T23:11:53Z,2026-09-06 06:11:53,935,25.40000,69.40000,0.00031,3.02553,34.00000,13.00000,1527.00000,1,Baik
2026-09-05T23:12:14Z,2026-09-06 06:12:14,936,25.40000,69.30000,0.00031,2.93305,33.00000,13.00000,1519.00000,1,Baik
2026-09-05T23:12:34Z,2026-09-06 06:12:34,937,25.40000,69.30000,0.00031,2.93305,33.00000,13.00000,1520.00000,1,Baik
2026-09-05T23:12:54Z,2026-09-06 06:12:54,938,25.40000,69.40000,0.00031,2.93305,33.00000,13.00000,1519.00000,1,Baik
2026-09-05T23:13:14Z,2026-09-06 06:13:14,939,25.30000,69.30000,0.00031,2.93305,33.00000,13.00000,1524.00000,1,Baik
2026-09-05T23:13:34Z,2026-09-06 06:13:34,940,25.30000,69.40000,0.00031,2.93305,33.00000,13.00000,1524.00000,1,Baik
2026-09-05T23:13:54Z,2026-09-06 06:13:54,941,25.40000,69.30000,0.00031,2.93305,33.00000,13.00000,1520.00000,1,Baik
2026-09-05T23:14:14Z,2026-09-06 06:14:14,942,25.40000,69.30000,0.00031,2.93305,33.00000,13.00000,1517.00000,1,Baik
2026-09-05T23:14:34Z,2026-09-06 06:14:34,943,25.40000,69.30000,0.00031,2.93305,33.00000,13.00000,1515.00000,1,Baik
2026-09-05T23:14:54Z,2026-09-06 06:14:54,944,25.40000,69.20000,0.00031,2.93305,33.00000,13.00000,1510.00000,1,Baik
2026-09-05T23:15:14Z,2026-09-06 06:15:14,945,25.40000,69.20000,0.00031,2.94981,34.00000,13.00000,1515.00000,1,Baik
2026-09-05T23:15:34Z,2026-09-06 06:15:34,946,25.40000,69.20000,0.00031,2.93305,33.00000,13.00000,1508.00000,1,Baik
2026-09-05T23:15:54Z,2026-09-06 06:15:54,947,25.40000,69.20000,0.00031,2.93305,33.00000,13.00000,1503.00000,1,Baik
2026-09-05T23:16:14Z,2026-09-06 06:16:14,948,25.40000,69.20000,0.00031,2.93305,33.00000,13.00000,1504.00000,1,Baik
2026-09-05T23:16:34Z,2026-09-06 06:16:34,949,25.40000,69.20000,0.00031,2.93305,33.00000,13.00000,1507.00000,1,Baik
2026-09-05T23:16:54Z,2026-09-06 06:16:54,950,25.40000,69.20000,0.00031,2.93305,33.00000,13.00000,1514.00000,1,Baik
2026-09-05T23:17:14Z,2026-09-06 06:17:14,951,25.40000,69.20000,0.00031,2.93305,33.00000,13.00000,1504.00000,1,Baik
2026-09-05T23:17:34Z,2026-09-06 06:17:34,952,25.40000,69.20000,0.00031,2.93305,33.00000,13.00000,1505.00000,1,Baik
2026-09-05T23:17:54Z,2026-09-06 06:17:54,953,25.40000,69.20000,0.00031,2.94981,34.00000,13.00000,1511.00000,1,Baik
2026-09-05T23:18:14Z,2026-09-06 06:18:14,954,25.40000,69.20000,0.00031,2.93305,33.00000,13.00000,1511.00000,1,Baik
2026-09-05T23:18:34Z,2026-09-06 06:18:34,955,25.30000,69.20000,0.00031,2.93305,33.00000,13.00000,1509.00000,1,Baik
2026-09-05T23:18:54Z,2026-09-06 06:18:54,956,25.40000,69.30000,0.00031,2.93305,33.00000,13.00000,1511.00000,1,Baik
2026-09-05T23:19:14Z,2026-09-06 06:19:14,957,25.40000,69.30000,0.00031,2.93305,33.00000,13.00000,1511.00000,1,Baik
2026-09-05T23:19:34Z,2026-09-06 06:19:34,958,25.40000,69.30000,0.00031,2.93305,33.00000,13.00000,1797.00000,1,Baik
2026-09-05T23:19:54Z,2026-09-06 06:19:54,959,25.40000,69.30000,0.00031,2.88291,33.00000,13.00000,1507.00000,1,Baik
2026-09-05T23:20:14Z,2026-09-06 06:20:14,960,25.40000,69.20000,0.00031,2.93305,33.00000,13.00000,1518.00000,1,Baik
2026-09-05T23:20:34Z,2026-09-06 06:20:34,961,25.40000,69.20000,0.00031,2.93305,33.00000,13.00000,1520.00000,1,Baik
2026-09-05T23:20:54Z,2026-09-06 06:20:54,962,25.40000,69.20000,0.00031,3.01804,34.00000,13.00000,1524.00000,1,Baik
2026-09-05T23:21:14Z,2026-09-06 06:21:14,963,25.40000,69.10000,0.00031,3.01804,34.00000,13.00000,1514.00000,1,Baik
2026-09-05T23:21:34Z,2026-09-06 06:21:34,964,25.40000,69.20000,0.00031,2.94981,34.00000,13.00000,1510.00000,1,Baik
2026-09-05T23:21:54Z,2026-09-06 06:21:54,965,25.30000,69.20000,0.00031,2.94981,34.00000,13.00000,1520.00000,1,Baik
2026-09-05T23:22:14Z,2026-09-06 06:22:14,966,25.30000,69.20000,0.00031,2.94981,34.00000,13.00000,1505.00000,1,Baik
2026-09-05T23:22:34Z,2026-09-06 06:22:34,967,25.30000,69.20000,0.00031,2.94981,34.00000,13.00000,1511.00000,1,Baik
2026-09-05T23:22:54Z,2026-09-06 06:22:54,968,25.30000,69.20000,0.00031,2.94981,34.00000,13.00000,1514.00000,1,Baik
2026-09-05T23:23:14Z,2026-09-06 06:23:14,969,25.30000,69.20000,0.00031,2.94981,34.00000,13.00000,1518.00000,1,Baik
2026-09-05T23:23:34Z,2026-09-06 06:23:34,970,25.30000,69.20000,0.00031,2.94981,34.00000,13.00000,1519.00000,1,Baik
2026-09-05T23:23:54Z,2026-09-06 06:23:54,971,25.30000,69.20000,0.00031,2.94981,34.00000,13.00000,1517.00000,1,Baik
2026-09-05T23:24:14Z,2026-09-06 06:24:14,972,25.30000,69.20000,0.00031,2.93305,33.00000,13.00000,1518.00000,1,Baik
2026-09-05T23:24:34Z,2026-09-06 06:24:34,973,25.30000,69.10000,0.00031,2.93305,33.00000,13.00000,1509.00000,1,Baik
2026-09-05T23:24:54Z,2026-09-06 06:24:54,974,25.30000,69.20000,0.00031,2.94981,34.00000,13.00000,1520.00000,1,Baik
2026-09-05T23:25:14Z,2026-09-06 06:25:14,975,25.30000,69.20000,0.00031,2.93305,33.00000,13.00000,1515.00000,1,Baik
2026-09-05T23:25:34Z,2026-09-06 06:25:34,976,25.30000,69.10000,0.00031,3.01804,34.00000,13.00000,1521.00000,1,Baik
2026-09-05T23:25:54Z,2026-09-06 06:25:54,977,25.30000,69.20000,0.00031,3.04741,35.00000,13.00000,1520.00000,1,Baik
2026-09-05T23:26:14Z,2026-09-06 06:26:14,978,25.30000,69.10000,0.00031,2.93305,33.00000,13.00000,1518.00000,1,Baik
2026-09-05T23:26:34Z,2026-09-06 06:26:34,979,25.40000,69.10000,0.00031,2.94981,34.00000,13.00000,1517.00000,1,Baik
2026-09-05T23:26:54Z,2026-09-06 06:26:54,980,25.30000,69.10000,0.00031,2.94981,34.00000,13.00000,1522.00000,1,Baik
2026-09-05T23:27:14Z,2026-09-06 06:27:14,981,25.30000,69.10000,0.00031,2.93305,33.00000,13.00000,1520.00000,1,Baik
2026-09-05T23:27:34Z,2026-09-06 06:27:34,982,25.40000,69.00000,0.00031,2.94981,34.00000,13.00000,1520.00000,1,Baik
2026-09-05T23:27:54Z,2026-09-06 06:27:54,983,25.40000,69.10000,0.00031,2.93305,33.00000,13.00000,1520.00000,1,Baik
2026-09-05T23:28:14Z,2026-09-06 06:28:14,984,25.30000,69.10000,0.00031,2.94981,34.00000,13.00000,1520.00000,1,Baik
2026-09-05T23:28:34Z,2026-09-06 06:28:34,985,25.30000,69.10000,0.00031,2.94981,34.00000,13.00000,1520.00000,1,Baik
2026-09-05T23:28:54Z,2026-09-06 06:28:54,986,25.30000,69.10000,0.00031,2.94981,34.00000,13.00000,1523.00000,1,Baik
2026-09-05T23:29:14Z,2026-09-06 06:29:14,987,25.30000,69.20000,0.00031,3.01804,34.00000,13.00000,1520.00000,1,Baik
2026-09-05T23:29:34Z,2026-09-06 06:29:34,988,25.30000,69.20000,0.00031,2.94981,34.00000,13.00000,1523.00000,1,Baik
2026-09-05T23:29:54Z,2026-09-06 06:29:54,989,25.30000,69.20000,0.00031,2.94981,34.00000,13.00000,1520.00000,1,Baik
2026-09-05T23:30:14Z,2026-09-06 06:30:14,990,25.30000,69.20000,0.00031,2.91932,33.00000,13.00000,1521.00000,1,Baik
2026-09-05T23:30:34Z,2026-09-06 06:30:34,991,25.30000,69.10000,0.00031,2.91932,33.00000,13.00000,1523.00000,1,Baik
2026-09-05T23:30:54Z,2026-09-06 06:30:54,992,25.30000,69.20000,0.00031,2.91932,33.00000,13.00000,1522.00000,1,Baik
2026-09-05T23:31:14Z,2026-09-06 06:31:14,993,25.30000,69.20000,0.00031,2.91932,33.00000,13.00000,1520.00000,1,Baik
2026-09-05T23:31:34Z,2026-09-06 06:31:34,994,25.30000,69.20000,0.00031,3.04741,35.00000,13.00000,1519.00000,1,Baik
2026-09-05T23:31:54Z,2026-09-06 06:31:54,995,25.30000,69.20000,0.00031,2.94981,34.00000,13.00000,1520.00000,1,Baik
2026-09-05T23:32:14Z,2026-09-06 06:32:14,996,25.30000,69.20000,0.00031,2.93305,33.00000,13.00000,1522.00000,1,Baik
2026-09-05T23:32:34Z,2026-09-06 06:32:34,997,25.30000,69.20000,0.00031,2.94981,34.00000,13.00000,1524.00000,1,Baik
2026-09-05T23:32:54Z,2026-09-06 06:32:54,998,25.30000,69.10000,0.00031,2.94981,34.00000,13.00000,1523.00000,1,Baik
2026-09-05T23:33:14Z,2026-09-06 06:33:14,999,25.30000,69.20000,0.00031,2.93305,33.00000,13.00000,1520.00000,1,Baik
2026-09-05T23:33:34Z,2026-09-06 06:33:34,1000,25.30000,69.10000,0.00031,2.93305,33.00000,13.00000,1519.00000,1,Baik
2026-09-05T23:33:54Z,2026-09-06 06:33:54,1001,25.30000,69.10000,0.00031,2.94981,34.00000,13.00000,1521.00000,1,Baik
2026-09-05T23:34:14Z,2026-09-06 06:34:14,1002,25.40000,69.10000,0.00031,2.93305,33.00000,13.00000,1525.00000,1,Baik
2026-09-05T23:34:34Z,2026-09-06 06:34:34,1003,25.30000,69.10000,0.00031,2.93305,33.00000,13.00000,1520.00000,1,Baik
2026-09-05T23:34:54Z,2026-09-06 06:34:54,1004,25.40000,69.10000,0.00031,2.93305,33.00000,13.00000,1521.00000,1,Baik
2026-09-05T23:35:14Z,2026-09-06 06:35:14,1005,25.40000,69.00000,0.00031,2.93305,33.00000,13.00000,1522.00000,1,Baik
2026-09-05T23:35:34Z,2026-09-06 06:35:34,1006,25.40000,69.00000,0.00031,2.88291,33.00000,13.00000,1514.00000,1,Baik
2026-09-05T23:35:54Z,2026-09-06 06:35:54,1007,25.40000,69.00000,0.00031,2.85031,32.00000,13.00000,1520.00000,1,Baik
2026-09-05T23:36:14Z,2026-09-06 06:36:14,1008,25.40000,69.00000,0.00031,2.93305,33.00000,13.00000,1523.00000,1,Baik
2026-09-05T23:36:34Z,2026-09-06 06:36:34,1009,25.40000,69.00000,0.00031,2.88291,33.00000,13.00000,1520.00000,1,Baik
2026-09-05T23:36:54Z,2026-09-06 06:36:54,1010,25.40000,69.00000,0.00031,2.94981,34.00000,13.00000,1526.00000,1,Baik
2026-09-05T23:37:14Z,2026-09-06 06:37:14,1011,25.40000,69.00000,0.00031,3.01804,34.00000,13.00000,1521.00000,1,Baik
2026-09-05T23:37:34Z,2026-09-06 06:37:34,1012,25.40000,69.00000,0.00031,2.93305,33.00000,13.00000,1520.00000,1,Baik
2026-09-05T23:37:54Z,2026-09-06 06:37:54,1013,25.40000,68.90000,0.00031,2.94981,34.00000,13.00000,1520.00000,1,Baik
2026-09-05T23:38:14Z,2026-09-06 06:38:14,1014,25.40000,68.80000,0.00031,2.94981,34.00000,13.00000,1520.00000,1,Baik
2026-09-05T23:38:36Z,2026-09-06 06:38:36,1015,25.40000,68.80000,0.00031,2.94981,34.00000,13.00000,1524.00000,1,Baik
2026-09-05T23:38:54Z,2026-09-06 06:38:54,1016,25.50000,68.70000,0.02327,2.94981,34.00000,13.00000,1521.00000,1,Baik
2026-09-05T23:39:14Z,2026-09-06 06:39:14,1017,25.40000,68.80000,0.00031,2.94981,34.00000,13.00000,1520.00000,1,Baik
2026-09-05T23:39:34Z,2026-09-06 06:39:34,1018,25.50000,68.80000,0.00031,2.94981,34.00000,13.00000,1520.00000,1,Baik
2026-09-05T23:39:54Z,2026-09-06 06:39:54,1019,25.50000,68.80000,0.00031,2.92597,33.00000,13.00000,1520.00000,1,Baik
2026-09-05T23:40:14Z,2026-09-06 06:40:14,1020,25.40000,68.80000,0.00031,2.93305,33.00000,13.00000,1517.00000,1,Baik
2026-09-05T23:40:34Z,2026-09-06 06:40:34,1021,25.40000,68.80000,0.00031,3.04741,35.00000,13.00000,1520.00000,1,Baik
2026-09-05T23:40:54Z,2026-09-06 06:40:54,1022,25.40000,68.80000,0.00031,2.91932,33.00000,13.00000,1518.00000,1,Baik
2026-09-05T23:41:14Z,2026-09-06 06:41:14,1023,25.40000,68.90000,0.00031,2.92587,33.00000,13.00000,1509.00000,1,Baik
2026-09-05T23:41:34Z,2026-09-06 06:41:34,1024,25.40000,68.90000,0.00031,2.94981,34.00000,13.00000,1516.00000,1,Baik
2026-09-05T23:41:54Z,2026-09-06 06:41:54,1025,25.40000,68.90000,0.00031,2.93305,33.00000,13.00000,1522.00000,1,Baik
2026-09-05T23:42:14Z,2026-09-06 06:42:14,1026,25.40000,68.90000,0.00031,2.94981,34.00000,13.00000,1521.00000,1,Baik
2026-09-05T23:42:34Z,2026-09-06 06:42:34,1027,25.40000,68.90000,0.00031,2.94981,34.00000,13.00000,1523.00000,1,Baik
2026-09-05T23:42:54Z,2026-09-06 06:42:54,1028,25.40000,68.90000,0.00031,2.93305,33.00000,13.00000,1519.00000,1,Baik
2026-09-05T23:43:14Z,2026-09-06 06:43:14,1029,25.40000,68.80000,0.00031,2.94981,34.00000,13.00000,1520.00000,1,Baik
2026-09-05T23:43:34Z,2026-09-06 06:43:34,1030,25.40000,68.80000,0.00031,3.01804,34.00000,13.00000,1513.00000,1,Baik
2026-09-05T23:43:54Z,2026-09-06 06:43:54,1031,25.40000,68.80000,0.00031,3.01804,34.00000,13.00000,1514.00000,1,Baik
2026-09-05T23:44:14Z,2026-09-06 06:44:14,1032,25.40000,68.80000,0.00031,2.91932,33.00000,13.00000,1511.00000,1,Baik
2026-09-05T23:44:34Z,2026-09-06 06:44:34,1033,25.40000,68.80000,0.00031,2.89823,33.00000,13.00000,1509.00000,1,Baik
2026-09-05T23:44:54Z,2026-09-06 06:44:54,1034,25.40000,68.80000,0.00031,2.92597,33.00000,13.00000,1506.00000,1,Baik
2026-09-05T23:45:14Z,2026-09-06 06:45:14,1035,25.40000,68.70000,0.00031,3.01804,34.00000,13.00000,1506.00000,1,Baik
2026-09-05T23:45:34Z,2026-09-06 06:45:34,1036,25.40000,68.60000,0.00031,2.94981,34.00000,13.00000,1500.00000,1,Baik
2026-09-05T23:45:54Z,2026-09-06 06:45:54,1037,25.50000,68.60000,0.00031,2.93305,33.00000,13.00000,1503.00000,1,Baik
2026-09-05T23:46:14Z,2026-09-06 06:46:14,1038,25.40000,68.60000,0.00031,3.04741,35.00000,13.00000,1507.00000,1,Baik
2026-09-05T23:46:34Z,2026-09-06 06:46:34,1039,25.40000,68.60000,0.00031,2.93305,33.00000,13.00000,1517.00000,1,Baik
2026-09-05T23:46:54Z,2026-09-06 06:46:54,1040,25.40000,68.60000,0.00031,2.93305,33.00000,13.00000,1507.00000,1,Baik
2026-09-05T23:47:14Z,2026-09-06 06:47:14,1041,25.40000,68.60000,0.00031,2.93305,33.00000,13.00000,1506.00000,1,Baik
2026-09-05T23:47:34Z,2026-09-06 06:47:34,1042,25.40000,68.70000,0.00031,2.93305,33.00000,13.00000,1509.00000,1,Baik
2026-09-05T23:47:54Z,2026-09-06 06:47:54,1043,25.40000,68.70000,0.00031,2.93305,33.00000,13.00000,1507.00000,1,Baik
2026-09-05T23:48:14Z,2026-09-06 06:48:14,1044,25.40000,68.70000,0.00031,2.93305,33.00000,13.00000,1503.00000,1,Baik
2026-09-05T23:48:34Z,2026-09-06 06:48:34,1045,25.40000,68.70000,0.00031,2.93305,33.00000,13.00000,1516.00000,1,Baik
2026-09-05T23:48:54Z,2026-09-06 06:48:54,1046,25.40000,68.70000,0.00031,2.93305,33.00000,13.00000,1503.00000,1,Baik
2026-09-05T23:49:14Z,2026-09-06 06:49:14,1047,25.40000,68.80000,0.00031,2.88291,33.00000,13.00000,1503.00000,1,Baik
2026-09-05T23:49:34Z,2026-09-06 06:49:34,1048,25.30000,68.80000,0.00031,2.93305,33.00000,13.00000,1504.00000,1,Baik
2026-09-05T23:49:54Z,2026-09-06 06:49:54,1049,25.30000,68.80000,0.00031,2.93305,33.00000,13.00000,1505.00000,1,Baik
2026-09-05T23:50:14Z,2026-09-06 06:50:14,1050,25.30000,68.80000,0.00031,2.93305,33.00000,13.00000,1507.00000,1,Baik
2026-09-05T23:50:34Z,2026-09-06 06:50:34,1051,25.40000,68.80000,0.00031,2.93305,33.00000,13.00000,1503.00000,1,Baik
2026-09-05T23:50:54Z,2026-09-06 06:50:54,1052,25.40000,68.80000,0.00031,2.93305,33.00000,13.00000,1506.00000,1,Baik
2026-09-05T23:51:14Z,2026-09-06 06:51:14,1053,25.40000,68.80000,0.00031,2.94981,34.00000,13.00000,1503.00000,1,Baik
2026-09-05T23:51:34Z,2026-09-06 06:51:34,1054,25.40000,68.70000,0.00031,2.93305,33.00000,13.00000,1504.00000,1,Baik
2026-09-05T23:51:54Z,2026-09-06 06:51:54,1055,25.40000,68.60000,0.00031,2.93305,33.00000,13.00000,1502.00000,1,Baik
2026-09-05T23:52:14Z,2026-09-06 06:52:14,1056,25.40000,68.60000,0.00031,2.93305,33.00000,13.00000,1507.00000,1,Baik
2026-09-05T23:52:34Z,2026-09-06 06:52:34,1057,25.40000,68.70000,0.00031,2.92587,33.00000,13.00000,1505.00000,1,Baik
2026-09-05T23:52:54Z,2026-09-06 06:52:54,1058,25.30000,68.70000,0.00031,2.93305,33.00000,13.00000,1508.00000,1,Baik
2026-09-05T23:53:14Z,2026-09-06 06:53:14,1059,25.40000,68.70000,0.00031,2.93305,33.00000,13.00000,1505.00000,1,Baik
2026-09-05T23:53:34Z,2026-09-06 06:53:34,1060,25.40000,68.70000,0.00031,2.93305,33.00000,13.00000,1510.00000,1,Baik
2026-09-05T23:53:54Z,2026-09-06 06:53:54,1061,25.40000,68.70000,0.00031,2.93305,33.00000,13.00000,1506.00000,1,Baik
2026-09-05T23:54:14Z,2026-09-06 06:54:14,1062,25.40000,68.70000,0.00031,2.93305,33.00000,13.00000,1505.00000,1,Baik
2026-09-05T23:54:34Z,2026-09-06 06:54:34,1063,25.40000,68.70000,0.00031,2.93305,33.00000,13.00000,1503.00000,1,Baik
2026-09-05T23:54:54Z,2026-09-06 06:54:54,1064,25.40000,68.70000,0.00031,2.93305,33.00000,13.00000,1504.00000,1,Baik
2026-09-05T23:55:14Z,2026-09-06 06:55:14,1065,25.40000,68.70000,0.00031,2.93305,33.00000,13.00000,1503.00000,1,Baik
2026-09-05T23:55:34Z,2026-09-06 06:55:34,1066,25.30000,68.70000,0.00031,2.93305,33.00000,13.00000,1504.00000,1,Baik
2026-09-05T23:55:54Z,2026-09-06 06:55:54,1067,25.30000,68.70000,0.00031,2.92587,33.00000,13.00000,1505.00000,1,Baik
2026-09-05T23:56:14Z,2026-09-06 06:56:14,1068,25.40000,68.70000,0.00031,2.92587,33.00000,13.00000,1509.00000,1,Baik
2026-09-05T23:56:34Z,2026-09-06 06:56:34,1069,25.40000,68.70000,0.00031,2.91360,33.00000,13.00000,1506.00000,1,Baik
2026-09-05T23:56:54Z,2026-09-06 06:56:54,1070,25.40000,68.70000,0.00031,2.92587,33.00000,13.00000,1499.00000,1,Baik
2026-09-05T23:57:14Z,2026-09-06 06:57:14,1071,25.40000,68.70000,0.00031,2.92587,33.00000,13.00000,1503.00000,1,Baik
2026-09-05T23:57:34Z,2026-09-06 06:57:34,1072,25.40000,68.70000,0.00031,2.88291,33.00000,13.00000,1516.00000,1,Baik
2026-09-05T23:57:54Z,2026-09-06 06:57:54,1073,25.40000,68.60000,0.00031,3.01804,34.00000,13.00000,1507.00000,1,Baik
2026-09-05T23:58:14Z,2026-09-06 06:58:14,1074,25.40000,68.60000,0.00031,2.93305,33.00000,13.00000,1501.00000,1,Baik
2026-09-05T23:58:34Z,2026-09-06 06:58:34,1075,25.40000,68.60000,0.00031,2.90319,33.00000,13.00000,1505.00000,1,Baik
2026-09-05T23:58:54Z,2026-09-06 06:58:54,1076,25.40000,68.60000,0.00031,2.91360,33.00000,13.00000,1509.00000,1,Baik
2026-09-05T23:59:14Z,2026-09-06 06:59:14,1077,25.40000,68.50000,0.00031,2.90319,33.00000,13.00000,1511.00000,1,Baik
2026-09-05T23:59:34Z,2026-09-06 06:59:34,1078,25.40000,68.50000,0.00031,2.91360,33.00000,13.00000,1506.00000,1,Baik
2026-09-05T23:59:54Z,2026-09-06 06:59:54,1079,25.40000,68.50000,0.00031,2.93305,33.00000,13.00000,1507.00000,1,Baik
2026-09-06T00:00:14Z,2026-09-06 07:00:14,1080,25.40000,68.50000,0.00031,2.90319,33.00000,13.00000,1505.00000,1,Baik
2026-09-06T00:00:34Z,2026-09-06 07:00:34,1081,25.50000,68.40000,0.00031,2.91360,33.00000,13.00000,1504.00000,1,Baik
2026-09-06T00:00:54Z,2026-09-06 07:00:54,1082,25.50000,68.40000,0.00031,2.90319,33.00000,13.00000,1503.00000,1,Baik
2026-09-06T00:01:14Z,2026-09-06 07:01:14,1083,25.40000,68.40000,1.41907,2.93305,33.00000,13.00000,1504.00000,1,Baik
2026-09-06T00:01:34Z,2026-09-06 07:01:34,1084,25.50000,68.40000,0.00031,2.88291,33.00000,13.00000,1504.00000,1,Baik
2026-09-06T00:01:54Z,2026-09-06 07:01:54,1085,25.40000,68.40000,0.00031,2.93305,33.00000,13.00000,1508.00000,1,Baik
2026-09-06T00:02:14Z,2026-09-06 07:02:14,1086,25.50000,68.40000,0.00031,2.88291,33.00000,13.00000,1509.00000,1,Baik
2026-09-06T00:02:34Z,2026-09-06 07:02:34,1087,25.50000,68.40000,0.00031,2.92587,33.00000,13.00000,1497.00000,1,Baik
2026-09-06T00:02:54Z,2026-09-06 07:02:54,1088,25.50000,68.40000,0.00061,2.92587,33.00000,13.00000,1500.00000,1,Baik
2026-09-06T00:03:14Z,2026-09-06 07:03:14,1089,25.40000,68.40000,0.00031,2.90319,33.00000,13.00000,1504.00000,1,Baik
2026-09-06T00:03:34Z,2026-09-06 07:03:34,1090,25.40000,68.40000,0.00031,2.88291,33.00000,13.00000,1509.00000,1,Baik
2026-09-06T00:03:54Z,2026-09-06 07:03:54,1091,25.40000,68.40000,0.00031,2.93305,33.00000,13.00000,1504.00000,1,Baik
2026-09-06T00:04:14Z,2026-09-06 07:04:14,1092,25.40000,68.40000,0.00031,2.88291,33.00000,13.00000,1504.00000,1,Baik
2026-09-06T00:04:34Z,2026-09-06 07:04:34,1093,25.40000,68.50000,0.00031,2.88291,33.00000,13.00000,1509.00000,1,Baik
2026-09-06T00:04:54Z,2026-09-06 07:04:54,1094,25.40000,68.50000,0.00031,2.88291,33.00000,13.00000,1507.00000,1,Baik
2026-09-06T00:05:14Z,2026-09-06 07:05:14,1095,25.40000,68.50000,0.00031,2.93305,33.00000,13.00000,1508.00000,1,Baik
2026-09-06T00:05:34Z,2026-09-06 07:05:34,1096,25.40000,68.50000,0.00031,2.93305,33.00000,13.00000,1508.00000,1,Baik
2026-09-06T00:05:54Z,2026-09-06 07:05:54,1097,25.40000,68.50000,0.00031,2.88291,33.00000,13.00000,1501.00000,1,Baik
2026-09-06T00:06:14Z,2026-09-06 07:06:14,1098,25.40000,68.50000,0.00031,2.93305,33.00000,13.00000,1329.00000,1,Baik
2026-09-06T00:06:34Z,2026-09-06 07:06:34,1099,25.40000,68.50000,0.00031,2.88291,33.00000,13.00000,1497.00000,1,Baik
2026-09-06T00:06:54Z,2026-09-06 07:06:54,1100,25.40000,68.50000,0.00031,2.93305,33.00000,13.00000,1503.00000,1,Baik
2026-09-06T00:07:14Z,2026-09-06 07:07:14,1101,25.40000,68.50000,0.00031,3.04741,35.00000,13.00000,1506.00000,1,Baik
2026-09-06T00:07:34Z,2026-09-06 07:07:34,1102,25.40000,68.50000,0.00031,2.93305,33.00000,13.00000,1506.00000,1,Baik
2026-09-06T00:07:54Z,2026-09-06 07:07:54,1103,25.50000,68.50000,0.00031,2.90319,33.00000,13.00000,1506.00000,1,Baik
2026-09-06T00:08:14Z,2026-09-06 07:08:14,1104,25.40000,68.50000,0.00031,2.90319,33.00000,13.00000,1511.00000,1,Baik
2026-09-06T00:08:34Z,2026-09-06 07:08:34,1105,25.40000,68.40000,0.00430,2.91360,33.00000,13.00000,1509.00000,1,Baik
2026-09-06T00:08:54Z,2026-09-06 07:08:54,1106,25.50000,68.40000,0.00031,2.90319,33.00000,13.00000,1506.00000,1,Baik
2026-09-06T00:09:14Z,2026-09-06 07:09:14,1107,25.50000,68.40000,0.00031,2.91360,33.00000,13.00000,1514.00000,1,Baik
2026-09-06T00:09:34Z,2026-09-06 07:09:34,1108,25.40000,68.40000,0.00031,2.90319,33.00000,13.00000,1509.00000,1,Baik
2026-09-06T00:09:54Z,2026-09-06 07:09:54,1109,25.40000,68.40000,0.00031,2.91360,33.00000,13.00000,1511.00000,1,Baik
2026-09-06T00:10:14Z,2026-09-06 07:10:14,1110,25.40000,68.40000,0.00031,2.93305,33.00000,13.00000,1514.00000,1,Baik
2026-09-06T00:10:34Z,2026-09-06 07:10:34,1111,25.40000,68.40000,0.00031,2.88291,33.00000,13.00000,1511.00000,1,Baik
2026-09-06T00:10:54Z,2026-09-06 07:10:54,1112,25.40000,68.40000,0.00031,2.90319,33.00000,13.00000,1506.00000,1,Baik
2026-09-06T00:11:14Z,2026-09-06 07:11:14,1113,25.40000,68.40000,0.00031,2.88291,33.00000,13.00000,1505.00000,1,Baik
2026-09-06T00:11:34Z,2026-09-06 07:11:34,1114,25.40000,68.40000,0.00031,2.88291,33.00000,13.00000,1506.00000,1,Baik
2026-09-06T00:11:54Z,2026-09-06 07:11:54,1115,25.40000,68.50000,0.00031,2.88291,33.00000,13.00000,1505.00000,1,Baik
2026-09-06T00:12:14Z,2026-09-06 07:12:14,1116,25.40000,68.50000,0.00031,2.88291,33.00000,13.00000,1505.00000,1,Baik
2026-09-06T00:12:34Z,2026-09-06 07:12:34,1117,25.40000,68.40000,0.00031,2.93305,33.00000,13.00000,1509.00000,1,Baik
2026-09-06T00:12:54Z,2026-09-06 07:12:54,1118,25.40000,68.40000,0.00031,2.88291,33.00000,13.00000,1505.00000,1,Baik
2026-09-06T00:13:14Z,2026-09-06 07:13:14,1119,25.40000,68.40000,0.00031,2.88291,33.00000,13.00000,1503.00000,1,Baik
2026-09-06T00:13:34Z,2026-09-06 07:13:34,1120,25.50000,68.40000,0.00031,2.88291,33.00000,13.00000,1508.00000,1,Baik
2026-09-06T00:13:54Z,2026-09-06 07:13:54,1121,25.50000,68.40000,0.00031,2.88291,33.00000,13.00000,1509.00000,1,Baik
2026-09-06T00:14:14Z,2026-09-06 07:14:14,1122,25.40000,68.40000,0.00031,2.93305,33.00000,13.00000,1505.00000,1,Baik
2026-09-06T00:14:34Z,2026-09-06 07:14:34,1123,25.50000,68.30000,0.00031,2.93305,33.00000,13.00000,1504.00000,1,Baik
2026-09-06T00:14:54Z,2026-09-06 07:14:54,1124,25.50000,68.30000,0.00031,2.92587,33.00000,13.00000,1509.00000,1,Baik
2026-09-06T00:15:14Z,2026-09-06 07:15:14,1125,25.40000,68.30000,0.00031,2.90319,33.00000,13.00000,1518.00000,1,Baik
2026-09-06T00:15:34Z,2026-09-06 07:15:34,1126,25.40000,68.40000,0.00031,2.93145,33.00000,13.00000,1515.00000,1,Baik
2026-09-06T00:15:54Z,2026-09-06 07:15:54,1127,25.50000,68.40000,0.00031,2.91360,33.00000,13.00000,1509.00000,1,Baik
2026-09-06T00:16:14Z,2026-09-06 07:16:14,1128,25.50000,68.50000,0.00031,2.90319,33.00000,13.00000,1508.00000,1,Baik
2026-09-06T00:16:34Z,2026-09-06 07:16:34,1129,25.50000,68.40000,0.00031,2.92587,33.00000,13.00000,1509.00000,1,Baik
2026-09-06T00:16:54Z,2026-09-06 07:16:54,1130,25.50000,68.50000,0.00031,2.92587,33.00000,13.00000,1506.00000,1,Baik
2026-09-06T00:17:14Z,2026-09-06 07:17:14,1131,25.50000,68.50000,0.00031,2.92587,33.00000,13.00000,1511.00000,1,Baik
2026-09-06T00:17:34Z,2026-09-06 07:17:34,1132,25.50000,68.40000,0.00031,2.93305,33.00000,13.00000,1506.00000,1,Baik
2026-09-06T00:17:54Z,2026-09-06 07:17:54,1133,25.50000,68.50000,0.00031,2.93305,33.00000,13.00000,1511.00000,1,Baik
2026-09-06T00:18:14Z,2026-09-06 07:18:14,1134,25.50000,68.50000,0.00031,2.90319,33.00000,13.00000,1515.00000,1,Baik
2026-09-06T00:18:34Z,2026-09-06 07:18:34,1135,25.50000,68.50000,0.00031,2.93145,33.00000,13.00000,1515.00000,1,Baik
2026-09-06T00:18:54Z,2026-09-06 07:18:54,1136,25.50000,68.50000,0.00031,2.90319,33.00000,13.00000,1513.00000,1,Baik
2026-09-06T00:19:14Z,2026-09-06 07:19:14,1137,25.50000,68.50000,0.00031,2.91360,33.00000,13.00000,1509.00000,1,Baik
2026-09-06T00:19:34Z,2026-09-06 07:19:34,1138,25.50000,68.50000,0.00031,2.92587,33.00000,13.00000,1509.00000,1,Baik
2026-09-06T00:19:54Z,2026-09-06 07:19:54,1139,25.50000,68.50000,0.00031,2.92587,33.00000,13.00000,1509.00000,1,Baik
2026-09-06T00:20:14Z,2026-09-06 07:20:14,1140,25.50000,68.50000,0.00031,2.92587,33.00000,13.00000,1511.00000,1,Baik
2026-09-06T00:20:34Z,2026-09-06 07:20:34,1141,25.50000,68.50000,0.00031,2.88291,33.00000,13.00000,1510.00000,1,Baik
2026-09-06T00:20:54Z,2026-09-06 07:20:54,1142,25.50000,68.50000,0.00031,2.88291,33.00000,13.00000,1504.00000,1,Baik
2026-09-06T00:21:14Z,2026-09-06 07:21:14,1143,25.50000,68.50000,0.00031,2.88291,33.00000,13.00000,1618.00000,1,Baik
2026-09-06T00:21:34Z,2026-09-06 07:21:34,1144,25.50000,68.50000,0.00031,2.92587,33.00000,13.00000,1507.00000,1,Baik
2026-09-06T00:21:55Z,2026-09-06 07:21:55,1145,25.50000,68.50000,0.00031,2.92587,33.00000,13.00000,1513.00000,1,Baik
2026-09-06T00:22:14Z,2026-09-06 07:22:14,1146,25.50000,68.50000,0.00031,2.88291,33.00000,13.00000,1520.00000,1,Baik
2026-09-06T00:22:34Z,2026-09-06 07:22:34,1147,25.50000,68.50000,0.00031,2.93305,33.00000,13.00000,1516.00000,1,Baik
2026-09-06T00:22:54Z,2026-09-06 07:22:54,1148,25.50000,68.50000,0.00031,2.93305,33.00000,13.00000,1517.00000,1,Baik
2026-09-06T00:23:14Z,2026-09-06 07:23:14,1149,25.50000,68.50000,0.00031,2.92587,33.00000,13.00000,1513.00000,1,Baik
2026-09-06T00:23:34Z,2026-09-06 07:23:34,1150,25.50000,68.50000,0.12044,2.92587,33.00000,13.00000,1501.00000,1,Baik
2026-09-06T00:23:54Z,2026-09-06 07:23:54,1151,25.50000,68.40000,0.00031,2.93305,33.00000,13.00000,1507.00000,1,Baik
2026-09-06T00:24:14Z,2026-09-06 07:24:14,1152,25.50000,68.50000,0.00031,2.88291,33.00000,13.00000,1513.00000,1,Baik
2026-09-06T00:24:34Z,2026-09-06 07:24:34,1153,25.50000,68.50000,0.00031,2.90319,33.00000,13.00000,1515.00000,1,Baik
2026-09-06T00:24:54Z,2026-09-06 07:24:54,1154,25.50000,68.40000,0.00031,2.93305,33.00000,13.00000,1519.00000,1,Baik
2026-09-06T00:25:14Z,2026-09-06 07:25:14,1155,25.50000,68.50000,0.00031,2.92587,33.00000,13.00000,1511.00000,1,Baik
2026-09-06T00:25:36Z,2026-09-06 07:25:36,1156,25.50000,68.40000,0.00031,2.88291,33.00000,13.00000,1512.00000,1,Baik
2026-09-06T00:25:54Z,2026-09-06 07:25:54,1157,25.50000,68.50000,0.00031,2.88291,33.00000,13.00000,1510.00000,1,Baik
2026-09-06T00:26:14Z,2026-09-06 07:26:14,1158,25.50000,68.40000,0.00031,2.88291,33.00000,13.00000,1508.00000,1,Baik
2026-09-06T00:26:34Z,2026-09-06 07:26:34,1159,25.50000,68.50000,0.00031,2.93305,33.00000,13.00000,1515.00000,1,Baik
2026-09-06T00:26:54Z,2026-09-06 07:26:54,1160,25.50000,68.40000,0.00031,2.93305,33.00000,13.00000,1510.00000,1,Baik
2026-09-06T00:27:14Z,2026-09-06 07:27:14,1161,25.50000,68.40000,0.00031,2.93305,33.00000,13.00000,1510.00000,1,Baik
2026-09-06T00:27:34Z,2026-09-06 07:27:34,1162,25.50000,68.40000,0.00031,2.93305,33.00000,13.00000,1514.00000,1,Baik
2026-09-06T00:27:54Z,2026-09-06 07:27:54,1163,25.50000,68.40000,0.00031,2.94981,34.00000,13.00000,1513.00000,1,Baik
2026-09-06T00:28:14Z,2026-09-06 07:28:14,1164,25.60000,68.30000,0.00031,2.93305,33.00000,13.00000,1507.00000,1,Baik
2026-09-06T00:28:34Z,2026-09-06 07:28:34,1165,25.50000,68.40000,0.00031,3.01804,34.00000,13.00000,1514.00000,1,Baik
2026-09-06T00:28:54Z,2026-09-06 07:28:54,1166,25.60000,68.40000,0.00031,2.94981,34.00000,13.00000,1510.00000,1,Baik
2026-09-06T00:29:14Z,2026-09-06 07:29:14,1167,25.60000,68.40000,0.00031,3.01804,34.00000,13.00000,1515.00000,1,Baik
2026-09-06T00:29:34Z,2026-09-06 07:29:34,1168,25.60000,68.30000,0.00031,2.92597,33.00000,13.00000,1513.00000,1,Baik
2026-09-06T00:29:54Z,2026-09-06 07:29:54,1169,25.60000,68.30000,0.00031,2.92597,33.00000,13.00000,1511.00000,1,Baik
2026-09-06T00:30:14Z,2026-09-06 07:30:14,1170,25.60000,68.30000,0.00031,2.91932,33.00000,13.00000,1514.00000,1,Baik
2026-09-06T00:30:34Z,2026-09-06 07:30:34,1171,25.60000,68.30000,0.00031,2.91932,33.00000,13.00000,1515.00000,1,Baik
2026-09-06T00:30:54Z,2026-09-06 07:30:54,1172,25.60000,68.40000,0.00031,2.93990,33.00000,13.00000,1514.00000,1,Baik
2026-09-06T00:31:14Z,2026-09-06 07:31:14,1173,25.60000,68.30000,0.00031,2.93990,33.00000,13.00000,1513.00000,1,Baik
2026-09-06T00:31:34Z,2026-09-06 07:31:34,1174,25.60000,68.30000,0.00031,2.89823,33.00000,13.00000,1523.00000,1,Baik
2026-09-06T00:31:54Z,2026-09-06 07:31:54,1175,25.60000,68.30000,0.00031,2.92597,33.00000,13.00000,1518.00000,1,Baik
2026-09-06T00:32:14Z,2026-09-06 07:32:14,1176,25.60000,68.20000,0.00031,2.89823,33.00000,13.00000,1514.00000,1,Baik
2026-09-06T00:32:34Z,2026-09-06 07:32:34,1177,25.60000,68.30000,0.00031,2.92597,33.00000,13.00000,1518.00000,1,Baik
2026-09-06T00:32:54Z,2026-09-06 07:32:54,1178,25.60000,68.30000,0.00031,2.92597,33.00000,13.00000,1515.00000,1,Baik
2026-09-06T00:33:14Z,2026-09-06 07:33:14,1179,25.60000,68.30000,0.00031,2.89823,33.00000,13.00000,1516.00000,1,Baik
2026-09-06T00:33:34Z,2026-09-06 07:33:34,1180,25.60000,68.20000,0.00031,3.04741,35.00000,13.00000,1520.00000,1,Baik
2026-09-06T00:33:54Z,2026-09-06 07:33:54,1181,25.60000,68.30000,0.00031,2.91932,33.00000,13.00000,1522.00000,1,Baik
2026-09-06T00:34:14Z,2026-09-06 07:34:14,1182,25.60000,68.20000,0.00031,2.94981,34.00000,13.00000,1516.00000,1,Baik
2026-09-06T00:34:34Z,2026-09-06 07:34:34,1183,25.70000,68.20000,0.00031,2.94981,34.00000,13.00000,1515.00000,1,Baik
2026-09-06T00:34:54Z,2026-09-06 07:34:54,1184,25.60000,68.20000,0.00031,2.92597,33.00000,13.00000,1519.00000,1,Baik
2026-09-06T00:35:14Z,2026-09-06 07:35:14,1185,25.70000,68.20000,0.00031,2.92597,33.00000,13.00000,1518.00000,1,Baik
2026-09-06T00:35:34Z,2026-09-06 07:35:34,1186,25.60000,68.10000,0.00031,2.92597,33.00000,13.00000,1515.00000,1,Baik
2026-09-06T00:35:54Z,2026-09-06 07:35:54,1187,25.60000,68.10000,0.00031,3.00656,34.00000,13.00000,1518.00000,1,Baik
2026-09-06T00:36:14Z,2026-09-06 07:36:14,1188,25.70000,68.20000,0.00031,2.89823,33.00000,13.00000,1510.00000,1,Baik
2026-09-06T00:36:34Z,2026-09-06 07:36:34,1189,25.70000,68.10000,0.00031,3.00656,34.00000,13.00000,1511.00000,1,Baik
2026-09-06T00:36:54Z,2026-09-06 07:36:54,1190,25.70000,68.10000,0.00031,3.00656,34.00000,13.00000,1511.00000,1,Baik
2026-09-06T00:37:14Z,2026-09-06 07:37:14,1191,25.70000,68.10000,0.00031,3.00446,34.00000,13.00000,1514.00000,1,Baik
2026-09-06T00:37:34Z,2026-09-06 07:37:34,1192,25.70000,68.10000,0.00031,3.00446,34.00000,13.00000,1515.00000,1,Baik
2026-09-06T00:37:54Z,2026-09-06 07:37:54,1193,25.70000,68.10000,0.00031,3.00446,34.00000,13.00000,1520.00000,1,Baik
2026-09-06T00:38:14Z,2026-09-06 07:38:14,1194,25.70000,68.10000,0.00031,3.00446,34.00000,13.00000,1517.00000,1,Baik
2026-09-06T00:38:34Z,2026-09-06 07:38:34,1195,25.70000,68.10000,0.00031,3.00446,34.00000,13.00000,1519.00000,1,Baik
2026-09-06T00:38:54Z,2026-09-06 07:38:54,1196,25.70000,68.00000,0.00031,3.00446,34.00000,13.00000,1517.00000,1,Baik
2026-09-06T00:39:14Z,2026-09-06 07:39:14,1197,25.70000,68.00000,0.00031,3.00446,34.00000,13.00000,1518.00000,1,Baik
2026-09-06T00:39:34Z,2026-09-06 07:39:34,1198,25.70000,68.00000,0.00031,3.00446,34.00000,13.00000,1518.00000,1,Baik
2026-09-06T00:39:54Z,2026-09-06 07:39:54,1199,25.70000,68.00000,0.00031,3.00446,34.00000,13.00000,1520.00000,1,Baik
2026-09-06T00:40:14Z,2026-09-06 07:40:14,1200,25.70000,67.90000,0.00031,3.00446,34.00000,13.00000,1519.00000,1,Baik
2026-09-06T00:40:34Z,2026-09-06 07:40:34,1201,25.70000,67.90000,0.00031,3.00446,34.00000,13.00000,1517.00000,1,Baik
2026-09-06T00:40:54Z,2026-09-06 07:40:54,1202,25.70000,67.90000,0.00031,3.00656,34.00000,13.00000,1519.00000,1,Baik
2026-09-06T00:41:14Z,2026-09-06 07:41:14,1203,25.70000,67.90000,0.00031,2.92597,33.00000,13.00000,1511.00000,1,Baik
2026-09-06T00:41:34Z,2026-09-06 07:41:34,1204,25.70000,67.80000,0.00031,3.00656,34.00000,13.00000,1510.00000,1,Baik
2026-09-06T00:41:54Z,2026-09-06 07:41:54,1205,25.70000,67.90000,0.00031,3.00656,34.00000,13.00000,1515.00000,1,Baik
2026-09-06T00:42:14Z,2026-09-06 07:42:14,1206,25.70000,67.90000,0.00031,3.00446,34.00000,13.00000,1511.00000,1,Baik
2026-09-06T00:42:34Z,2026-09-06 07:42:34,1207,25.70000,67.90000,0.00031,3.00446,34.00000,13.00000,1520.00000,1,Baik
2026-09-06T00:42:54Z,2026-09-06 07:42:54,1208,25.70000,67.90000,0.00031,3.00446,34.00000,13.00000,1519.00000,1,Baik
2026-09-06T00:43:14Z,2026-09-06 07:43:14,1209,25.70000,67.80000,0.00031,3.00446,34.00000,13.00000,1516.00000,1,Baik
2026-09-06T00:43:34Z,2026-09-06 07:43:34,1210,25.70000,67.80000,0.00031,3.00446,34.00000,13.00000,1518.00000,1,Baik
2026-09-06T00:43:54Z,2026-09-06 07:43:54,1211,25.70000,67.80000,0.00031,3.00446,34.00000,13.00000,1518.00000,1,Baik
2026-09-06T00:44:14Z,2026-09-06 07:44:14,1212,25.80000,67.70000,0.00031,3.00446,34.00000,13.00000,1514.00000,1,Baik
2026-09-06T00:44:34Z,2026-09-06 07:44:34,1213,25.70000,67.70000,0.00031,3.00446,34.00000,13.00000,1511.00000,1,Baik
2026-09-06T00:44:54Z,2026-09-06 07:44:54,1214,25.70000,67.70000,0.00031,3.00446,34.00000,13.00000,1519.00000,1,Baik
2026-09-06T00:45:14Z,2026-09-06 07:45:14,1215,25.70000,67.80000,0.00031,3.00446,34.00000,13.00000,1517.00000,1,Baik
2026-09-06T00:45:34Z,2026-09-06 07:45:34,1216,25.70000,67.70000,0.00031,3.00446,34.00000,13.00000,1519.00000,1,Baik
2026-09-06T00:45:54Z,2026-09-06 07:45:54,1217,25.80000,67.70000,0.00031,3.00446,34.00000,13.00000,1511.00000,1,Baik
2026-09-06T00:46:14Z,2026-09-06 07:46:14,1218,25.80000,67.60000,0.00031,3.09470,35.00000,13.00000,1519.00000,1,Baik
2026-09-06T00:46:34Z,2026-09-06 07:46:34,1219,25.80000,67.60000,0.00031,3.00446,34.00000,13.00000,1511.00000,1,Baik
2026-09-06T00:46:54Z,2026-09-06 07:46:54,1220,25.80000,67.50000,0.00031,3.02553,34.00000,13.00000,1519.00000,1,Baik
2026-09-06T00:47:14Z,2026-09-06 07:47:14,1221,25.80000,67.40000,0.00031,3.06219,35.00000,13.00000,1520.00000,1,Baik
2026-09-06T00:47:34Z,2026-09-06 07:47:34,1222,25.80000,67.40000,0.00031,3.00446,34.00000,13.00000,1520.00000,1,Baik
2026-09-06T00:47:54Z,2026-09-06 07:47:54,1223,25.80000,67.40000,0.00031,3.09470,35.00000,13.00000,1518.00000,1,Baik
2026-09-06T00:48:14Z,2026-09-06 07:48:14,1224,25.80000,67.40000,0.00031,3.02553,34.00000,13.00000,1520.00000,1,Baik
2026-09-06T00:48:34Z,2026-09-06 07:48:34,1225,25.80000,67.40000,0.00031,3.02553,34.00000,13.00000,1520.00000,1,Baik
2026-09-06T00:48:54Z,2026-09-06 07:48:54,1226,25.90000,67.40000,0.00031,3.06476,35.00000,13.00000,1520.00000,1,Baik
2026-09-06T00:49:14Z,2026-09-06 07:49:14,1227,25.90000,67.30000,0.00031,3.09470,35.00000,13.00000,1521.00000,1,Baik
2026-09-06T00:49:34Z,2026-09-06 07:49:34,1228,25.90000,67.30000,0.00031,3.07553,35.00000,13.00000,1519.00000,1,Baik
2026-09-06T00:49:54Z,2026-09-06 07:49:54,1229,25.90000,67.30000,0.00031,3.06476,35.00000,13.00000,1520.00000,1,Baik
2026-09-06T00:50:14Z,2026-09-06 07:50:14,1230,25.80000,67.40000,0.00031,3.02553,34.00000,13.00000,1522.00000,1,Baik
2026-09-06T00:50:34Z,2026-09-06 07:50:34,1231,25.80000,67.40000,0.00031,2.99390,34.00000,13.00000,1520.00000,1,Baik
2026-09-06T00:50:54Z,2026-09-06 07:50:54,1232,25.80000,67.40000,0.00031,3.03749,35.00000,13.00000,1529.00000,1,Baik
2026-09-06T00:51:14Z,2026-09-06 07:51:14,1233,25.80000,67.50000,0.00031,3.02553,34.00000,13.00000,1525.00000,1,Baik
2026-09-06T00:51:34Z,2026-09-06 07:51:34,1234,25.80000,67.50000,0.00031,3.09470,35.00000,13.00000,1526.00000,1,Baik
2026-09-06T00:51:54Z,2026-09-06 07:51:54,1235,25.80000,67.40000,0.00031,2.99390,34.00000,13.00000,1524.00000,1,Baik
2026-09-06T00:52:14Z,2026-09-06 07:52:14,1236,25.80000,67.50000,0.00031,3.09470,35.00000,13.00000,1523.00000,1,Baik
2026-09-06T00:52:34Z,2026-09-06 07:52:34,1237,25.80000,67.50000,0.00031,3.08970,35.00000,13.00000,1523.00000,1,Baik
2026-09-06T00:52:54Z,2026-09-06 07:52:54,1238,25.80000,67.50000,0.00031,3.08970,35.00000,13.00000,1524.00000,1,Baik
2026-09-06T00:53:14Z,2026-09-06 07:53:14,1239,25.80000,67.50000,1.80203,3.09470,35.00000,13.00000,1519.00000,1,Baik
2026-09-06T00:53:34Z,2026-09-06 07:53:34,1240,25.90000,67.50000,0.00031,3.08970,35.00000,13.00000,1522.00000,1,Baik
2026-09-06T00:53:54Z,2026-09-06 07:53:54,1241,25.80000,67.50000,0.00031,3.09470,35.00000,13.00000,1520.00000,1,Baik
2026-09-06T00:54:14Z,2026-09-06 07:54:14,1242,25.80000,67.50000,0.00031,3.03749,35.00000,13.00000,1527.00000,1,Baik
2026-09-06T00:54:34Z,2026-09-06 07:54:34,1243,25.80000,67.50000,0.00031,3.06219,35.00000,13.00000,1521.00000,1,Baik
2026-09-06T00:54:54Z,2026-09-06 07:54:54,1244,25.80000,67.40000,0.00031,3.00446,34.00000,13.00000,1521.00000,1,Baik
2026-09-06T00:55:14Z,2026-09-06 07:55:14,1245,25.80000,67.50000,0.00031,3.00446,34.00000,13.00000,1521.00000,1,Baik
2026-09-06T00:55:34Z,2026-09-06 07:55:34,1246,25.80000,67.50000,2.06129,3.03749,35.00000,13.00000,1523.00000,1,Baik
2026-09-06T00:55:54Z,2026-09-06 07:55:54,1247,25.90000,67.40000,0.00031,3.06219,35.00000,13.00000,1525.00000,1,Baik
2026-09-06T00:56:14Z,2026-09-06 07:56:14,1248,25.90000,67.40000,0.00031,3.05420,35.00000,13.00000,1519.00000,1,Baik
2026-09-06T00:56:34Z,2026-09-06 07:56:34,1249,25.90000,67.30000,0.00031,3.09470,35.00000,13.00000,1527.00000,1,Baik
2026-09-06T00:56:54Z,2026-09-06 07:56:54,1250,25.90000,67.30000,0.00031,3.06476,35.00000,13.00000,1529.00000,1,Baik
2026-09-06T00:57:14Z,2026-09-06 07:57:14,1251,25.90000,67.30000,0.00031,3.06476,35.00000,13.00000,1525.00000,1,Baik
2026-09-06T00:57:34Z,2026-09-06 07:57:34,1252,25.90000,67.30000,0.00031,3.06476,35.00000,13.00000,1527.00000,1,Baik
2026-09-06T00:57:54Z,2026-09-06 07:57:54,1253,25.90000,67.30000,0.00031,3.07553,35.00000,13.00000,1529.00000,1,Baik
2026-09-06T00:58:14Z,2026-09-06 07:58:14,1254,25.90000,67.30000,0.00031,3.06476,35.00000,13.00000,1524.00000,1,Baik
2026-09-06T00:58:34Z,2026-09-06 07:58:34,1255,25.80000,67.40000,0.00031,3.06219,35.00000,13.00000,1531.00000,1,Baik
2026-09-06T00:58:54Z,2026-09-06 07:58:54,1256,25.80000,67.30000,0.00031,3.00446,34.00000,13.00000,1531.00000,1,Baik
2026-09-06T00:59:14Z,2026-09-06 07:59:14,1257,25.90000,67.40000,0.00031,3.09470,35.00000,13.00000,1533.00000,1,Baik
2026-09-06T00:59:34Z,2026-09-06 07:59:34,1258,25.80000,67.30000,0.00031,3.00446,34.00000,13.00000,1529.00000,1,Baik
2026-09-06T00:59:54Z,2026-09-06 07:59:54,1259,25.90000,67.40000,0.00031,3.06476,35.00000,13.00000,1531.00000,1,Baik
2026-09-06T01:00:14Z,2026-09-06 08:00:14,1260,25.90000,67.30000,0.00031,3.09470,35.00000,13.00000,1535.00000,1,Baik
2026-09-06T01:00:34Z,2026-09-06 08:00:34,1261,25.90000,67.30000,0.00031,3.03749,35.00000,13.00000,1535.00000,1,Baik
2026-09-06T01:00:55Z,2026-09-06 08:00:55,1262,25.90000,67.30000,0.00031,3.06219,35.00000,13.00000,1535.00000,1,Baik
2026-09-06T01:01:14Z,2026-09-06 08:01:14,1263,25.90000,67.40000,0.00031,3.07553,35.00000,13.00000,1535.00000,1,Baik
2026-09-06T01:01:34Z,2026-09-06 08:01:34,1264,25.90000,67.20000,0.00031,3.06219,35.00000,13.00000,1535.00000,1,Baik
2026-09-06T01:01:55Z,2026-09-06 08:01:55,1265,26.00000,67.30000,0.00031,3.03749,35.00000,13.00000,1535.00000,1,Baik
2026-09-06T01:02:14Z,2026-09-06 08:02:14,1266,26.00000,67.20000,0.00031,3.08970,35.00000,13.00000,1535.00000,1,Baik
2026-09-06T01:02:34Z,2026-09-06 08:02:34,1267,26.00000,67.20000,0.00031,3.09538,35.00000,13.00000,1535.00000,1,Baik
2026-09-06T01:02:55Z,2026-09-06 08:02:55,1268,26.00000,67.20000,0.00031,3.07553,35.00000,13.00000,1535.00000,1,Baik
2026-09-06T01:03:14Z,2026-09-06 08:03:14,1269,26.00000,67.10000,0.00031,3.03749,35.00000,13.00000,1535.00000,1,Baik
2026-09-06T01:03:35Z,2026-09-06 08:03:35,1270,25.90000,67.10000,0.00031,3.07553,35.00000,13.00000,1535.00000,1,Baik
2026-09-06T01:03:55Z,2026-09-06 08:03:55,1271,26.00000,67.10000,0.00031,3.09470,35.00000,13.00000,1552.00000,1,Baik
2026-09-06T01:04:14Z,2026-09-06 08:04:14,1272,26.00000,67.10000,0.00031,3.06219,35.00000,13.00000,1535.00000,1,Baik
2026-09-06T01:04:35Z,2026-09-06 08:04:35,1273,26.00000,67.20000,0.00031,3.06219,35.00000,13.00000,1535.00000,1,Baik
2026-09-06T01:04:55Z,2026-09-06 08:04:55,1274,26.00000,67.10000,0.00031,3.06476,35.00000,13.00000,1535.00000,1,Baik
2026-09-06T01:05:14Z,2026-09-06 08:05:14,1275,26.00000,67.20000,0.00618,3.06476,35.00000,13.00000,1534.00000,1,Baik
2026-09-06T01:05:34Z,2026-09-06 08:05:34,1276,26.00000,67.20000,0.00031,3.06476,35.00000,13.00000,1532.00000,1,Baik
2026-09-06T01:05:55Z,2026-09-06 08:05:55,1277,26.00000,67.20000,0.00031,3.06476,35.00000,13.00000,1534.00000,1,Baik
2026-09-06T01:06:14Z,2026-09-06 08:06:14,1278,26.00000,67.20000,0.00031,3.06476,35.00000,13.00000,1535.00000,1,Baik
2026-09-06T01:06:35Z,2026-09-06 08:06:35,1279,26.00000,67.10000,0.00031,3.07553,35.00000,13.00000,1535.00000,1,Baik
2026-09-06T01:06:55Z,2026-09-06 08:06:55,1280,26.00000,67.20000,0.00031,3.09470,35.00000,13.00000,1535.00000,1,Baik
2026-09-06T01:07:15Z,2026-09-06 08:07:15,1281,26.00000,67.20000,0.00031,3.05420,35.00000,13.00000,1535.00000,1,Baik
2026-09-06T01:07:34Z,2026-09-06 08:07:34,1282,26.00000,67.10000,0.00031,3.07553,35.00000,13.00000,1535.00000,1,Baik
2026-09-06T01:07:55Z,2026-09-06 08:07:55,1283,26.00000,67.20000,0.00031,3.03749,35.00000,13.00000,1534.00000,1,Baik
2026-09-06T01:08:14Z,2026-09-06 08:08:14,1284,26.00000,67.20000,0.00031,3.03749,35.00000,13.00000,1491.00000,1,Baik
2026-09-06T01:08:35Z,2026-09-06 08:08:35,1285,26.00000,67.20000,0.00031,3.03749,35.00000,13.00000,1535.00000,1,Baik
2026-09-06T01:08:55Z,2026-09-06 08:08:55,1286,26.00000,67.20000,6.16865,3.03749,35.00000,13.00000,1533.00000,1,Baik
2026-09-06T01:09:15Z,2026-09-06 08:09:15,1287,26.00000,67.20000,0.00031,3.03749,35.00000,13.00000,1532.00000,1,Baik
2026-09-06T01:09:35Z,2026-09-06 08:09:35,1288,26.00000,67.20000,0.00031,3.03749,35.00000,13.00000,1531.00000,1,Baik
2026-09-06T01:09:55Z,2026-09-06 08:09:55,1289,26.00000,67.20000,0.00031,3.09470,35.00000,13.00000,1533.00000,1,Baik
2026-09-06T01:10:15Z,2026-09-06 08:10:15,1290,26.00000,67.30000,0.00618,3.06219,35.00000,13.00000,1527.00000,1,Baik
2026-09-06T01:10:35Z,2026-09-06 08:10:35,1291,26.00000,67.30000,0.00031,3.08970,35.00000,13.00000,1528.00000,1,Baik
2026-09-06T01:10:55Z,2026-09-06 08:10:55,1292,26.00000,67.40000,0.00031,3.08970,35.00000,13.00000,1529.00000,1,Baik
2026-09-06T01:11:15Z,2026-09-06 08:11:15,1293,26.00000,67.30000,0.00031,3.07553,35.00000,13.00000,1523.00000,1,Baik
2026-09-06T01:11:35Z,2026-09-06 08:11:35,1294,26.00000,67.30000,0.00031,3.03749,35.00000,13.00000,1526.00000,1,Baik
2026-09-06T01:11:55Z,2026-09-06 08:11:55,1295,26.00000,67.30000,0.00031,3.03749,35.00000,13.00000,1533.00000,1,Baik
2026-09-06T01:12:15Z,2026-09-06 08:12:15,1296,26.00000,67.30000,0.00031,3.03749,35.00000,13.00000,1531.00000,1,Baik
2026-09-06T01:12:35Z,2026-09-06 08:12:35,1297,26.00000,67.30000,0.00031,3.09470,35.00000,13.00000,1530.00000,1,Baik
2026-09-06T01:12:55Z,2026-09-06 08:12:55,1298,26.00000,67.40000,0.00031,3.03749,35.00000,13.00000,1533.00000,1,Baik
2026-09-06T01:13:15Z,2026-09-06 08:13:15,1299,26.00000,67.40000,0.00031,3.03749,35.00000,13.00000,1533.00000,1,Baik
2026-09-06T01:13:35Z,2026-09-06 08:13:35,1300,26.00000,67.30000,0.00031,3.08970,35.00000,13.00000,1534.00000,1,Baik
2026-09-06T01:13:55Z,2026-09-06 08:13:55,1301,26.10000,67.30000,0.00031,3.06219,35.00000,13.00000,1525.00000,1,Baik
2026-09-06T01:14:15Z,2026-09-06 08:14:15,1302,26.10000,67.30000,0.00031,3.03749,35.00000,13.00000,1531.00000,1,Baik
2026-09-06T01:14:35Z,2026-09-06 08:14:35,1303,26.10000,67.30000,0.00031,3.09470,35.00000,13.00000,1529.00000,1,Baik
2026-09-06T01:14:55Z,2026-09-06 08:14:55,1304,26.10000,67.30000,0.00031,3.06219,35.00000,13.00000,1531.00000,1,Baik
2026-09-06T01:15:15Z,2026-09-06 08:15:15,1305,26.10000,67.20000,0.00031,3.06219,35.00000,13.00000,1527.00000,1,Baik
2026-09-06T01:15:35Z,2026-09-06 08:15:35,1306,26.10000,67.20000,0.00031,3.09470,35.00000,13.00000,1525.00000,1,Baik
2026-09-06T01:15:55Z,2026-09-06 08:15:55,1307,26.20000,67.20000,0.00031,3.07553,35.00000,13.00000,1528.00000,1,Baik
2026-09-06T01:16:15Z,2026-09-06 08:16:15,1308,26.20000,67.20000,0.00031,3.03749,35.00000,13.00000,1525.00000,1,Baik
2026-09-06T01:16:35Z,2026-09-06 08:16:35,1309,26.20000,67.10000,0.00031,3.07553,35.00000,13.00000,1523.00000,1,Baik
2026-09-06T01:16:55Z,2026-09-06 08:16:55,1310,26.20000,67.20000,0.00031,3.09470,35.00000,13.00000,1533.00000,1,Baik
2026-09-06T01:17:15Z,2026-09-06 08:17:15,1311,26.20000,67.00000,0.00031,3.09470,35.00000,13.00000,1527.00000,1,Baik
2026-09-06T01:17:35Z,2026-09-06 08:17:35,1312,26.20000,67.10000,0.00031,3.08970,35.00000,13.00000,1530.00000,1,Baik
2026-09-06T01:17:55Z,2026-09-06 08:17:55,1313,26.20000,67.10000,0.00031,3.07553,35.00000,13.00000,1526.00000,1,Baik
2026-09-06T01:18:15Z,2026-09-06 08:18:15,1314,26.30000,67.00000,0.00031,3.06476,35.00000,13.00000,1526.00000,1,Baik
2026-09-06T01:18:35Z,2026-09-06 08:18:35,1315,26.30000,67.00000,0.00031,3.03749,35.00000,13.00000,1527.00000,1,Baik
2026-09-06T01:18:55Z,2026-09-06 08:18:55,1316,26.30000,67.00000,0.00031,3.09470,35.00000,13.00000,1530.00000,1,Baik
2026-09-06T01:19:15Z,2026-09-06 08:19:15,1317,26.30000,67.00000,0.00031,3.08970,35.00000,13.00000,1529.00000,1,Baik
2026-09-06T01:19:35Z,2026-09-06 08:19:35,1318,26.30000,67.10000,0.00031,3.07553,35.00000,13.00000,1531.00000,1,Baik
2026-09-06T01:19:55Z,2026-09-06 08:19:55,1319,26.30000,67.00000,0.00031,3.08970,35.00000,13.00000,1523.00000,1,Baik
2026-09-06T01:20:15Z,2026-09-06 08:20:15,1320,26.30000,67.00000,0.00031,3.05420,35.00000,13.00000,1522.00000,1,Baik
2026-09-06T01:20:35Z,2026-09-06 08:20:35,1321,26.30000,67.00000,0.00031,3.06476,35.00000,13.00000,1520.00000,1,Baik
2026-09-06T01:20:55Z,2026-09-06 08:20:55,1322,26.30000,67.00000,0.00031,3.06476,35.00000,13.00000,1524.00000,1,Baik
2026-09-06T01:21:15Z,2026-09-06 08:21:15,1323,26.30000,67.00000,0.00031,2.25576,26.00000,13.00000,1520.00000,1,Baik
2026-09-06T01:21:35Z,2026-09-06 08:21:35,1324,26.40000,66.90000,0.00031,3.06476,35.00000,13.00000,1523.00000,1,Baik
2026-09-06T01:21:55Z,2026-09-06 08:21:55,1325,26.40000,66.90000,0.00031,3.07553,35.00000,13.00000,1523.00000,1,Baik
2026-09-06T01:22:15Z,2026-09-06 08:22:15,1326,26.40000,66.90000,0.00031,3.09470,35.00000,13.00000,1520.00000,1,Baik
2026-09-06T01:22:35Z,2026-09-06 08:22:35,1327,26.40000,66.90000,0.00031,3.06476,35.00000,13.00000,1519.00000,1,Baik
2026-09-06T01:22:55Z,2026-09-06 08:22:55,1328,26.40000,66.90000,0.00031,3.06476,35.00000,13.00000,1516.00000,1,Baik
2026-09-06T01:23:15Z,2026-09-06 08:23:15,1329,26.40000,66.90000,0.00031,3.05420,35.00000,13.00000,1515.00000,1,Baik
2026-09-06T01:23:35Z,2026-09-06 08:23:35,1330,26.40000,66.80000,0.00031,3.06476,35.00000,13.00000,1513.00000,1,Baik
2026-09-06T01:23:55Z,2026-09-06 08:23:55,1331,26.40000,66.90000,0.00031,3.06476,35.00000,13.00000,1515.00000,1,Baik
2026-09-06T01:24:15Z,2026-09-06 08:24:15,1332,26.40000,66.80000,0.00031,3.08970,35.00000,13.00000,1516.00000,1,Baik
2026-09-06T01:24:35Z,2026-09-06 08:24:35,1333,26.40000,66.80000,0.00031,3.06476,35.00000,13.00000,1513.00000,1,Baik
2026-09-06T01:24:55Z,2026-09-06 08:24:55,1334,26.40000,66.90000,0.00031,3.06476,35.00000,13.00000,1515.00000,1,Baik
2026-09-06T01:25:15Z,2026-09-06 08:25:15,1335,26.40000,66.90000,0.00031,3.07553,35.00000,13.00000,1513.00000,1,Baik
2026-09-06T01:25:35Z,2026-09-06 08:25:35,1336,26.50000,66.90000,0.00031,3.07553,35.00000,13.00000,1515.00000,1,Baik
2026-09-06T01:25:55Z,2026-09-06 08:25:55,1337,26.50000,66.90000,0.00031,3.06476,35.00000,13.00000,1517.00000,1,Baik
2026-09-06T01:26:15Z,2026-09-06 08:26:15,1338,26.50000,66.80000,0.00031,3.06476,35.00000,13.00000,1520.00000,1,Baik
2026-09-06T01:26:35Z,2026-09-06 08:26:35,1339,26.50000,66.80000,0.00031,3.06476,35.00000,13.00000,1515.00000,1,Baik
2026-09-06T01:26:55Z,2026-09-06 08:26:55,1340,26.50000,66.80000,0.00031,3.06476,35.00000,13.00000,1520.00000,1,Baik
2026-09-06T01:27:15Z,2026-09-06 08:27:15,1341,26.50000,66.80000,0.00031,2.88975,33.00000,13.00000,1519.00000,1,Baik
2026-09-06T01:27:35Z,2026-09-06 08:27:35,1342,26.50000,66.80000,0.00031,3.06476,35.00000,13.00000,1520.00000,1,Baik
2026-09-06T01:27:55Z,2026-09-06 08:27:55,1343,26.50000,66.90000,0.00031,3.06476,35.00000,13.00000,1520.00000,1,Baik
2026-09-06T01:28:15Z,2026-09-06 08:28:15,1344,26.50000,66.90000,0.00031,3.05420,35.00000,13.00000,1514.00000,1,Baik
2026-09-06T01:28:35Z,2026-09-06 08:28:35,1345,26.40000,66.90000,0.00031,3.06219,35.00000,13.00000,1513.00000,1,Baik
2026-09-06T01:28:55Z,2026-09-06 08:28:55,1346,26.40000,66.90000,0.00031,3.06476,35.00000,13.00000,1515.00000,1,Baik
2026-09-06T01:29:15Z,2026-09-06 08:29:15,1347,26.50000,67.00000,0.00031,3.06476,35.00000,13.00000,1517.00000,1,Baik
2026-09-06T01:29:35Z,2026-09-06 08:29:35,1348,26.50000,67.00000,0.00031,3.06476,35.00000,13.00000,1510.00000,1,Baik
2026-09-06T01:29:55Z,2026-09-06 08:29:55,1349,26.40000,67.00000,0.00031,3.06476,35.00000,13.00000,1494.00000,1,Baik
2026-09-06T01:30:15Z,2026-09-06 08:30:15,1350,26.50000,66.90000,0.00031,3.06476,35.00000,13.00000,1506.00000,1,Baik
2026-09-06T01:30:35Z,2026-09-06 08:30:35,1351,26.50000,67.00000,0.00031,3.06476,35.00000,13.00000,1503.00000,1,Baik
2026-09-06T01:30:55Z,2026-09-06 08:30:55,1352,26.50000,67.00000,0.00031,3.06476,35.00000,13.00000,1507.00000,1,Baik
2026-09-06T01:31:15Z,2026-09-06 08:31:15,1353,26.50000,66.90000,0.00031,3.06476,35.00000,13.00000,1509.00000,1,Baik
2026-09-06T01:31:35Z,2026-09-06 08:31:35,1354,26.50000,66.90000,0.00031,3.06476,35.00000,13.00000,1504.00000,1,Baik
2026-09-06T01:31:55Z,2026-09-06 08:31:55,1355,26.50000,67.00000,0.00031,3.06476,35.00000,13.00000,1514.00000,1,Baik
2026-09-06T01:32:15Z,2026-09-06 08:32:15,1356,26.50000,67.00000,0.00031,3.06476,35.00000,13.00000,1511.00000,1,Baik
2026-09-06T01:32:35Z,2026-09-06 08:32:35,1357,26.50000,67.00000,0.00031,3.06476,35.00000,13.00000,1511.00000,1,Baik
2026-09-06T01:32:55Z,2026-09-06 08:32:55,1358,26.50000,66.90000,0.00031,3.06476,35.00000,13.00000,1514.00000,1,Baik
2026-09-06T01:33:15Z,2026-09-06 08:33:15,1359,26.50000,66.90000,0.00031,3.06686,35.00000,13.00000,1508.00000,1,Baik
2026-09-06T01:33:35Z,2026-09-06 08:33:35,1360,26.50000,66.90000,0.00031,3.06686,35.00000,13.00000,1505.00000,1,Baik
2026-09-06T01:33:55Z,2026-09-06 08:33:55,1361,26.50000,66.90000,0.02327,2.94479,33.00000,13.00000,1503.00000,1,Baik
2026-09-06T01:34:15Z,2026-09-06 08:34:15,1362,26.50000,66.90000,0.00031,3.06476,35.00000,13.00000,1508.00000,1,Baik
2026-09-06T01:34:35Z,2026-09-06 08:34:35,1363,26.50000,66.90000,0.00031,3.06686,35.00000,13.00000,1502.00000,1,Baik
2026-09-06T01:34:55Z,2026-09-06 08:34:55,1364,26.50000,66.90000,0.00031,3.06476,35.00000,13.00000,1506.00000,1,Baik
2026-09-06T01:35:15Z,2026-09-06 08:35:15,1365,26.50000,66.90000,0.00031,2.90313,33.00000,13.00000,1499.00000,1,Baik
2026-09-06T01:35:35Z,2026-09-06 08:35:35,1366,26.50000,66.90000,0.00031,2.94479,33.00000,13.00000,1495.00000,1,Baik
2026-09-06T01:35:55Z,2026-09-06 08:35:55,1367,26.60000,66.90000,0.00031,2.94479,33.00000,13.00000,1499.00000,1,Baik
2026-09-06T01:36:15Z,2026-09-06 08:36:15,1368,26.50000,66.90000,0.00031,3.06476,35.00000,13.00000,1503.00000,1,Baik
2026-09-06T01:36:35Z,2026-09-06 08:36:35,1369,26.50000,66.90000,0.00031,3.20834,36.00000,13.00000,1503.00000,1,Baik
2026-09-06T01:36:55Z,2026-09-06 08:36:55,1370,26.50000,66.90000,0.00031,3.06686,35.00000,13.00000,1501.00000,1,Baik
2026-09-06T01:37:15Z,2026-09-06 08:37:15,1371,26.50000,66.90000,0.00031,3.06476,35.00000,13.00000,1501.00000,1,Baik
2026-09-06T01:37:35Z,2026-09-06 08:37:35,1372,26.50000,66.90000,0.00031,3.06476,35.00000,13.00000,1497.00000,1,Baik
2026-09-06T01:37:55Z,2026-09-06 08:37:55,1373,26.50000,66.90000,0.00031,2.94479,33.00000,13.00000,1493.00000,1,Baik
2026-09-06T01:38:15Z,2026-09-06 08:38:15,1374,26.50000,66.90000,0.00031,2.94479,33.00000,13.00000,1499.00000,1,Baik
2026-09-06T01:38:35Z,2026-09-06 08:38:35,1375,26.60000,66.90000,0.00031,3.06686,35.00000,13.00000,1493.00000,1,Baik
2026-09-06T01:38:55Z,2026-09-06 08:38:55,1376,26.50000,66.80000,0.00031,3.06686,35.00000,13.00000,1494.00000,1,Baik
2026-09-06T01:39:15Z,2026-09-06 08:39:15,1377,26.60000,66.80000,0.00031,3.06476,35.00000,13.00000,1495.00000,1,Baik
2026-09-06T01:39:35Z,2026-09-06 08:39:35,1378,26.60000,66.80000,0.00031,3.06476,35.00000,13.00000,1493.00000,1,Baik
2026-09-06T01:39:55Z,2026-09-06 08:39:55,1379,26.60000,66.70000,0.00031,3.06476,35.00000,13.00000,1495.00000,1,Baik
2026-09-06T01:40:15Z,2026-09-06 08:40:15,1380,26.60000,66.70000,0.00031,3.06476,35.00000,13.00000,1494.00000,1,Baik
2026-09-06T01:40:35Z,2026-09-06 08:40:35,1381,26.60000,66.70000,0.00031,3.06476,35.00000,13.00000,1498.00000,1,Baik
2026-09-06T01:40:55Z,2026-09-06 08:40:55,1382,26.60000,66.70000,0.00031,3.06476,35.00000,13.00000,1499.00000,1,Baik
2026-09-06T01:41:15Z,2026-09-06 08:41:15,1383,26.60000,66.60000,0.00031,2.94479,33.00000,13.00000,1488.00000,1,Baik
2026-09-06T01:41:35Z,2026-09-06 08:41:35,1384,26.60000,66.70000,0.00031,3.06476,35.00000,13.00000,1490.00000,1,Baik
2026-09-06T01:41:55Z,2026-09-06 08:41:55,1385,26.60000,66.70000,0.00031,3.06476,35.00000,13.00000,1490.00000,1,Baik
2026-09-06T01:42:15Z,2026-09-06 08:42:15,1386,26.60000,66.60000,0.00031,3.06686,35.00000,13.00000,1488.00000,1,Baik
2026-09-06T01:42:35Z,2026-09-06 08:42:35,1387,26.60000,66.60000,0.00031,3.01707,34.00000,13.00000,1517.00000,1,Baik
2026-09-06T01:42:55Z,2026-09-06 08:42:55,1388,26.60000,66.60000,0.00031,2.93086,33.00000,13.00000,1489.00000,1,Baik
2026-09-06T01:43:15Z,2026-09-06 08:43:15,1389,26.60000,66.60000,0.00031,2.94479,33.00000,13.00000,1485.00000,1,Baik
2026-09-06T01:43:35Z,2026-09-06 08:43:35,1390,26.60000,66.50000,0.00031,3.06476,35.00000,13.00000,1485.00000,1,Baik
2026-09-06T01:43:55Z,2026-09-06 08:43:55,1391,26.60000,66.50000,0.00031,2.92421,33.00000,13.00000,1488.00000,1,Baik
2026-09-06T01:44:15Z,2026-09-06 08:44:15,1392,26.60000,66.50000,0.00031,2.93086,33.00000,13.00000,1489.00000,1,Baik
2026-09-06T01:44:35Z,2026-09-06 08:44:35,1393,26.60000,66.50000,0.00031,2.94479,33.00000,13.00000,1488.00000,1,Baik
2026-09-06T01:44:55Z,2026-09-06 08:44:55,1394,26.60000,66.60000,0.00031,2.94479,33.00000,13.00000,1487.00000,1,Baik
2026-09-06T01:45:15Z,2026-09-06 08:45:15,1395,26.60000,66.50000,0.00031,2.93086,33.00000,13.00000,1483.00000,1,Baik
2026-09-06T01:45:35Z,2026-09-06 08:45:35,1396,26.60000,66.50000,0.00031,2.93086,33.00000,13.00000,1485.00000,1,Baik
2026-09-06T01:45:55Z,2026-09-06 08:45:55,1397,26.70000,66.60000,0.00031,2.93086,33.00000,13.00000,1475.00000,1,Baik
2026-09-06T01:46:15Z,2026-09-06 08:46:15,1398,26.70000,66.50000,0.00031,3.05230,35.00000,13.00000,1487.00000,1,Baik
2026-09-06T01:46:35Z,2026-09-06 08:46:35,1399,26.70000,66.50000,0.00031,3.02293,34.00000,13.00000,1483.00000,1,Baik
2026-09-06T01:46:55Z,2026-09-06 08:46:55,1400,26.70000,66.50000,0.00031,2.92421,33.00000,13.00000,1485.00000,1,Baik
2026-09-06T01:47:15Z,2026-09-06 08:47:15,1401,26.70000,66.50000,0.00031,2.92421,33.00000,13.00000,1481.00000,1,Baik
2026-09-06T01:47:35Z,2026-09-06 08:47:35,1402,26.70000,66.50000,0.00031,3.02293,34.00000,13.00000,1478.00000,1,Baik
2026-09-06T01:47:55Z,2026-09-06 08:47:55,1403,26.70000,66.50000,0.00618,2.92421,33.00000,13.00000,1483.00000,1,Baik
2026-09-06T01:48:15Z,2026-09-06 08:48:15,1404,26.70000,66.50000,0.00031,2.93086,33.00000,13.00000,1482.00000,1,Baik
2026-09-06T01:48:35Z,2026-09-06 08:48:35,1405,26.70000,66.50000,0.00031,3.02293,34.00000,13.00000,1477.00000,1,Baik
2026-09-06T01:48:55Z,2026-09-06 08:48:55,1406,26.70000,66.40000,0.00031,2.92421,33.00000,13.00000,1479.00000,1,Baik
2026-09-06T01:49:15Z,2026-09-06 08:49:15,1407,26.70000,66.40000,0.00031,3.05230,35.00000,13.00000,1482.00000,1,Baik
2026-09-06T01:49:35Z,2026-09-06 08:49:35,1408,26.70000,66.40000,0.00031,3.05230,35.00000,13.00000,1483.00000,1,Baik
2026-09-06T01:49:55Z,2026-09-06 08:49:55,1409,26.70000,66.40000,0.00031,2.92421,33.00000,13.00000,1474.00000,1,Baik
2026-09-06T01:50:15Z,2026-09-06 08:50:15,1410,26.70000,66.40000,0.00031,2.93086,33.00000,13.00000,1476.00000,1,Baik
2026-09-06T01:50:35Z,2026-09-06 08:50:35,1411,26.70000,66.40000,0.00031,2.93795,33.00000,13.00000,1475.00000,1,Baik
2026-09-06T01:50:55Z,2026-09-06 08:50:55,1412,26.70000,66.40000,0.00031,3.05230,35.00000,13.00000,1475.00000,1,Baik
2026-09-06T01:51:15Z,2026-09-06 08:51:15,1413,26.70000,66.40000,0.00031,3.05230,35.00000,13.00000,1473.00000,1,Baik
2026-09-06T01:51:35Z,2026-09-06 08:51:35,1414,26.80000,66.30000,0.00031,3.05230,35.00000,13.00000,1477.00000,1,Baik
2026-09-06T01:51:55Z,2026-09-06 08:51:55,1415,26.80000,66.30000,0.00031,2.92421,33.00000,13.00000,1475.00000,1,Baik
2026-09-06T01:52:15Z,2026-09-06 08:52:15,1416,26.80000,66.30000,0.02327,3.02293,34.00000,13.00000,1478.00000,1,Baik
2026-09-06T01:52:35Z,2026-09-06 08:52:35,1417,26.80000,66.30000,0.00031,2.95470,34.00000,13.00000,1483.00000,1,Baik
2026-09-06T01:52:55Z,2026-09-06 08:52:55,1418,26.80000,66.20000,0.00031,3.02293,34.00000,13.00000,1482.00000,1,Baik
2026-09-06T01:53:15Z,2026-09-06 08:53:15,1419,26.80000,66.20000,0.00031,3.05230,35.00000,13.00000,1487.00000,1,Baik
2026-09-06T01:53:35Z,2026-09-06 08:53:35,1420,26.80000,66.20000,0.00031,2.95470,34.00000,13.00000,1482.00000,1,Baik
2026-09-06T01:53:55Z,2026-09-06 08:53:55,1421,26.80000,66.20000,0.00031,3.02293,34.00000,13.00000,1482.00000,1,Baik
2026-09-06T01:54:15Z,2026-09-06 08:54:15,1422,26.80000,66.10000,0.00031,2.95470,34.00000,13.00000,1479.00000,1,Baik
2026-09-06T01:54:35Z,2026-09-06 08:54:35,1423,26.80000,66.10000,0.00031,2.93795,33.00000,13.00000,1473.00000,1,Baik
2026-09-06T01:54:55Z,2026-09-06 08:54:55,1424,26.80000,66.20000,0.00031,2.95470,34.00000,13.00000,1477.00000,1,Baik
2026-09-06T01:55:15Z,2026-09-06 08:55:15,1425,26.80000,66.20000,0.00031,2.93795,33.00000,13.00000,1475.00000,1,Baik
2026-09-06T01:55:35Z,2026-09-06 08:55:35,1426,26.80000,66.10000,0.00031,2.95470,34.00000,13.00000,1477.00000,1,Baik
2026-09-06T01:55:55Z,2026-09-06 08:55:55,1427,26.80000,66.00000,0.00031,2.46405,28.00000,13.00000,1478.00000,1,Baik
2026-09-06T01:56:15Z,2026-09-06 08:56:15,1428,26.80000,66.00000,0.00031,2.93795,33.00000,13.00000,1477.00000,1,Baik
2026-09-06T01:56:35Z,2026-09-06 08:56:35,1429,26.80000,65.90000,0.00031,2.93795,33.00000,13.00000,1475.00000,1,Baik
2026-09-06T01:56:55Z,2026-09-06 08:56:55,1430,26.90000,65.90000,0.00031,2.95470,34.00000,13.00000,1478.00000,1,Baik
2026-09-06T01:57:15Z,2026-09-06 08:57:15,1431,26.90000,65.90000,0.00031,2.95470,34.00000,13.00000,1479.00000,1,Baik
2026-09-06T01:57:35Z,2026-09-06 08:57:35,1432,26.90000,65.90000,0.00031,2.93795,33.00000,13.00000,1479.00000,1,Baik
2026-09-06T01:57:55Z,2026-09-06 08:57:55,1433,26.90000,65.80000,0.00031,2.93795,33.00000,13.00000,1478.00000,1,Baik
2026-09-06T01:58:15Z,2026-09-06 08:58:15,1434,26.90000,65.70000,0.00031,2.95470,34.00000,13.00000,1475.00000,1,Baik
2026-09-06T01:58:35Z,2026-09-06 08:58:35,1435,26.90000,65.70000,0.00031,2.93795,33.00000,13.00000,1475.00000,1,Baik
2026-09-06T01:58:55Z,2026-09-06 08:58:55,1436,27.00000,65.70000,0.00031,2.93795,33.00000,13.00000,1473.00000,1,Baik
2026-09-06T01:59:15Z,2026-09-06 08:59:15,1437,27.00000,65.70000,0.00031,2.95470,34.00000,13.00000,1478.00000,1,Baik
2026-09-06T01:59:35Z,2026-09-06 08:59:35,1438,26.90000,65.60000,0.00031,2.93795,33.00000,13.00000,1481.00000,1,Baik
2026-09-06T01:59:55Z,2026-09-06 08:59:55,1439,27.00000,65.70000,0.00031,2.95470,34.00000,13.00000,1488.00000,1,Baik
2026-09-06T02:00:15Z,2026-09-06 09:00:15,1440,27.00000,65.70000,0.00031,2.95470,34.00000,13.00000,1483.00000,1,Baik
2026-09-06T02:00:35Z,2026-09-06 09:00:35,1441,26.90000,65.70000,0.00031,2.93795,33.00000,13.00000,1484.00000,1,Baik
2026-09-06T02:00:55Z,2026-09-06 09:00:55,1442,27.00000,65.70000,0.00031,2.93795,33.00000,13.00000,1478.00000,1,Baik
2026-09-06T02:01:15Z,2026-09-06 09:01:15,1443,27.00000,65.60000,0.00031,2.93795,33.00000,13.00000,1478.00000,1,Baik
2026-09-06T02:01:35Z,2026-09-06 09:01:35,1444,27.00000,65.60000,0.00031,2.93795,33.00000,13.00000,1476.00000,1,Baik
2026-09-06T02:01:55Z,2026-09-06 09:01:55,1445,27.00000,65.60000,0.00031,2.14651,24.00000,13.00000,1477.00000,1,Baik
2026-09-06T02:02:15Z,2026-09-06 09:02:15,1446,27.00000,65.50000,0.00031,2.93795,33.00000,13.00000,1475.00000,1,Baik
2026-09-06T02:02:35Z,2026-09-06 09:02:35,1447,27.00000,65.50000,0.00031,2.93795,33.00000,13.00000,1472.00000,1,Baik
2026-09-06T02:02:55Z,2026-09-06 09:02:55,1448,27.00000,65.50000,0.00031,2.93795,33.00000,13.00000,1474.00000,1,Baik
2026-09-06T02:03:15Z,2026-09-06 09:03:15,1449,27.00000,65.50000,0.00031,2.93795,33.00000,13.00000,1475.00000,1,Baik
2026-09-06T02:03:35Z,2026-09-06 09:03:35,1450,27.00000,65.50000,0.00031,2.93795,33.00000,13.00000,1475.00000,1,Baik
2026-09-06T02:03:55Z,2026-09-06 09:03:55,1451,27.00000,65.50000,0.00031,2.93795,33.00000,13.00000,1472.00000,1,Baik
2026-09-06T02:04:15Z,2026-09-06 09:04:15,1452,27.00000,65.60000,0.00031,2.93795,33.00000,13.00000,1473.00000,1,Baik
2026-09-06T02:04:35Z,2026-09-06 09:04:35,1453,27.00000,65.60000,0.00031,2.93795,33.00000,13.00000,1486.00000,1,Baik
2026-09-06T02:04:55Z,2026-09-06 09:04:55,1454,27.00000,65.60000,0.00031,2.93795,33.00000,13.00000,1482.00000,1,Baik
2026-09-06T02:05:15Z,2026-09-06 09:05:15,1455,27.00000,65.50000,0.00031,2.93795,33.00000,13.00000,1479.00000,1,Baik
2026-09-06T02:05:35Z,2026-09-06 09:05:35,1456,27.00000,65.50000,0.00031,2.93795,33.00000,13.00000,1479.00000,1,Baik
2026-09-06T02:05:55Z,2026-09-06 09:05:55,1457,27.00000,65.50000,0.00031,2.95470,34.00000,13.00000,1479.00000,1,Baik
2026-09-06T02:06:15Z,2026-09-06 09:06:15,1458,27.00000,65.50000,0.00031,2.93795,33.00000,13.00000,1475.00000,1,Baik
2026-09-06T02:06:35Z,2026-09-06 09:06:35,1459,27.00000,65.40000,0.00031,2.93795,33.00000,13.00000,1475.00000,1,Baik
2026-09-06T02:06:55Z,2026-09-06 09:06:55,1460,27.00000,65.50000,0.00031,2.88780,33.00000,13.00000,1482.00000,1,Baik
2026-09-06T02:07:15Z,2026-09-06 09:07:15,1461,27.00000,65.50000,0.00031,2.93795,33.00000,13.00000,1475.00000,1,Baik
2026-09-06T02:07:35Z,2026-09-06 09:07:35,1462,27.00000,65.50000,0.00031,2.93795,33.00000,13.00000,1473.00000,1,Baik
2026-09-06T02:07:55Z,2026-09-06 09:07:55,1463,27.00000,65.50000,0.00031,2.93795,33.00000,13.00000,1475.00000,1,Baik
2026-09-06T02:08:15Z,2026-09-06 09:08:15,1464,27.00000,65.50000,0.00031,2.93795,33.00000,13.00000,1471.00000,1,Baik
2026-09-06T02:08:35Z,2026-09-06 09:08:35,1465,27.00000,65.50000,0.00031,2.93795,33.00000,13.00000,1472.00000,1,Baik
2026-09-06T02:08:55Z,2026-09-06 09:08:55,1466,27.00000,65.50000,0.00618,2.93795,33.00000,13.00000,1467.00000,1,Baik
2026-09-06T02:09:15Z,2026-09-06 09:09:15,1467,27.00000,65.50000,0.00031,2.93795,33.00000,13.00000,1463.00000,1,Baik
2026-09-06T02:09:35Z,2026-09-06 09:09:35,1468,27.10000,65.50000,0.04043,2.93795,33.00000,13.00000,1466.00000,1,Baik
2026-09-06T02:09:55Z,2026-09-06 09:09:55,1469,27.10000,65.30000,0.00031,2.93795,33.00000,13.00000,1462.00000,1,Baik
2026-09-06T02:10:15Z,2026-09-06 09:10:15,1470,27.10000,65.30000,0.00031,2.93076,33.00000,13.00000,1461.00000,1,Baik
2026-09-06T02:10:35Z,2026-09-06 09:10:35,1471,27.10000,65.30000,0.00031,2.91849,33.00000,13.00000,1460.00000,1,Baik
2026-09-06T02:10:55Z,2026-09-06 09:10:55,1472,27.10000,65.20000,0.00031,2.90809,33.00000,13.00000,1461.00000,1,Baik
2026-09-06T02:11:15Z,2026-09-06 09:11:15,1473,27.10000,65.20000,0.00031,2.90809,33.00000,13.00000,1457.00000,1,Baik
2026-09-06T02:11:35Z,2026-09-06 09:11:35,1474,27.10000,65.20000,0.00031,2.93076,33.00000,13.00000,1467.00000,1,Baik
2026-09-06T02:11:55Z,2026-09-06 09:11:55,1475,27.10000,65.10000,0.00031,2.88780,33.00000,13.00000,1466.00000,1,Baik
2026-09-06T02:12:15Z,2026-09-06 09:12:15,1476,27.10000,65.10000,0.00031,2.91849,33.00000,13.00000,1462.00000,1,Baik
2026-09-06T02:12:35Z,2026-09-06 09:12:35,1477,27.10000,65.10000,0.00031,2.93795,33.00000,13.00000,1461.00000,1,Baik
2026-09-06T02:12:55Z,2026-09-06 09:12:55,1478,27.10000,65.10000,0.00031,2.91849,33.00000,13.00000,1457.00000,1,Baik
2026-09-06T02:13:15Z,2026-09-06 09:13:15,1479,27.10000,65.10000,0.00031,2.93076,33.00000,13.00000,1457.00000,1,Baik
2026-09-06T02:13:35Z,2026-09-06 09:13:35,1480,27.10000,65.10000,0.00031,2.91849,33.00000,13.00000,1471.00000,1,Baik
2026-09-06T02:13:55Z,2026-09-06 09:13:55,1481,27.10000,65.10000,0.00031,2.91849,33.00000,13.00000,1448.00000,1,Baik
2026-09-06T02:14:15Z,2026-09-06 09:14:15,1482,27.20000,65.10000,0.00031,2.91849,33.00000,13.00000,1452.00000,1,Baik
2026-09-06T02:14:35Z,2026-09-06 09:14:35,1483,27.20000,65.10000,0.00031,2.91849,33.00000,13.00000,1454.00000,1,Baik
2026-09-06T02:14:55Z,2026-09-06 09:14:55,1484,27.20000,65.10000,0.00031,2.91849,33.00000,13.00000,1449.00000,1,Baik
2026-09-06T02:15:15Z,2026-09-06 09:15:15,1485,27.20000,65.00000,0.00031,2.93076,33.00000,13.00000,1452.00000,1,Baik
2026-09-06T02:15:35Z,2026-09-06 09:15:35,1486,27.20000,65.00000,0.00031,2.88780,33.00000,13.00000,1459.00000,1,Baik
2026-09-06T02:15:55Z,2026-09-06 09:15:55,1487,27.20000,65.00000,0.00031,2.93795,33.00000,13.00000,1453.00000,1,Baik
2026-09-06T02:16:15Z,2026-09-06 09:16:15,1488,27.20000,65.00000,0.00031,2.93795,33.00000,13.00000,1456.00000,1,Baik
2026-09-06T02:16:35Z,2026-09-06 09:16:35,1489,27.20000,65.00000,0.00031,2.93795,33.00000,13.00000,1455.00000,1,Baik
2026-09-06T02:16:55Z,2026-09-06 09:16:55,1490,27.20000,65.00000,0.00031,2.93795,33.00000,13.00000,1456.00000,1,Baik
2026-09-06T02:17:15Z,2026-09-06 09:17:15,1491,27.20000,65.00000,0.00031,1.29244,15.00000,13.00000,1451.00000,1,Baik
2026-09-06T02:17:35Z,2026-09-06 09:17:35,1492,27.20000,64.90000,0.00031,2.88780,33.00000,13.00000,1456.00000,1,Baik
2026-09-06T02:17:55Z,2026-09-06 09:17:55,1493,27.30000,64.90000,0.00031,2.88780,33.00000,13.00000,1455.00000,1,Baik
2026-09-06T02:18:15Z,2026-09-06 09:18:15,1494,27.30000,64.90000,0.00031,2.93795,33.00000,13.00000,1455.00000,1,Baik
2026-09-06T02:18:35Z,2026-09-06 09:18:35,1495,27.30000,64.80000,0.00031,2.93076,33.00000,13.00000,1456.00000,1,Baik
2026-09-06T02:18:55Z,2026-09-06 09:18:55,1496,27.30000,64.80000,0.00031,2.93795,33.00000,13.00000,1456.00000,1,Baik
2026-09-06T02:19:15Z,2026-09-06 09:19:15,1497,27.30000,64.80000,0.00031,2.93795,33.00000,13.00000,1455.00000,1,Baik
2026-09-06T02:19:35Z,2026-09-06 09:19:35,1498,27.30000,64.80000,0.00031,2.93795,33.00000,13.00000,1449.00000,1,Baik
2026-09-06T02:19:55Z,2026-09-06 09:19:55,1499,27.30000,64.80000,0.00031,2.65568,30.00000,13.00000,1451.00000,1,Baik
2026-09-06T02:20:15Z,2026-09-06 09:20:15,1500,27.30000,64.80000,0.00031,2.93795,33.00000,13.00000,1446.00000,1,Baik
2026-09-06T02:20:35Z,2026-09-06 09:20:35,1501,27.30000,64.80000,0.00031,2.93795,33.00000,13.00000,1449.00000,1,Baik
2026-09-06T02:20:55Z,2026-09-06 09:20:55,1502,27.30000,64.80000,0.00031,2.93076,33.00000,13.00000,1441.00000,1,Baik
2026-09-06T02:21:15Z,2026-09-06 09:21:15,1503,27.30000,64.80000,0.00031,2.93795,33.00000,13.00000,1447.00000,1,Baik
2026-09-06T02:21:35Z,2026-09-06 09:21:35,1504,27.20000,64.70000,0.00031,2.93076,33.00000,13.00000,1451.00000,1,Baik
2026-09-06T02:21:55Z,2026-09-06 09:21:55,1505,27.20000,64.70000,0.00031,2.93795,33.00000,13.00000,1450.00000,1,Baik
2026-09-06T02:22:15Z,2026-09-06 09:22:15,1506,27.20000,64.70000,0.00031,2.93795,33.00000,13.00000,1447.00000,1,Baik
2026-09-06T02:22:35Z,2026-09-06 09:22:35,1507,27.20000,64.60000,0.00031,2.93795,33.00000,13.00000,1441.00000,1,Baik
2026-09-06T02:22:55Z,2026-09-06 09:22:55,1508,27.10000,64.60000,0.00031,2.91849,33.00000,13.00000,1445.00000,1,Baik
2026-09-06T02:23:15Z,2026-09-06 09:23:15,1509,27.00000,64.50000,0.00031,2.88780,33.00000,13.00000,1445.00000,1,Baik
2026-09-06T02:23:35Z,2026-09-06 09:23:35,1510,27.00000,64.40000,0.00031,2.93076,33.00000,13.00000,1446.00000,1,Baik
2026-09-06T02:23:55Z,2026-09-06 09:23:55,1511,26.90000,64.30000,0.00031,2.93076,33.00000,13.00000,1439.00000,1,Baik
2026-09-06T02:24:15Z,2026-09-06 09:24:15,1512,26.80000,64.00000,0.00031,2.91849,33.00000,13.00000,1440.00000,1,Baik
2026-09-06T02:24:35Z,2026-09-06 09:24:35,1513,26.80000,63.70000,0.00031,2.91849,33.00000,13.00000,1430.00000,1,Baik
2026-09-06T02:24:55Z,2026-09-06 09:24:55,1514,26.70000,63.60000,0.00031,2.90809,33.00000,13.00000,1427.00000,1,Baik
2026-09-06T02:25:15Z,2026-09-06 09:25:15,1515,26.60000,63.30000,0.00031,2.90305,33.00000,13.00000,1433.00000,1,Baik
2026-09-06T02:25:35Z,2026-09-06 09:25:35,1516,26.50000,62.90000,0.00031,2.90305,33.00000,13.00000,1424.00000,1,Baik
2026-09-06T02:25:55Z,2026-09-06 09:25:55,1517,26.40000,62.50000,0.00031,2.90305,33.00000,13.00000,1419.00000,1,Baik
2026-09-06T02:26:15Z,2026-09-06 09:26:15,1518,26.30000,62.30000,0.00031,2.91008,33.00000,13.00000,1413.00000,1,Baik
2026-09-06T02:26:35Z,2026-09-06 09:26:35,1519,26.20000,62.10000,0.00031,2.91008,33.00000,13.00000,1409.00000,1,Baik
2026-09-06T02:26:55Z,2026-09-06 09:26:55,1520,26.10000,61.90000,0.00031,2.91545,33.00000,13.00000,1405.00000,1,Baik
2026-09-06T02:27:15Z,2026-09-06 09:27:15,1521,26.00000,61.80000,0.00031,2.91545,33.00000,13.00000,1406.00000,1,Baik
2026-09-06T02:27:35Z,2026-09-06 09:27:35,1522,25.90000,61.60000,0.00031,2.94472,33.00000,13.00000,1402.00000,1,Baik
2026-09-06T02:27:55Z,2026-09-06 09:27:55,1523,25.90000,61.60000,0.00031,2.94472,33.00000,13.00000,1397.00000,1,Baik
2026-09-06T02:28:15Z,2026-09-06 09:28:15,1524,25.80000,61.40000,0.00031,2.81303,32.00000,13.00000,1392.00000,1,Baik
2026-09-06T02:28:35Z,2026-09-06 09:28:35,1525,25.70000,61.20000,0.00031,2.79236,32.00000,13.00000,1389.00000,1,Baik
2026-09-06T02:28:55Z,2026-09-06 09:28:55,1526,25.60000,61.10000,0.00031,2.79236,32.00000,13.00000,1385.00000,1,Baik
2026-09-06T02:29:15Z,2026-09-06 09:29:15,1527,25.50000,60.90000,0.00031,2.81303,32.00000,13.00000,1386.00000,1,Baik
2026-09-06T02:29:35Z,2026-09-06 09:29:35,1528,25.40000,60.80000,0.00031,2.69283,31.00000,13.00000,1379.00000,1,Baik
2026-09-06T02:29:55Z,2026-09-06 09:29:55,1529,25.30000,60.60000,0.00031,2.63515,30.00000,13.00000,1374.00000,1,Baik
2026-09-06T02:30:15Z,2026-09-06 09:30:15,1530,25.30000,60.60000,0.00031,2.63515,30.00000,13.00000,1373.00000,1,Baik
2026-09-06T02:30:35Z,2026-09-06 09:30:35,1531,25.20000,60.50000,0.00031,2.63378,30.00000,13.00000,1366.00000,1,Baik
2026-09-06T02:30:55Z,2026-09-06 09:30:55,1532,25.20000,60.30000,0.00031,2.63378,30.00000,13.00000,1367.00000,1,Baik
2026-09-06T02:31:15Z,2026-09-06 09:31:15,1533,25.10000,60.30000,0.00031,2.61851,30.00000,13.00000,1371.00000,1,Baik
2026-09-06T02:31:35Z,2026-09-06 09:31:35,1534,25.10000,59.90000,0.00031,2.57742,29.00000,13.00000,1363.00000,1,Baik
2026-09-06T02:31:55Z,2026-09-06 09:31:55,1535,25.00000,59.60000,0.00031,2.55678,29.00000,13.00000,1363.00000,1,Baik
2026-09-06T02:32:15Z,2026-09-06 09:32:15,1536,25.00000,59.40000,0.00031,2.55678,29.00000,13.00000,1360.00000,1,Baik
2026-09-06T02:32:35Z,2026-09-06 09:32:35,1537,24.90000,59.80000,0.00031,2.54233,29.00000,13.00000,1360.00000,1,Baik
2026-09-06T02:32:55Z,2026-09-06 09:32:55,1538,24.90000,60.20000,0.00031,2.56017,29.00000,13.00000,1360.00000,1,Baik
2026-09-06T02:33:15Z,2026-09-06 09:33:15,1539,24.90000,60.70000,0.00031,2.57463,29.00000,13.00000,1360.00000,1,Baik
2026-09-06T02:33:35Z,2026-09-06 09:33:35,1540,25.00000,61.10000,0.00031,2.56017,29.00000,13.00000,1359.00000,1,Baik
2026-09-06T02:33:55Z,2026-09-06 09:33:55,1541,25.00000,61.80000,0.00031,2.57463,29.00000,13.00000,1366.00000,1,Baik
2026-09-06T02:34:15Z,2026-09-06 09:34:15,1542,25.10000,62.30000,0.00031,2.61851,30.00000,13.00000,1371.00000,1,Baik
2026-09-06T02:34:35Z,2026-09-06 09:34:35,1543,25.10000,62.70000,0.00031,2.61851,30.00000,13.00000,1371.00000,1,Baik
2026-09-06T02:34:55Z,2026-09-06 09:34:55,1544,25.10000,63.40000,0.00031,2.60859,30.00000,13.00000,1376.00000,1,Baik
2026-09-06T02:35:15Z,2026-09-06 09:35:15,1545,25.20000,63.80000,0.00031,2.62386,30.00000,13.00000,1378.00000,1,Baik
2026-09-06T02:35:35Z,2026-09-06 09:35:35,1546,25.30000,64.00000,0.00031,2.62386,30.00000,13.00000,1375.00000,1,Baik
2026-09-06T02:35:55Z,2026-09-06 09:35:55,1547,25.30000,64.30000,0.00031,2.62523,30.00000,13.00000,1382.00000,1,Baik
2026-09-06T02:36:15Z,2026-09-06 09:36:15,1548,25.30000,64.50000,0.00031,2.62523,30.00000,13.00000,1381.00000,1,Baik
2026-09-06T02:36:35Z,2026-09-06 09:36:35,1549,25.40000,64.70000,0.00031,2.62862,30.00000,13.00000,1376.00000,1,Baik
2026-09-06T02:36:55Z,2026-09-06 09:36:55,1550,25.40000,64.90000,0.00031,2.62862,30.00000,13.00000,1380.00000,1,Baik
2026-09-06T02:37:15Z,2026-09-06 09:37:15,1551,25.50000,65.30000,0.00031,2.62862,30.00000,13.00000,1376.00000,1,Baik
2026-09-06T02:37:35Z,2026-09-06 09:37:35,1552,25.50000,65.40000,0.00031,2.64169,30.00000,13.00000,1381.00000,1,Baik
2026-09-06T02:37:55Z,2026-09-06 09:37:55,1553,25.60000,65.70000,0.00031,2.62862,30.00000,13.00000,1386.00000,1,Baik
2026-09-06T02:38:15Z,2026-09-06 09:38:15,1554,25.60000,65.80000,0.00031,2.62862,30.00000,13.00000,1387.00000,1,Baik
2026-09-06T02:38:35Z,2026-09-06 09:38:35,1555,25.60000,65.90000,0.00031,2.62862,30.00000,13.00000,1386.00000,1,Baik
2026-09-06T02:38:55Z,2026-09-06 09:38:55,1556,25.70000,66.10000,0.00031,2.68290,30.00000,13.00000,1392.00000,1,Baik
2026-09-06T02:39:15Z,2026-09-06 09:39:15,1557,25.70000,66.20000,0.00031,2.71948,31.00000,13.00000,1392.00000,1,Baik
2026-09-06T02:39:35Z,2026-09-06 09:39:35,1558,25.70000,66.40000,0.00031,2.68290,30.00000,13.00000,1392.00000,1,Baik
2026-09-06T02:39:55Z,2026-09-06 09:39:55,1559,25.70000,66.60000,0.00031,2.71958,31.00000,13.00000,1392.00000,1,Baik
2026-09-06T02:40:15Z,2026-09-06 09:40:15,1560,25.80000,66.70000,0.00031,2.68290,30.00000,13.00000,1392.00000,1,Baik
2026-09-06T02:40:35Z,2026-09-06 09:40:35,1561,25.80000,67.00000,0.00031,2.68290,30.00000,13.00000,1392.00000,1,Baik
2026-09-06T02:40:55Z,2026-09-06 09:40:55,1562,25.90000,67.10000,0.00031,2.74063,31.00000,13.00000,1392.00000,1,Baik
2026-09-06T02:41:15Z,2026-09-06 09:41:15,1563,25.90000,67.30000,0.00031,2.77838,32.00000,13.00000,1392.00000,1,Baik
2026-09-06T02:41:35Z,2026-09-06 09:41:35,1564,25.90000,67.40000,0.00031,2.82426,32.00000,13.00000,1390.00000,1,Baik
2026-09-06T02:41:55Z,2026-09-06 09:41:55,1565,25.90000,67.60000,0.00031,2.77838,32.00000,13.00000,1395.00000,1,Baik
2026-09-06T02:42:15Z,2026-09-06 09:42:15,1566,25.90000,67.90000,0.00031,2.77838,32.00000,13.00000,1395.00000,1,Baik
2026-09-06T02:42:35Z,2026-09-06 09:42:35,1567,26.00000,68.00000,0.00031,2.82426,32.00000,13.00000,1392.00000,1,Baik
2026-09-06T02:42:55Z,2026-09-06 09:42:55,1568,26.00000,68.00000,0.00031,2.94830,34.00000,13.00000,1396.00000,1,Baik
2026-09-06T02:43:15Z,2026-09-06 09:43:15,1569,26.00000,68.20000,0.00031,2.94830,34.00000,13.00000,1397.00000,1,Baik
2026-09-06T02:43:35Z,2026-09-06 09:43:35,1570,26.00000,68.40000,0.00031,2.94830,34.00000,13.00000,1397.00000,1,Baik
2026-09-06T02:43:55Z,2026-09-06 09:43:55,1571,26.10000,68.50000,0.00031,2.82426,32.00000,13.00000,1394.00000,1,Baik
2026-09-06T02:44:15Z,2026-09-06 09:44:15,1572,26.10000,68.60000,0.00031,2.80359,32.00000,13.00000,1397.00000,1,Baik
2026-09-06T02:44:35Z,2026-09-06 09:44:35,1573,26.10000,68.70000,0.00031,2.80359,32.00000,13.00000,1394.00000,1,Baik
2026-09-06T02:44:55Z,2026-09-06 09:44:55,1574,26.10000,68.70000,0.00031,2.77838,32.00000,13.00000,1398.00000,1,Baik
2026-09-06T02:45:15Z,2026-09-06 09:45:15,1575,26.10000,68.80000,0.00031,2.82426,32.00000,13.00000,1397.00000,1,Baik
2026-09-06T02:45:35Z,2026-09-06 09:45:35,1576,26.20000,68.90000,0.00031,2.80050,32.00000,13.00000,1404.00000,1,Baik
2026-09-06T02:45:55Z,2026-09-06 09:45:55,1577,26.20000,68.90000,0.00031,2.91104,33.00000,13.00000,1402.00000,1,Baik
2026-09-06T02:46:15Z,2026-09-06 09:46:15,1578,26.20000,69.00000,0.00031,2.89992,33.00000,13.00000,1398.00000,1,Baik
2026-09-06T02:46:35Z,2026-09-06 09:46:35,1579,26.30000,69.10000,0.00031,2.92453,33.00000,13.00000,1398.00000,1,Baik
2026-09-06T02:46:55Z,2026-09-06 09:46:55,1580,26.30000,69.10000,0.00031,2.91104,33.00000,13.00000,1403.00000,1,Baik
2026-09-06T02:47:15Z,2026-09-06 09:47:15,1581,26.30000,69.10000,0.00031,2.77983,32.00000,13.00000,1402.00000,1,Baik
2026-09-06T02:47:35Z,2026-09-06 09:47:35,1582,26.30000,69.20000,0.00061,2.75462,31.00000,13.00000,1398.00000,1,Baik
2026-09-06T02:47:55Z,2026-09-06 09:47:55,1583,26.30000,69.20000,0.00031,2.71687,31.00000,13.00000,1404.00000,1,Baik
2026-09-06T02:48:15Z,2026-09-06 09:48:15,1584,26.30000,69.30000,0.00031,2.71687,31.00000,13.00000,1407.00000,1,Baik
2026-09-06T02:48:35Z,2026-09-06 09:48:35,1585,26.40000,69.30000,0.00031,2.75462,31.00000,13.00000,1408.00000,1,Baik
2026-09-06T02:48:55Z,2026-09-06 09:48:55,1586,26.40000,69.30000,0.00031,2.77983,32.00000,13.00000,1410.00000,1,Baik
2026-09-06T02:49:15Z,2026-09-06 09:49:15,1587,26.40000,69.30000,0.00031,2.89992,33.00000,13.00000,1414.00000,1,Baik
2026-09-06T02:49:35Z,2026-09-06 09:49:35,1588,26.40000,69.30000,0.00031,2.89992,33.00000,13.00000,1414.00000,1,Baik
2026-09-06T02:49:55Z,2026-09-06 09:49:55,1589,26.40000,69.20000,0.00031,2.88975,33.00000,13.00000,1415.00000,1,Baik
2026-09-06T02:50:15Z,2026-09-06 09:50:15,1590,26.40000,69.20000,0.00031,2.88975,33.00000,13.00000,1414.00000,1,Baik
2026-09-06T02:50:35Z,2026-09-06 09:50:35,1591,26.50000,69.20000,0.00031,2.91511,33.00000,13.00000,1419.00000,1,Baik
2026-09-06T02:50:55Z,2026-09-06 09:50:55,1592,26.50000,69.10000,0.00031,2.90809,33.00000,13.00000,1421.00000,1,Baik
2026-09-06T02:51:15Z,2026-09-06 09:51:15,1593,26.50000,69.00000,0.00031,2.91511,33.00000,13.00000,1419.00000,1,Baik
2026-09-06T02:51:35Z,2026-09-06 09:51:35,1594,26.50000,69.00000,0.00031,2.90809,33.00000,13.00000,1417.00000,1,Baik
2026-09-06T02:51:55Z,2026-09-06 09:51:55,1595,26.60000,68.90000,0.00031,2.91511,33.00000,13.00000,1422.00000,1,Baik
2026-09-06T02:52:15Z,2026-09-06 09:52:15,1596,26.60000,68.80000,0.00031,2.90809,33.00000,13.00000,1424.00000,1,Baik
2026-09-06T02:52:35Z,2026-09-06 09:52:35,1597,26.60000,68.70000,0.00031,2.90809,33.00000,13.00000,1424.00000,1,Baik
2026-09-06T02:52:55Z,2026-09-06 09:52:55,1598,26.60000,68.60000,0.00031,2.90809,33.00000,13.00000,1435.00000,1,Baik
2026-09-06T02:53:15Z,2026-09-06 09:53:15,1599,26.60000,68.50000,0.00031,2.90809,33.00000,13.00000,1424.00000,1,Baik
2026-09-06T02:53:35Z,2026-09-06 09:53:35,1600,26.70000,68.30000,0.00031,2.90809,33.00000,13.00000,1430.00000,1,Baik
2026-09-06T02:53:55Z,2026-09-06 09:53:55,1601,26.70000,68.20000,0.00031,2.90809,33.00000,13.00000,1429.00000,1,Baik
2026-09-06T02:54:15Z,2026-09-06 09:54:15,1602,26.80000,68.00000,0.00031,2.90809,33.00000,13.00000,1434.00000,1,Baik
2026-09-06T02:54:35Z,2026-09-06 09:54:35,1603,26.90000,67.80000,0.00031,2.90809,33.00000,13.00000,1437.00000,1,Baik
2026-09-06T02:54:55Z,2026-09-06 09:54:55,1604,26.90000,67.60000,0.00031,2.91849,33.00000,13.00000,1440.00000,1,Baik
2026-09-06T02:55:15Z,2026-09-06 09:55:15,1605,26.90000,67.40000,0.00031,2.88780,33.00000,13.00000,1442.00000,1,Baik
2026-09-06T02:55:35Z,2026-09-06 09:55:35,1606,27.00000,67.30000,0.00031,2.90809,33.00000,13.00000,1439.00000,1,Baik
2026-09-06T02:55:55Z,2026-09-06 09:55:55,1607,27.00000,67.10000,0.00031,2.91849,33.00000,13.00000,1439.00000,1,Baik
2026-09-06T02:56:15Z,2026-09-06 09:56:15,1608,27.00000,67.00000,0.00031,2.93795,33.00000,13.00000,1438.00000,1,Baik
2026-09-06T02:56:35Z,2026-09-06 09:56:35,1609,27.00000,66.90000,0.00031,2.93076,33.00000,13.00000,1434.00000,1,Baik
2026-09-06T02:56:55Z,2026-09-06 09:56:55,1610,27.10000,66.80000,0.00031,2.93076,33.00000,13.00000,1445.00000,1,Baik
2026-09-06T02:57:15Z,2026-09-06 09:57:15,1611,27.10000,66.70000,0.00031,2.93795,33.00000,13.00000,1441.00000,1,Baik
2026-09-06T02:57:35Z,2026-09-06 09:57:35,1612,27.10000,66.70000,0.00031,2.91849,33.00000,13.00000,1442.00000,1,Baik
2026-09-06T02:57:55Z,2026-09-06 09:57:55,1613,27.10000,66.60000,0.00031,2.91849,33.00000,13.00000,1448.00000,1,Baik
2026-09-06T02:58:15Z,2026-09-06 09:58:15,1614,27.10000,66.50000,0.00031,2.93795,33.00000,13.00000,1455.00000,1,Baik
2026-09-06T02:58:35Z,2026-09-06 09:58:35,1615,27.10000,66.50000,0.00031,2.93795,33.00000,13.00000,1453.00000,1,Baik
2026-09-06T02:58:55Z,2026-09-06 09:58:55,1616,27.20000,66.50000,0.00031,2.93795,33.00000,13.00000,1455.00000,1,Baik
2026-09-06T02:59:15Z,2026-09-06 09:59:15,1617,27.20000,66.30000,0.00031,2.93795,33.00000,13.00000,1453.00000,1,Baik
2026-09-06T02:59:35Z,2026-09-06 09:59:35,1618,27.20000,66.30000,0.00031,2.93795,33.00000,13.00000,1453.00000,1,Baik
2026-09-06T02:59:55Z,2026-09-06 09:59:55,1619,27.20000,66.20000,0.00031,2.93795,33.00000,13.00000,1455.00000,1,Baik
2026-09-06T03:00:15Z,2026-09-06 10:00:15,1620,27.20000,66.20000,0.00031,2.95470,34.00000,13.00000,1456.00000,1,Baik
2026-09-06T03:00:35Z,2026-09-06 10:00:35,1621,27.20000,66.20000,9.25203,2.88780,33.00000,13.00000,1446.00000,1,Baik
2026-09-06T03:00:55Z,2026-09-06 10:00:55,1622,27.20000,66.10000,0.00031,3.02293,34.00000,13.00000,1456.00000,1,Baik
2026-09-06T03:01:15Z,2026-09-06 10:01:15,1623,27.20000,66.10000,0.00031,2.95470,34.00000,13.00000,1456.00000,1,Baik
2026-09-06T03:01:35Z,2026-09-06 10:01:35,1624,27.20000,66.10000,0.00031,3.05230,35.00000,13.00000,1428.00000,1,Baik
2026-09-06T03:01:55Z,2026-09-06 10:01:55,1625,27.20000,66.10000,0.00031,2.95470,34.00000,13.00000,1458.00000,1,Baik
2026-09-06T03:02:15Z,2026-09-06 10:02:15,1626,27.20000,66.00000,0.00031,3.05230,35.00000,13.00000,1457.00000,1,Baik
2026-09-06T03:02:36Z,2026-09-06 10:02:36,1627,27.30000,66.00000,0.00031,2.95470,34.00000,13.00000,1458.00000,1,Baik
2026-09-06T03:02:55Z,2026-09-06 10:02:55,1628,27.30000,66.00000,0.00031,3.05230,35.00000,13.00000,1465.00000,1,Baik
2026-09-06T03:03:15Z,2026-09-06 10:03:15,1629,27.30000,65.90000,0.00031,2.92421,33.00000,13.00000,1463.00000,1,Baik
2026-09-06T03:03:35Z,2026-09-06 10:03:35,1630,27.30000,65.80000,0.00031,2.93086,33.00000,13.00000,1471.00000,1,Baik
2026-09-06T03:03:55Z,2026-09-06 10:03:55,1631,27.40000,65.70000,0.00031,2.92421,33.00000,13.00000,1465.00000,1,Baik
2026-09-06T03:04:15Z,2026-09-06 10:04:15,1632,27.40000,65.60000,0.00031,2.93086,33.00000,13.00000,1463.00000,1,Baik
2026-09-06T03:04:36Z,2026-09-06 10:04:36,1633,27.40000,65.50000,0.00031,2.93086,33.00000,13.00000,1469.00000,1,Baik
2026-09-06T03:04:55Z,2026-09-06 10:04:55,1634,27.40000,65.40000,0.00031,2.93086,33.00000,13.00000,1470.00000,1,Baik
2026-09-06T03:05:15Z,2026-09-06 10:05:15,1635,27.40000,65.40000,0.00031,2.93086,33.00000,13.00000,1463.00000,1,Baik
2026-09-06T03:05:35Z,2026-09-06 10:05:35,1636,27.50000,65.40000,0.00031,2.93086,33.00000,13.00000,1463.00000,1,Baik
2026-09-06T03:05:55Z,2026-09-06 10:05:55,1637,27.50000,65.30000,0.00031,2.92421,33.00000,13.00000,1463.00000,1,Baik
2026-09-06T03:06:15Z,2026-09-06 10:06:15,1638,27.50000,65.20000,0.00031,2.93086,33.00000,13.00000,1462.00000,1,Baik
2026-09-06T03:06:35Z,2026-09-06 10:06:35,1639,27.50000,65.20000,0.00031,3.02293,34.00000,13.00000,1463.00000,1,Baik
2026-09-06T03:06:55Z,2026-09-06 10:06:55,1640,27.50000,65.20000,0.00031,2.93086,33.00000,13.00000,1466.00000,1,Baik
2026-09-06T03:07:15Z,2026-09-06 10:07:15,1641,27.50000,65.10000,0.00031,2.90313,33.00000,13.00000,1469.00000,1,Baik
2026-09-06T03:07:35Z,2026-09-06 10:07:35,1642,27.50000,65.00000,0.00031,2.93086,33.00000,13.00000,1462.00000,1,Baik
2026-09-06T03:07:56Z,2026-09-06 10:07:56,1643,27.50000,65.00000,0.00031,2.92421,33.00000,13.00000,1466.00000,1,Baik
2026-09-06T03:08:15Z,2026-09-06 10:08:15,1644,27.50000,65.00000,0.00031,2.93086,33.00000,13.00000,1469.00000,1,Baik
2026-09-06T03:08:35Z,2026-09-06 10:08:35,1645,27.50000,64.90000,0.00031,2.92421,33.00000,13.00000,1470.00000,1,Baik
2026-09-06T03:08:56Z,2026-09-06 10:08:56,1646,27.50000,64.90000,0.00031,2.92421,33.00000,13.00000,1464.00000,1,Baik
2026-09-06T03:09:15Z,2026-09-06 10:09:15,1647,27.50000,64.80000,0.00031,3.05230,35.00000,13.00000,1466.00000,1,Baik
2026-09-06T03:09:35Z,2026-09-06 10:09:35,1648,27.50000,64.90000,9.83874,2.93086,33.00000,13.00000,1462.00000,1,Baik
2026-09-06T03:09:56Z,2026-09-06 10:09:56,1649,27.50000,64.80000,0.00031,2.93086,33.00000,13.00000,1467.00000,1,Baik
2026-09-06T03:10:15Z,2026-09-06 10:10:15,1650,27.50000,64.70000,0.00031,2.92421,33.00000,13.00000,1465.00000,1,Baik
2026-09-06T03:10:35Z,2026-09-06 10:10:35,1651,27.50000,64.70000,0.00031,2.24106,25.00000,13.00000,1463.00000,1,Baik
2026-09-06T03:10:56Z,2026-09-06 10:10:56,1652,27.50000,64.70000,0.00031,3.02293,34.00000,13.00000,1462.00000,1,Baik
2026-09-06T03:11:15Z,2026-09-06 10:11:15,1653,27.50000,64.80000,0.00031,2.92421,33.00000,13.00000,1453.00000,1,Baik
2026-09-06T03:11:35Z,2026-09-06 10:11:35,1654,27.60000,64.70000,0.00031,3.06686,35.00000,13.00000,1457.00000,1,Baik
2026-09-06T03:11:56Z,2026-09-06 10:11:56,1655,27.60000,64.60000,0.00031,3.02293,34.00000,13.00000,1459.00000,1,Baik
2026-09-06T03:12:16Z,2026-09-06 10:12:16,1656,27.60000,64.50000,0.00031,3.02293,34.00000,13.00000,1465.00000,1,Baik
2026-09-06T03:12:35Z,2026-09-06 10:12:35,1657,27.60000,64.40000,0.00031,2.92421,33.00000,13.00000,1460.00000,1,Baik
2026-09-06T03:12:56Z,2026-09-06 10:12:56,1658,27.60000,64.30000,0.00031,2.93086,33.00000,13.00000,1468.00000,1,Baik
2026-09-06T03:13:16Z,2026-09-06 10:13:16,1659,27.50000,64.00000,0.00031,2.98230,34.00000,13.00000,1460.00000,1,Baik
2026-09-06T03:13:35Z,2026-09-06 10:13:35,1660,27.50000,63.70000,0.00031,2.95470,34.00000,13.00000,1463.00000,1,Baik
2026-09-06T03:13:56Z,2026-09-06 10:13:56,1661,27.40000,63.40000,0.00031,2.95470,34.00000,13.00000,1461.00000,1,Baik
2026-09-06T03:14:16Z,2026-09-06 10:14:16,1662,27.40000,63.20000,0.00031,2.93291,33.00000,13.00000,1457.00000,1,Baik
2026-09-06T03:14:35Z,2026-09-06 10:14:35,1663,27.30000,62.90000,0.00031,2.94967,34.00000,13.00000,1454.00000,1,Baik
2026-09-06T03:14:56Z,2026-09-06 10:14:56,1664,27.20000,62.60000,0.00031,2.93291,33.00000,13.00000,1450.00000,1,Baik
2026-09-06T03:15:16Z,2026-09-06 10:15:16,1665,27.20000,62.40000,0.00031,2.93291,33.00000,13.00000,1455.00000,1,Baik
2026-09-06T03:15:36Z,2026-09-06 10:15:36,1666,27.00000,62.40000,0.00031,2.93291,33.00000,13.00000,1460.00000,1,Baik
2026-09-06T03:15:56Z,2026-09-06 10:15:56,1667,27.00000,62.30000,0.00031,2.93291,33.00000,13.00000,1445.00000,1,Baik
2026-09-06T03:16:16Z,2026-09-06 10:16:16,1668,26.90000,62.10000,0.00031,2.92572,33.00000,13.00000,1436.00000,1,Baik
2026-09-06T03:16:35Z,2026-09-06 10:16:35,1669,26.80000,62.10000,0.00031,2.90305,33.00000,13.00000,1445.00000,1,Baik
2026-09-06T03:16:56Z,2026-09-06 10:16:56,1670,26.70000,62.00000,0.00031,2.90305,33.00000,13.00000,1442.00000,1,Baik
2026-09-06T03:17:16Z,2026-09-06 10:17:16,1671,26.60000,61.80000,0.00031,2.90305,33.00000,13.00000,1439.00000,1,Baik
2026-09-06T03:17:36Z,2026-09-06 10:17:36,1672,26.50000,61.40000,0.00031,2.90305,33.00000,13.00000,1435.00000,1,Baik
2026-09-06T03:17:56Z,2026-09-06 10:17:56,1673,26.40000,61.10000,0.00031,2.90305,33.00000,13.00000,1433.00000,1,Baik
2026-09-06T03:18:17Z,2026-09-06 10:18:17,1674,26.30000,60.80000,20.46168,2.90305,57.00000,15.00000,1427.00000,2,Sedang
2026-09-06T03:18:36Z,2026-09-06 10:18:36,1675,26.30000,60.40000,0.00031,2.91008,33.00000,13.00000,1424.00000,1,Baik
2026-09-06T03:18:56Z,2026-09-06 10:18:56,1676,26.10000,60.60000,0.00031,2.90528,33.00000,13.00000,1421.00000,1,Baik
2026-09-06T03:19:16Z,2026-09-06 10:19:16,1677,26.10000,61.10000,0.00031,2.90866,33.00000,13.00000,1421.00000,1,Baik
2026-09-06T03:19:36Z,2026-09-06 10:19:36,1678,26.10000,62.10000,0.00031,2.90866,33.00000,13.00000,1426.00000,1,Baik
2026-09-06T03:19:56Z,2026-09-06 10:19:56,1679,26.00000,63.10000,0.00031,2.90866,33.00000,13.00000,1424.00000,1,Baik
2026-09-06T03:20:16Z,2026-09-06 10:20:16,1680,26.00000,64.00000,0.00031,2.91370,33.00000,13.00000,1423.00000,1,Baik
2026-09-06T03:20:36Z,2026-09-06 10:20:36,1681,26.00000,64.60000,0.00031,2.91370,33.00000,13.00000,1425.00000,1,Baik
2026-09-06T03:20:56Z,2026-09-06 10:20:56,1682,26.00000,64.90000,0.00031,2.91370,33.00000,13.00000,1427.00000,1,Baik
2026-09-06T03:21:16Z,2026-09-06 10:21:16,1683,26.00000,65.20000,0.00031,2.91370,33.00000,13.00000,1434.00000,1,Baik
2026-09-06T03:21:36Z,2026-09-06 10:21:36,1684,26.10000,65.50000,0.00031,2.91370,33.00000,13.00000,1434.00000,1,Baik
2026-09-06T03:21:56Z,2026-09-06 10:21:56,1685,26.10000,65.70000,0.00031,2.91370,33.00000,13.00000,1434.00000,1,Baik
2026-09-06T03:22:16Z,2026-09-06 10:22:16,1686,26.10000,65.80000,0.00031,2.91370,33.00000,13.00000,1430.00000,1,Baik
2026-09-06T03:22:36Z,2026-09-06 10:22:36,1687,26.20000,66.10000,0.00031,2.90809,33.00000,13.00000,1434.00000,1,Baik
2026-09-06T03:22:56Z,2026-09-06 10:22:56,1688,26.20000,66.30000,0.00031,2.90809,33.00000,13.00000,1433.00000,1,Baik
2026-09-06T03:23:16Z,2026-09-06 10:23:16,1689,26.30000,66.40000,0.00031,2.90809,33.00000,13.00000,1430.00000,1,Baik
2026-09-06T03:23:36Z,2026-09-06 10:23:36,1690,26.30000,66.40000,0.00031,2.90809,33.00000,13.00000,1434.00000,1,Baik
2026-09-06T03:23:56Z,2026-09-06 10:23:56,1691,26.40000,66.50000,0.00031,2.90809,33.00000,13.00000,1431.00000,1,Baik
2026-09-06T03:24:16Z,2026-09-06 10:24:16,1692,26.40000,66.60000,0.00031,2.90809,33.00000,13.00000,1429.00000,1,Baik
2026-09-06T03:24:36Z,2026-09-06 10:24:36,1693,26.40000,66.70000,0.00031,2.90809,33.00000,13.00000,1434.00000,1,Baik
2026-09-06T03:24:56Z,2026-09-06 10:24:56,1694,26.50000,66.70000,0.00031,2.90809,33.00000,13.00000,1434.00000,1,Baik
2026-09-06T03:25:16Z,2026-09-06 10:25:16,1695,26.50000,66.80000,0.00031,2.90809,33.00000,13.00000,1434.00000,1,Baik
2026-09-06T03:25:36Z,2026-09-06 10:25:36,1696,26.50000,66.80000,0.00031,2.90809,33.00000,13.00000,1431.00000,1,Baik
2026-09-06T03:25:56Z,2026-09-06 10:25:56,1697,26.60000,66.90000,0.00031,2.90809,33.00000,13.00000,1435.00000,1,Baik
2026-09-06T03:26:16Z,2026-09-06 10:26:16,1698,26.70000,66.80000,0.00031,2.90809,33.00000,13.00000,1433.00000,1,Baik
2026-09-06T03:26:36Z,2026-09-06 10:26:36,1699,26.70000,66.70000,0.00031,2.90809,33.00000,13.00000,1431.00000,1,Baik
2026-09-06T03:26:56Z,2026-09-06 10:26:56,1700,26.70000,66.70000,0.00031,2.90809,33.00000,13.00000,1435.00000,1,Baik
2026-09-06T03:27:16Z,2026-09-06 10:27:16,1701,26.80000,66.80000,0.00031,2.90809,33.00000,13.00000,1431.00000,1,Baik
2026-09-06T03:27:36Z,2026-09-06 10:27:36,1702,26.80000,66.80000,0.00031,2.90809,33.00000,13.00000,1435.00000,1,Baik
2026-09-06T03:27:56Z,2026-09-06 10:27:56,1703,26.80000,66.70000,0.00031,2.90809,33.00000,13.00000,1433.00000,1,Baik
2026-09-06T03:28:16Z,2026-09-06 10:28:16,1704,26.80000,66.70000,0.00031,2.91849,33.00000,13.00000,1441.00000,1,Baik
2026-09-06T03:28:36Z,2026-09-06 10:28:36,1705,26.90000,66.60000,0.00031,2.90809,33.00000,13.00000,1435.00000,1,Baik
2026-09-06T03:28:56Z,2026-09-06 10:28:56,1706,26.90000,66.50000,0.00031,2.90809,33.00000,13.00000,1439.00000,1,Baik
2026-09-06T03:29:16Z,2026-09-06 10:29:16,1707,27.00000,66.40000,0.00031,2.90809,33.00000,13.00000,1441.00000,1,Baik
2026-09-06T03:29:36Z,2026-09-06 10:29:36,1708,27.00000,66.30000,0.00031,2.90809,33.00000,13.00000,1439.00000,1,Baik
2026-09-06T03:29:56Z,2026-09-06 10:29:56,1709,27.00000,66.20000,0.00031,2.90809,33.00000,13.00000,1438.00000,1,Baik
2026-09-06T03:30:16Z,2026-09-06 10:30:16,1710,27.10000,65.90000,0.00031,2.90809,33.00000,13.00000,1437.00000,1,Baik
2026-09-06T03:30:36Z,2026-09-06 10:30:36,1711,27.10000,65.50000,0.00031,2.90809,33.00000,13.00000,1441.00000,1,Baik
2026-09-06T03:30:56Z,2026-09-06 10:30:56,1712,27.10000,65.30000,0.00031,2.90809,33.00000,13.00000,1438.00000,1,Baik
2026-09-06T03:31:16Z,2026-09-06 10:31:16,1713,27.20000,65.30000,0.00031,2.90809,33.00000,13.00000,1441.00000,1,Baik
2026-09-06T03:31:36Z,2026-09-06 10:31:36,1714,27.30000,65.20000,0.00031,2.90809,33.00000,13.00000,1439.00000,1,Baik
2026-09-06T03:31:56Z,2026-09-06 10:31:56,1715,27.30000,65.10000,0.00031,2.90809,33.00000,13.00000,1443.00000,1,Baik
2026-09-06T03:32:16Z,2026-09-06 10:32:16,1716,27.30000,65.00000,0.00031,2.90809,33.00000,13.00000,1445.00000,1,Baik
2026-09-06T03:32:36Z,2026-09-06 10:32:36,1717,27.40000,64.90000,0.00031,2.90809,33.00000,13.00000,1441.00000,1,Baik
2026-09-06T03:32:56Z,2026-09-06 10:32:56,1718,27.40000,64.90000,0.00031,2.90809,33.00000,13.00000,1444.00000,1,Baik
2026-09-06T03:33:16Z,2026-09-06 10:33:16,1719,27.40000,64.80000,0.00031,2.90809,33.00000,13.00000,1447.00000,1,Baik
2026-09-06T03:33:36Z,2026-09-06 10:33:36,1720,27.50000,64.70000,0.00031,2.91849,33.00000,13.00000,1449.00000,1,Baik
2026-09-06T03:33:56Z,2026-09-06 10:33:56,1721,27.50000,64.60000,0.00031,2.90809,33.00000,13.00000,1447.00000,1,Baik
2026-09-06T03:34:16Z,2026-09-06 10:34:16,1722,27.50000,64.50000,0.00031,2.91849,33.00000,13.00000,1447.00000,1,Baik
2026-09-06T03:34:36Z,2026-09-06 10:34:36,1723,27.50000,64.40000,0.00031,2.91849,33.00000,13.00000,1441.00000,1,Baik
2026-09-06T03:34:56Z,2026-09-06 10:34:56,1724,27.60000,64.30000,0.00031,2.91849,33.00000,13.00000,1445.00000,1,Baik
2026-09-06T03:35:16Z,2026-09-06 10:35:16,1725,27.60000,64.30000,0.00031,2.93076,33.00000,13.00000,1446.00000,1,Baik
2026-09-06T03:35:36Z,2026-09-06 10:35:36,1726,27.60000,64.30000,0.00031,2.93076,33.00000,13.00000,1455.00000,1,Baik
2026-09-06T03:35:56Z,2026-09-06 10:35:56,1727,27.60000,64.30000,0.00031,2.88780,33.00000,13.00000,1453.00000,1,Baik
2026-09-06T03:36:16Z,2026-09-06 10:36:16,1728,27.60000,64.20000,0.00031,2.93076,33.00000,13.00000,1451.00000,1,Baik
2026-09-06T03:36:36Z,2026-09-06 10:36:36,1729,27.60000,64.20000,0.00031,2.88780,33.00000,13.00000,1453.00000,1,Baik
2026-09-06T03:36:56Z,2026-09-06 10:36:56,1730,27.60000,64.20000,0.00031,2.88780,33.00000,13.00000,1453.00000,1,Baik
2026-09-06T03:37:16Z,2026-09-06 10:37:16,1731,27.60000,64.10000,0.00031,2.93795,33.00000,13.00000,1454.00000,1,Baik
2026-09-06T03:37:36Z,2026-09-06 10:37:36,1732,27.70000,64.10000,0.00031,2.93795,33.00000,13.00000,1453.00000,1,Baik
2026-09-06T03:37:56Z,2026-09-06 10:37:56,1733,27.70000,64.30000,20.00233,3.27103,56.00000,15.00000,1600.00000,2,Sedang
2026-09-06T03:38:16Z,2026-09-06 10:38:16,1734,27.80000,65.20000,9.49904,3.06476,35.00000,13.00000,1611.00000,1,Baik
2026-09-06T03:38:36Z,2026-09-06 10:38:36,1735,27.90000,64.20000,0.00031,2.93795,33.00000,13.00000,1615.00000,1,Baik
2026-09-06T03:38:56Z,2026-09-06 10:38:56,1736,27.90000,63.70000,0.00031,2.93076,33.00000,13.00000,1574.00000,1,Baik
2026-09-06T03:39:16Z,2026-09-06 10:39:16,1737,27.90000,63.70000,0.00031,2.90809,33.00000,13.00000,1515.00000,1,Baik
2026-09-06T03:39:36Z,2026-09-06 10:39:36,1738,27.90000,64.40000,0.00031,2.93795,33.00000,13.00000,1523.00000,1,Baik
2026-09-06T03:39:56Z,2026-09-06 10:39:56,1739,28.00000,65.70000,0.00031,3.06686,35.00000,13.00000,1525.00000,1,Baik
2026-09-06T03:40:16Z,2026-09-06 10:40:16,1740,28.10000,64.90000,0.00031,3.06476,35.00000,13.00000,1512.00000,1,Baik
2026-09-06T03:40:36Z,2026-09-06 10:40:36,1741,28.20000,65.90000,0.00031,2.93670,33.00000,13.00000,1464.00000,1,Baik
2026-09-06T03:40:56Z,2026-09-06 10:40:56,1742,28.30000,65.40000,0.00031,2.67252,30.00000,13.00000,1476.00000,1,Baik
2026-09-06T03:41:16Z,2026-09-06 10:41:16,1743,28.30000,64.60000,0.00031,2.79985,32.00000,13.00000,1359.00000,1,Baik
2026-09-06T03:41:36Z,2026-09-06 10:41:36,1744,28.40000,64.30000,372.61343,3.20834,398.00000,85.00000,1520.00000,5,Berbahaya
2026-09-06T03:41:56Z,2026-09-06 10:41:56,1745,28.40000,63.20000,0.00430,3.28606,37.00000,13.00000,1475.00000,1,Baik
2026-09-06T03:42:16Z,2026-09-06 10:42:16,1746,28.40000,62.80000,0.00618,3.28606,37.00000,13.00000,1489.00000,1,Baik
2026-09-06T03:42:36Z,2026-09-06 10:42:36,1747,28.30000,62.60000,0.92514,3.36535,38.00000,13.00000,1526.00000,1,Baik
2026-09-06T03:42:56Z,2026-09-06 10:42:56,1748,28.30000,62.40000,0.00031,3.37616,38.00000,13.00000,1479.00000,1,Baik
2026-09-06T03:43:16Z,2026-09-06 10:43:16,1749,28.20000,62.00000,0.00031,3.25449,37.00000,13.00000,1498.00000,1,Baik
2026-09-06T03:43:36Z,2026-09-06 10:43:36,1750,28.20000,61.70000,0.00031,3.20149,36.00000,13.00000,1514.00000,1,Baik
2026-09-06T03:43:56Z,2026-09-06 10:43:56,1751,28.10000,61.40000,0.00031,3.19981,36.00000,13.00000,1488.00000,1,Baik
2026-09-06T03:44:16Z,2026-09-06 10:44:16,1752,28.00000,61.10000,0.00031,3.23837,37.00000,13.00000,1505.00000,1,Baik
2026-09-06T03:44:36Z,2026-09-06 10:44:36,1753,27.90000,60.90000,0.00031,3.19981,36.00000,13.00000,1489.00000,1,Baik
2026-09-06T03:44:56Z,2026-09-06 10:44:56,1754,27.80000,60.60000,0.00031,3.16216,36.00000,13.00000,1474.00000,1,Baik
2026-09-06T03:45:16Z,2026-09-06 10:45:16,1755,27.70000,60.30000,0.00031,3.11624,35.00000,13.00000,1495.00000,1,Baik
2026-09-06T03:45:36Z,2026-09-06 10:45:36,1756,27.60000,59.90000,0.00031,3.11624,35.00000,13.00000,1504.00000,1,Baik
2026-09-06T03:45:56Z,2026-09-06 10:45:56,1757,27.50000,59.60000,0.00031,3.23357,37.00000,13.00000,1523.00000,1,Baik
2026-09-06T03:46:16Z,2026-09-06 10:46:16,1758,27.40000,59.30000,3.39375,3.24595,37.00000,13.00000,1530.00000,1,Baik
2026-09-06T03:46:36Z,2026-09-06 10:46:36,1759,27.20000,59.10000,2.17269,3.27753,37.00000,13.00000,1535.00000,1,Baik
2026-09-06T03:46:56Z,2026-09-06 10:46:56,1760,27.10000,58.80000,9.87215,3.20149,36.00000,13.00000,1519.00000,1,Baik
2026-09-06T03:47:16Z,2026-09-06 10:47:16,1761,27.00000,58.50000,0.00031,3.23837,37.00000,13.00000,1509.00000,1,Baik
2026-09-06T03:47:36Z,2026-09-06 10:47:36,1762,26.90000,58.30000,2.11919,3.19981,36.00000,13.00000,1495.00000,1,Baik
2026-09-06T03:47:56Z,2026-09-06 10:47:56,1763,26.80000,58.10000,0.00031,3.16216,36.00000,13.00000,1474.00000,1,Baik
2026-09-06T03:48:16Z,2026-09-06 10:48:16,1764,26.70000,57.90000,0.00031,3.14424,36.00000,13.00000,1471.00000,1,Baik
2026-09-06T03:48:36Z,2026-09-06 10:48:36,1765,26.60000,57.70000,0.00031,3.09788,35.00000,13.00000,1426.00000,1,Baik
2026-09-06T03:48:56Z,2026-09-06 10:48:56,1766,26.60000,58.20000,0.00031,3.16216,36.00000,13.00000,1483.00000,1,Baik
2026-09-06T03:49:16Z,2026-09-06 10:49:16,1767,26.50000,59.20000,0.00031,3.07024,35.00000,13.00000,1444.00000,1,Baik
2026-09-06T03:49:36Z,2026-09-06 10:49:36,1768,26.40000,59.90000,0.00031,3.08135,35.00000,13.00000,1424.00000,1,Baik
2026-09-06T03:49:56Z,2026-09-06 10:49:56,1769,26.40000,60.80000,10.11070,3.04554,35.00000,13.00000,1456.00000,1,Baik
2026-09-06T03:50:16Z,2026-09-06 10:50:16,1770,26.40000,61.70000,0.03344,3.19981,36.00000,13.00000,1481.00000,1,Baik
2026-09-06T03:50:36Z,2026-09-06 10:50:36,1771,26.40000,62.30000,0.00031,3.20834,36.00000,13.00000,1483.00000,1,Baik
2026-09-06T03:50:56Z,2026-09-06 10:50:56,1772,26.40000,62.70000,0.00031,3.20834,36.00000,13.00000,1485.00000,1,Baik
2026-09-06T03:51:16Z,2026-09-06 10:51:16,1773,26.50000,63.00000,0.00031,3.20834,36.00000,13.00000,1483.00000,1,Baik
2026-09-06T03:51:36Z,2026-09-06 10:51:36,1774,26.50000,63.50000,11.33243,3.20834,37.00000,13.00000,1478.00000,1,Baik
2026-09-06T03:51:56Z,2026-09-06 10:51:56,1775,26.50000,63.60000,0.00031,3.17070,36.00000,13.00000,1463.00000,1,Baik
2026-09-06T03:52:16Z,2026-09-06 10:52:16,1776,26.60000,64.00000,2.32913,3.20834,36.00000,13.00000,1483.00000,1,Baik
2026-09-06T03:52:36Z,2026-09-06 10:52:36,1777,26.70000,64.30000,0.12044,3.17070,36.00000,13.00000,1474.00000,1,Baik
2026-09-06T03:52:56Z,2026-09-06 10:52:56,1778,26.70000,64.40000,8.10457,3.20834,36.00000,13.00000,1478.00000,1,Baik
2026-09-06T03:53:16Z,2026-09-06 10:53:16,1779,26.70000,64.50000,17.65088,3.20834,54.00000,15.00000,1482.00000,2,Sedang
2026-09-06T03:53:36Z,2026-09-06 10:53:36,1780,26.70000,64.80000,0.02327,3.12478,36.00000,13.00000,1461.00000,1,Baik
2026-09-06T03:53:56Z,2026-09-06 10:53:56,1781,26.80000,65.00000,0.00031,3.03749,35.00000,13.00000,1467.00000,1,Baik
2026-09-06T03:54:16Z,2026-09-06 10:54:16,1782,26.80000,65.20000,0.00061,3.17070,36.00000,13.00000,1488.00000,1,Baik
2026-09-06T03:54:36Z,2026-09-06 10:54:36,1783,26.80000,65.40000,9.25203,3.09538,35.00000,13.00000,1462.00000,1,Baik
2026-09-06T03:54:56Z,2026-09-06 10:54:56,1784,26.80000,65.60000,0.02327,3.03749,35.00000,13.00000,1453.00000,1,Baik
2026-09-06T03:55:16Z,2026-09-06 10:55:16,1785,26.80000,65.60000,9.83874,3.10706,35.00000,13.00000,1461.00000,1,Baik
2026-09-06T03:55:36Z,2026-09-06 10:55:36,1786,26.90000,65.90000,0.00031,3.12478,36.00000,13.00000,1461.00000,1,Baik
2026-09-06T03:55:56Z,2026-09-06 10:55:56,1787,26.90000,66.00000,0.00031,3.10706,35.00000,13.00000,1461.00000,1,Baik
2026-09-06T03:56:16Z,2026-09-06 10:56:16,1788,26.90000,66.10000,0.00031,3.06476,35.00000,13.00000,1427.00000,1,Baik
2026-09-06T03:56:36Z,2026-09-06 10:56:36,1789,27.00000,66.20000,0.00031,3.06219,35.00000,13.00000,1456.00000,1,Baik
2026-09-06T03:56:56Z,2026-09-06 10:56:56,1790,27.00000,66.30000,9.49904,3.21659,37.00000,13.00000,1486.00000,1,Baik
2026-09-06T03:57:16Z,2026-09-06 10:57:16,1791,27.00000,66.40000,9.55517,3.03749,35.00000,13.00000,1446.00000,1,Baik
2026-09-06T03:57:36Z,2026-09-06 10:57:36,1792,27.10000,66.50000,0.00031,3.03749,35.00000,13.00000,1456.00000,1,Baik
2026-09-06T03:57:56Z,2026-09-06 10:57:56,1793,27.10000,66.50000,0.00031,3.06476,35.00000,13.00000,1443.00000,1,Baik
2026-09-06T03:58:16Z,2026-09-06 10:58:16,1794,27.10000,66.60000,0.00031,2.93086,33.00000,13.00000,1433.00000,1,Baik
2026-09-06T03:58:36Z,2026-09-06 10:58:36,1795,27.10000,66.60000,9.83874,3.01707,34.00000,13.00000,1439.00000,1,Baik
2026-09-06T03:58:56Z,2026-09-06 10:58:56,1796,27.20000,66.70000,0.00618,3.05230,35.00000,13.00000,1423.00000,1,Baik
2026-09-06T03:59:16Z,2026-09-06 10:59:16,1797,27.20000,66.60000,9.83874,3.07553,35.00000,13.00000,1443.00000,1,Baik
2026-09-06T03:59:36Z,2026-09-06 10:59:36,1798,27.20000,66.50000,0.00031,3.06476,35.00000,13.00000,1431.00000,1,Baik
2026-09-06T03:59:56Z,2026-09-06 10:59:56,1799,27.30000,66.50000,9.83874,2.93086,33.00000,13.00000,1409.00000,1,Baik
2026-09-06T04:00:16Z,2026-09-06 11:00:16,1800,27.30000,66.60000,5.06160,3.06476,35.00000,13.00000,1427.00000,1,Baik
2026-09-06T04:00:36Z,2026-09-06 11:00:36,1801,27.30000,66.40000,0.00031,2.93795,33.00000,13.00000,1398.00000,1,Baik
2026-09-06T04:00:56Z,2026-09-06 11:00:56,1802,27.40000,66.30000,0.00031,3.06476,35.00000,13.00000,1429.00000,1,Baik
2026-09-06T04:01:16Z,2026-09-06 11:01:16,1803,27.40000,66.20000,0.00031,2.93076,33.00000,13.00000,1375.00000,1,Baik
2026-09-06T04:01:36Z,2026-09-06 11:01:36,1804,27.40000,66.10000,0.00031,2.94479,33.00000,13.00000,1419.00000,1,Baik
2026-09-06T04:01:56Z,2026-09-06 11:01:56,1805,27.40000,65.90000,0.00031,2.92421,33.00000,13.00000,1408.00000,1,Baik
2026-09-06T04:02:16Z,2026-09-06 11:02:16,1806,27.40000,65.90000,0.00031,2.88780,33.00000,13.00000,1378.00000,1,Baik
2026-09-06T04:02:36Z,2026-09-06 11:02:36,1807,27.40000,65.70000,0.00031,2.93795,33.00000,13.00000,1394.00000,1,Baik
2026-09-06T04:02:56Z,2026-09-06 11:02:56,1808,27.40000,65.40000,0.00031,2.93795,33.00000,13.00000,1388.00000,1,Baik
2026-09-06T04:03:16Z,2026-09-06 11:03:16,1809,27.40000,65.10000,0.00031,2.88975,33.00000,13.00000,1351.00000,1,Baik
2026-09-06T04:03:36Z,2026-09-06 11:03:36,1810,27.40000,64.60000,0.00031,2.92421,33.00000,13.00000,1413.00000,1,Baik
2026-09-06T04:03:56Z,2026-09-06 11:03:56,1811,27.40000,64.10000,0.00031,2.93795,33.00000,13.00000,1392.00000,1,Baik
2026-09-06T04:04:16Z,2026-09-06 11:04:16,1812,27.30000,63.60000,0.00031,2.95470,34.00000,13.00000,1392.00000,1,Baik
2026-09-06T04:04:36Z,2026-09-06 11:04:36,1813,27.30000,63.00000,0.00031,2.93291,33.00000,13.00000,1376.00000,1,Baik
2026-09-06T04:04:56Z,2026-09-06 11:04:56,1814,27.20000,62.50000,0.00031,2.91917,33.00000,13.00000,1403.00000,1,Baik
2026-09-06T04:05:16Z,2026-09-06 11:05:16,1815,27.10000,62.00000,0.00031,2.94967,34.00000,13.00000,1408.00000,1,Baik
2026-09-06T04:05:36Z,2026-09-06 11:05:36,1816,27.10000,61.70000,0.00031,2.94967,34.00000,13.00000,1395.00000,1,Baik
2026-09-06T04:05:56Z,2026-09-06 11:05:56,1817,27.00000,61.00000,0.00031,2.90305,33.00000,13.00000,1377.00000,1,Baik
2026-09-06T04:06:16Z,2026-09-06 11:06:16,1818,27.00000,60.70000,0.00031,2.88276,33.00000,13.00000,1379.00000,1,Baik
2026-09-06T04:06:36Z,2026-09-06 11:06:36,1819,26.90000,60.50000,0.00031,2.90984,33.00000,13.00000,1353.00000,1,Baik
2026-09-06T04:06:56Z,2026-09-06 11:06:56,1820,26.70000,60.10000,0.00031,2.54911,29.00000,13.00000,1287.00000,1,Baik
2026-09-06T04:07:16Z,2026-09-06 11:07:16,1821,26.70000,59.70000,0.00031,2.91008,33.00000,13.00000,1366.00000,1,Baik
2026-09-06T04:07:36Z,2026-09-06 11:07:36,1822,26.60000,59.40000,0.00031,2.70894,31.00000,13.00000,1328.00000,1,Baik
2026-09-06T04:07:56Z,2026-09-06 11:07:56,1823,26.50000,59.20000,0.00031,2.92096,33.00000,13.00000,1334.00000,1,Baik
2026-09-06T04:08:16Z,2026-09-06 11:08:16,1824,26.40000,59.00000,0.00618,2.70038,31.00000,13.00000,1328.00000,1,Baik
2026-09-06T04:08:36Z,2026-09-06 11:08:36,1825,26.40000,58.70000,0.00031,2.64610,30.00000,13.00000,1316.00000,1,Baik
2026-09-06T04:08:56Z,2026-09-06 11:08:56,1826,26.30000,59.10000,7.30567,2.91008,33.00000,13.00000,1360.00000,1,Baik
2026-09-06T04:09:16Z,2026-09-06 11:09:16,1827,26.30000,60.10000,0.00031,2.64473,30.00000,13.00000,1296.00000,1,Baik
2026-09-06T04:09:36Z,2026-09-06 11:09:36,1828,26.30000,61.20000,0.00031,2.64246,30.00000,13.00000,1286.00000,1,Baik
2026-09-06T04:09:56Z,2026-09-06 11:09:56,1829,26.30000,62.30000,0.64794,2.92096,33.00000,13.00000,1359.00000,1,Baik
2026-09-06T04:10:16Z,2026-09-06 11:10:16,1830,26.30000,63.00000,0.05372,2.90984,33.00000,13.00000,1342.00000,1,Baik
2026-09-06T04:10:36Z,2026-09-06 11:10:36,1831,26.30000,63.50000,0.00031,2.88975,33.00000,13.00000,1347.00000,1,Baik
2026-09-06T04:10:56Z,2026-09-06 11:10:56,1832,26.40000,63.90000,0.00031,2.65402,30.00000,13.00000,1314.00000,1,Baik
2026-09-06T04:11:16Z,2026-09-06 11:11:16,1833,26.40000,64.10000,0.00031,2.88975,33.00000,13.00000,1353.00000,1,Baik
2026-09-06T04:11:36Z,2026-09-06 11:11:36,1834,26.50000,64.30000,0.00031,2.89992,33.00000,13.00000,1345.00000,1,Baik
2026-09-06T04:11:56Z,2026-09-06 11:11:56,1835,26.60000,64.50000,0.02327,2.90809,33.00000,13.00000,1360.00000,1,Baik
2026-09-06T04:12:16Z,2026-09-06 11:12:16,1836,26.60000,64.60000,0.00031,2.71687,31.00000,13.00000,1327.00000,1,Baik
2026-09-06T04:12:36Z,2026-09-06 11:12:36,1837,26.70000,64.70000,0.00031,2.90809,33.00000,13.00000,1375.00000,1,Baik
2026-09-06T04:12:56Z,2026-09-06 11:12:56,1838,26.80000,64.90000,0.00031,2.65255,30.00000,13.00000,1301.00000,1,Baik
2026-09-06T04:13:16Z,2026-09-06 11:13:16,1839,26.80000,65.00000,0.00031,2.63243,30.00000,13.00000,1302.00000,1,Baik
2026-09-06T04:13:36Z,2026-09-06 11:13:36,1840,26.90000,65.20000,0.00031,2.66699,30.00000,13.00000,1312.00000,1,Baik
2026-09-06T04:13:56Z,2026-09-06 11:13:56,1841,26.90000,65.30000,0.00031,2.63243,30.00000,13.00000,1302.00000,1,Baik
2026-09-06T04:14:16Z,2026-09-06 11:14:16,1842,27.00000,65.40000,0.00031,2.52819,29.00000,13.00000,1293.00000,1,Baik
2026-09-06T04:14:36Z,2026-09-06 11:14:36,1843,27.00000,65.50000,0.00031,2.56017,29.00000,13.00000,1303.00000,1,Baik
2026-09-06T04:14:56Z,2026-09-06 11:14:56,1844,27.00000,65.60000,0.00031,2.60738,30.00000,13.00000,1298.00000,1,Baik
2026-09-06T04:15:16Z,2026-09-06 11:15:16,1845,27.10000,65.70000,0.00031,2.63243,30.00000,13.00000,1298.00000,1,Baik
2026-09-06T04:15:36Z,2026-09-06 11:15:36,1846,27.10000,65.80000,0.00031,2.65568,30.00000,13.00000,1298.00000,1,Baik
2026-09-06T04:15:56Z,2026-09-06 11:15:56,1847,27.20000,65.80000,20.00233,2.65392,56.00000,15.00000,1328.00000,2,Sedang
2026-09-06T04:16:16Z,2026-09-06 11:16:16,1848,27.20000,65.90000,0.00031,2.89992,33.00000,13.00000,1360.00000,1,Baik
2026-09-06T04:16:36Z,2026-09-06 11:16:36,1849,27.20000,65.90000,0.00031,2.63243,30.00000,13.00000,1306.00000,1,Baik
2026-09-06T04:16:56Z,2026-09-06 11:16:56,1850,27.20000,66.00000,0.00031,2.65392,30.00000,13.00000,1317.00000,1,Baik
2026-09-06T04:17:16Z,2026-09-06 11:17:16,1851,27.30000,66.00000,0.00031,2.65255,30.00000,13.00000,1315.00000,1,Baik
2026-09-06T04:17:36Z,2026-09-06 11:17:36,1852,27.30000,66.10000,0.00031,2.51493,29.00000,13.00000,1271.00000,1,Baik
2026-09-06T04:17:56Z,2026-09-06 11:17:56,1853,27.40000,66.00000,0.00031,2.24106,25.00000,13.00000,1273.00000,1,Baik
2026-09-06T04:18:16Z,2026-09-06 11:18:16,1854,27.40000,66.00000,0.00031,2.54882,29.00000,13.00000,1303.00000,1,Baik
2026-09-06T04:18:36Z,2026-09-06 11:18:36,1855,27.40000,66.00000,0.00031,2.59066,29.00000,13.00000,1276.00000,1,Baik
2026-09-06T04:18:56Z,2026-09-06 11:18:56,1856,27.40000,66.00000,0.00031,2.46405,28.00000,13.00000,1286.00000,1,Baik
2026-09-06T04:19:16Z,2026-09-06 11:19:16,1857,27.50000,65.90000,0.00031,2.63243,30.00000,13.00000,1306.00000,1,Baik
2026-09-06T04:19:36Z,2026-09-06 11:19:36,1858,27.50000,65.90000,0.00031,2.55569,29.00000,13.00000,1285.00000,1,Baik
2026-09-06T04:19:56Z,2026-09-06 11:19:56,1859,27.50000,65.90000,0.00031,2.46405,28.00000,13.00000,1296.00000,1,Baik
2026-09-06T04:20:16Z,2026-09-06 11:20:16,1860,27.50000,65.80000,0.00430,2.55569,29.00000,13.00000,1285.00000,1,Baik
2026-09-06T04:20:36Z,2026-09-06 11:20:36,1861,27.50000,65.80000,0.00031,2.14651,24.00000,13.00000,1279.00000,1,Baik
2026-09-06T04:20:56Z,2026-09-06 11:20:56,1862,27.50000,65.80000,0.00031,2.48027,28.00000,13.00000,1296.00000,1,Baik
2026-09-06T04:21:16Z,2026-09-06 11:21:16,1863,27.50000,65.70000,0.00031,2.24106,25.00000,13.00000,1270.00000,1,Baik
2026-09-06T04:21:36Z,2026-09-06 11:21:36,1864,27.50000,65.50000,0.00031,2.14774,24.00000,13.00000,1282.00000,1,Baik
2026-09-06T04:21:56Z,2026-09-06 11:21:56,1865,27.50000,65.40000,0.00031,2.25576,26.00000,13.00000,1261.00000,1,Baik
2026-09-06T04:22:16Z,2026-09-06 11:22:16,1866,27.50000,65.30000,0.00031,2.25576,26.00000,13.00000,1257.00000,1,Baik
2026-09-06T04:22:37Z,2026-09-06 11:22:37,1867,27.50000,65.10000,0.00031,2.24106,25.00000,13.00000,1278.00000,1,Baik
2026-09-06T04:22:56Z,2026-09-06 11:22:56,1868,27.60000,64.80000,0.00031,2.25576,26.00000,13.00000,1264.00000,1,Baik
2026-09-06T04:23:16Z,2026-09-06 11:23:16,1869,27.60000,64.50000,0.00031,2.25576,26.00000,13.00000,1261.00000,1,Baik
2026-09-06T04:23:36Z,2026-09-06 11:23:36,1870,27.50000,64.00000,0.00031,2.25576,26.00000,13.00000,1253.00000,1,Baik
2026-09-06T04:23:56Z,2026-09-06 11:23:56,1871,27.50000,63.40000,0.00031,2.26974,26.00000,13.00000,1243.00000,1,Baik
2026-09-06T04:24:16Z,2026-09-06 11:24:16,1872,27.50000,63.10000,0.00031,2.28034,26.00000,13.00000,1245.00000,1,Baik
2026-09-06T04:24:37Z,2026-09-06 11:24:37,1873,27.40000,62.50000,0.00031,2.28034,26.00000,13.00000,1264.00000,1,Baik
2026-09-06T04:24:57Z,2026-09-06 11:24:57,1874,27.40000,61.90000,0.00031,2.33070,26.00000,13.00000,1252.00000,1,Baik
2026-09-06T04:25:17Z,2026-09-06 11:25:17,1875,27.30000,61.40000,0.00031,2.29509,26.00000,13.00000,1249.00000,1,Baik
2026-09-06T04:25:37Z,2026-09-06 11:25:37,1876,27.20000,61.00000,0.00031,2.30970,26.00000,13.00000,1264.00000,1,Baik
2026-09-06T04:25:56Z,2026-09-06 11:25:56,1877,27.10000,60.70000,0.00031,2.30970,26.00000,13.00000,1239.00000,1,Baik
2026-09-06T04:26:17Z,2026-09-06 11:26:17,1878,27.00000,60.50000,0.00031,2.30970,26.00000,13.00000,1273.00000,1,Baik
2026-09-06T04:26:37Z,2026-09-06 11:26:37,1879,27.00000,60.20000,0.00031,2.48472,28.00000,13.00000,1302.00000,1,Baik
2026-09-06T04:26:56Z,2026-09-06 11:26:56,1880,26.90000,59.90000,0.00031,2.62717,30.00000,13.00000,1286.00000,1,Baik
2026-09-06T04:27:16Z,2026-09-06 11:27:16,1881,26.80000,59.40000,0.00031,2.30970,26.00000,13.00000,1264.00000,1,Baik
2026-09-06T04:27:37Z,2026-09-06 11:27:37,1882,26.70000,59.20000,0.00031,2.30970,26.00000,13.00000,1251.00000,1,Baik
2026-09-06T04:27:57Z,2026-09-06 11:27:57,1883,26.70000,58.90000,0.00031,2.30970,26.00000,13.00000,1235.00000,1,Baik
2026-09-06T04:28:17Z,2026-09-06 11:28:17,1884,26.60000,58.60000,0.00031,2.30970,26.00000,13.00000,1250.00000,1,Baik
2026-09-06T04:28:37Z,2026-09-06 11:28:37,1885,26.60000,58.50000,0.00031,2.30970,26.00000,13.00000,1221.00000,1,Baik
2026-09-06T04:28:57Z,2026-09-06 11:28:57,1886,26.50000,58.70000,0.00031,2.30970,26.00000,13.00000,1253.00000,1,Baik
2026-09-06T04:29:17Z,2026-09-06 11:29:17,1887,26.40000,59.60000,0.00031,2.29796,26.00000,13.00000,1280.00000,1,Baik
2026-09-06T04:29:37Z,2026-09-06 11:29:37,1888,26.40000,60.80000,0.00031,2.30970,26.00000,13.00000,1229.00000,1,Baik
2026-09-06T04:29:57Z,2026-09-06 11:29:57,1889,26.40000,62.20000,0.00031,2.29278,26.00000,13.00000,1234.00000,1,Baik
2026-09-06T04:30:17Z,2026-09-06 11:30:17,1890,26.40000,62.80000,0.00031,2.26564,26.00000,13.00000,1278.00000,1,Baik
2026-09-06T04:30:37Z,2026-09-06 11:30:37,1891,26.40000,63.30000,0.00031,2.26974,26.00000,13.00000,1234.00000,1,Baik
2026-09-06T04:30:57Z,2026-09-06 11:30:57,1892,26.40000,63.60000,0.00031,2.25576,26.00000,13.00000,1245.00000,1,Baik
2026-09-06T04:31:17Z,2026-09-06 11:31:17,1893,26.50000,63.70000,0.00031,2.25576,26.00000,13.00000,1254.00000,1,Baik
2026-09-06T04:31:37Z,2026-09-06 11:31:37,1894,26.50000,63.70000,0.00031,2.25576,26.00000,13.00000,1243.00000,1,Baik
2026-09-06T04:31:57Z,2026-09-06 11:31:57,1895,26.50000,64.10000,10.08990,2.49911,33.00000,13.00000,1283.00000,1,Baik
2026-09-06T04:32:17Z,2026-09-06 11:32:17,1896,26.60000,64.40000,0.00061,2.49911,28.00000,13.00000,1279.00000,1,Baik
2026-09-06T04:32:37Z,2026-09-06 11:32:37,1897,26.70000,64.50000,0.00031,2.46416,28.00000,13.00000,1300.00000,1,Baik
2026-09-06T04:32:57Z,2026-09-06 11:32:57,1898,26.70000,64.70000,0.00031,2.25576,26.00000,13.00000,1251.00000,1,Baik
2026-09-06T04:33:17Z,2026-09-06 11:33:17,1899,26.70000,64.80000,0.00031,2.60661,30.00000,13.00000,1283.00000,1,Baik
2026-09-06T04:33:37Z,2026-09-06 11:33:37,1900,26.80000,65.10000,0.00031,2.56017,29.00000,13.00000,1306.00000,1,Baik
2026-09-06T04:33:57Z,2026-09-06 11:33:57,1901,26.80000,65.20000,0.00031,2.63243,30.00000,13.00000,1331.00000,1,Baik
2026-09-06T04:34:17Z,2026-09-06 11:34:17,1902,26.90000,65.20000,0.00031,2.46405,28.00000,13.00000,1295.00000,1,Baik
2026-09-06T04:34:37Z,2026-09-06 11:34:37,1903,26.90000,65.30000,0.00031,2.46405,28.00000,13.00000,1298.00000,1,Baik
2026-09-06T04:34:57Z,2026-09-06 11:34:57,1904,27.00000,65.40000,0.00031,2.55569,29.00000,13.00000,1299.00000,1,Baik
2026-09-06T04:35:17Z,2026-09-06 11:35:17,1905,27.00000,65.60000,0.00031,2.46405,28.00000,13.00000,1296.00000,1,Baik
2026-09-06T04:35:37Z,2026-09-06 11:35:37,1906,27.00000,65.80000,0.00031,2.56017,29.00000,13.00000,1308.00000,1,Baik
2026-09-06T04:35:57Z,2026-09-06 11:35:57,1907,27.10000,65.90000,0.00031,2.46405,28.00000,13.00000,1296.00000,1,Baik
2026-09-06T04:36:17Z,2026-09-06 11:36:17,1908,27.10000,66.00000,0.00031,2.56017,29.00000,13.00000,1301.00000,1,Baik
2026-09-06T04:36:37Z,2026-09-06 11:36:37,1909,27.20000,66.00000,0.00031,2.60738,30.00000,13.00000,1309.00000,1,Baik
2026-09-06T04:36:57Z,2026-09-06 11:36:57,1910,27.20000,66.00000,0.00031,2.60738,30.00000,13.00000,1311.00000,1,Baik
2026-09-06T04:37:17Z,2026-09-06 11:37:17,1911,27.20000,66.10000,0.00031,2.60738,30.00000,13.00000,1310.00000,1,Baik
2026-09-06T04:37:37Z,2026-09-06 11:37:37,1912,27.30000,66.10000,0.00031,2.65392,30.00000,13.00000,1333.00000,1,Baik
2026-09-06T04:37:57Z,2026-09-06 11:37:57,1913,27.30000,66.20000,0.00031,2.65392,30.00000,13.00000,1335.00000,1,Baik
2026-09-06T04:38:17Z,2026-09-06 11:38:17,1914,27.30000,66.00000,0.00031,2.77983,32.00000,13.00000,1367.00000,1,Baik
2026-09-06T04:38:37Z,2026-09-06 11:38:37,1915,27.40000,66.10000,0.00031,2.70820,31.00000,13.00000,1350.00000,1,Baik
2026-09-06T04:38:57Z,2026-09-06 11:38:57,1916,27.40000,66.10000,0.00031,2.65255,30.00000,13.00000,1314.00000,1,Baik
2026-09-06T04:39:17Z,2026-09-06 11:39:17,1917,27.40000,66.10000,0.00031,2.65392,30.00000,13.00000,1338.00000,1,Baik
2026-09-06T04:39:37Z,2026-09-06 11:39:37,1918,27.40000,66.00000,0.00031,2.63243,30.00000,13.00000,1281.00000,1,Baik
2026-09-06T04:39:57Z,2026-09-06 11:39:57,1919,27.40000,66.10000,0.00031,2.65255,30.00000,13.00000,1309.00000,1,Baik
2026-09-06T04:40:17Z,2026-09-06 11:40:17,1920,27.50000,66.00000,0.02261,2.65255,30.00000,13.00000,1325.00000,1,Baik
2026-09-06T04:40:37Z,2026-09-06 11:40:37,1921,27.50000,66.00000,0.00031,2.71676,31.00000,13.00000,1359.00000,1,Baik
2026-09-06T04:40:57Z,2026-09-06 11:40:57,1922,27.50000,66.00000,0.00031,2.66699,30.00000,13.00000,1333.00000,1,Baik
2026-09-06T04:41:17Z,2026-09-06 11:41:17,1923,27.50000,65.90000,0.00031,2.65392,30.00000,13.00000,1346.00000,1,Baik
2026-09-06T04:41:37Z,2026-09-06 11:41:37,1924,27.50000,65.70000,0.00031,2.70820,31.00000,13.00000,1354.00000,1,Baik
2026-09-06T04:41:57Z,2026-09-06 11:41:57,1925,27.50000,65.60000,0.00031,2.70820,31.00000,13.00000,1351.00000,1,Baik
2026-09-06T04:42:17Z,2026-09-06 11:42:17,1926,27.50000,65.50000,0.00031,2.70820,31.00000,13.00000,1357.00000,1,Baik
2026-09-06T04:42:37Z,2026-09-06 11:42:37,1927,27.60000,65.20000,0.00031,2.65392,30.00000,13.00000,1307.00000,1,Baik
2026-09-06T04:42:57Z,2026-09-06 11:42:57,1928,27.60000,64.90000,9.83874,2.80050,32.00000,13.00000,1354.00000,1,Baik
2026-09-06T04:43:17Z,2026-09-06 11:43:17,1929,27.60000,64.50000,0.00061,2.70820,31.00000,13.00000,1344.00000,1,Baik
2026-09-06T04:43:37Z,2026-09-06 11:43:37,1930,27.60000,64.10000,0.00031,2.56017,29.00000,13.00000,1302.00000,1,Baik
2026-09-06T04:43:57Z,2026-09-06 11:43:57,1931,27.60000,63.70000,0.00031,2.65392,30.00000,13.00000,1339.00000,1,Baik
2026-09-06T04:44:17Z,2026-09-06 11:44:17,1932,27.60000,63.10000,0.00031,2.66384,30.00000,13.00000,1338.00000,1,Baik
2026-09-06T04:44:37Z,2026-09-06 11:44:37,1933,27.50000,62.60000,0.00031,2.67691,30.00000,13.00000,1329.00000,1,Baik
2026-09-06T04:44:57Z,2026-09-06 11:44:57,1934,27.40000,62.30000,0.00031,2.53350,29.00000,13.00000,1271.00000,1,Baik
2026-09-06T04:45:17Z,2026-09-06 11:45:17,1935,27.40000,61.70000,0.00031,2.64236,30.00000,13.00000,1305.00000,1,Baik
2026-09-06T04:45:37Z,2026-09-06 11:45:37,1936,27.30000,61.20000,0.00031,2.50093,28.00000,13.00000,1296.00000,1,Baik
2026-09-06T04:45:57Z,2026-09-06 11:45:57,1937,27.30000,60.80000,1.81139,2.48472,28.00000,13.00000,1300.00000,1,Baik
2026-09-06T04:46:17Z,2026-09-06 11:46:17,1938,27.20000,60.50000,0.00031,2.50093,28.00000,13.00000,1297.00000,1,Baik
2026-09-06T04:46:37Z,2026-09-06 11:46:37,1939,27.10000,60.10000,0.00031,2.30970,26.00000,13.00000,1265.00000,1,Baik
2026-09-06T04:46:57Z,2026-09-06 11:46:57,1940,27.00000,59.80000,0.00031,2.56474,29.00000,13.00000,1287.00000,1,Baik
2026-09-06T04:47:17Z,2026-09-06 11:47:17,1941,27.00000,59.60000,0.00031,2.22746,25.00000,13.00000,1284.00000,1,Baik
2026-09-06T04:47:37Z,2026-09-06 11:47:37,1942,26.90000,59.30000,0.00031,2.22868,25.00000,13.00000,1283.00000,1,Baik
2026-09-06T04:47:57Z,2026-09-06 11:47:57,1943,26.80000,59.10000,0.00031,2.30970,26.00000,13.00000,1247.00000,1,Baik
2026-09-06T04:48:17Z,2026-09-06 11:48:17,1944,26.70000,58.90000,0.00031,2.30970,26.00000,13.00000,1245.00000,1,Baik
2026-09-06T04:48:37Z,2026-09-06 11:48:37,1945,26.70000,58.60000,0.00031,2.27710,26.00000,13.00000,1237.00000,1,Baik
2026-09-06T04:48:57Z,2026-09-06 11:48:57,1946,26.60000,59.00000,0.00031,2.30970,26.00000,13.00000,1250.00000,1,Baik
2026-09-06T04:49:17Z,2026-09-06 11:49:17,1947,26.60000,60.00000,0.00031,2.30970,26.00000,13.00000,1262.00000,1,Baik
2026-09-06T04:49:37Z,2026-09-06 11:49:37,1948,26.60000,61.20000,0.00031,2.27582,26.00000,13.00000,1211.00000,1,Baik
2026-09-06T04:49:57Z,2026-09-06 11:49:57,1949,26.60000,62.40000,0.00031,2.27808,26.00000,13.00000,1271.00000,1,Baik
2026-09-06T04:50:17Z,2026-09-06 11:50:17,1950,26.60000,63.10000,0.00031,2.26564,26.00000,13.00000,1274.00000,1,Baik
2026-09-06T04:50:37Z,2026-09-06 11:50:37,1951,26.60000,63.60000,0.00031,2.24106,25.00000,13.00000,1275.00000,1,Baik
2026-09-06T04:50:57Z,2026-09-06 11:50:57,1952,26.60000,63.30000,0.00031,2.25504,26.00000,13.00000,1269.00000,1,Baik
2026-09-06T04:51:17Z,2026-09-06 11:51:17,1953,26.60000,63.20000,0.00031,2.28034,26.00000,13.00000,1249.00000,1,Baik
2026-09-06T04:51:37Z,2026-09-06 11:51:37,1954,26.70000,63.50000,0.02327,2.16049,25.00000,13.00000,1280.00000,1,Baik
2026-09-06T04:51:57Z,2026-09-06 11:51:57,1955,26.70000,64.00000,0.00618,2.24106,25.00000,13.00000,1276.00000,1,Baik
2026-09-06T04:52:17Z,2026-09-06 11:52:17,1956,26.80000,64.20000,0.00031,2.51493,29.00000,13.00000,1281.00000,1,Baik
2026-09-06T04:52:37Z,2026-09-06 11:52:37,1957,26.80000,64.40000,0.00031,2.25576,26.00000,13.00000,1257.00000,1,Baik
2026-09-06T04:52:57Z,2026-09-06 11:52:57,1958,26.90000,64.40000,0.00031,2.49901,28.00000,13.00000,1284.00000,1,Baik
2026-09-06T04:53:17Z,2026-09-06 11:53:17,1959,26.90000,64.60000,0.00031,2.24106,25.00000,13.00000,1270.00000,1,Baik
2026-09-06T04:53:37Z,2026-09-06 11:53:37,1960,27.00000,64.80000,0.00031,2.59066,29.00000,13.00000,1280.00000,1,Baik
2026-09-06T04:53:57Z,2026-09-06 11:53:57,1961,27.00000,65.00000,0.00031,2.55569,29.00000,13.00000,1289.00000,1,Baik
2026-09-06T04:54:17Z,2026-09-06 11:54:17,1962,27.10000,65.00000,0.00031,2.59066,29.00000,13.00000,1280.00000,1,Baik
2026-09-06T04:54:37Z,2026-09-06 11:54:37,1963,27.10000,65.10000,0.00031,2.55569,29.00000,13.00000,1286.00000,1,Baik
2026-09-06T04:54:57Z,2026-09-06 11:54:57,1964,27.10000,65.20000,0.00031,2.59066,29.00000,13.00000,1280.00000,1,Baik
2026-09-06T04:55:17Z,2026-09-06 11:55:17,1965,27.10000,65.40000,0.00031,2.60651,30.00000,13.00000,1283.00000,1,Baik
2026-09-06T04:55:37Z,2026-09-06 11:55:37,1966,27.20000,65.60000,0.00031,2.14651,24.00000,13.00000,1280.00000,1,Baik
2026-09-06T04:55:57Z,2026-09-06 11:55:57,1967,27.20000,65.60000,0.00031,2.25576,26.00000,13.00000,1263.00000,1,Baik
2026-09-06T04:56:17Z,2026-09-06 11:56:17,1968,27.20000,65.70000,0.00031,2.55569,29.00000,13.00000,1289.00000,1,Baik
2026-09-06T04:56:37Z,2026-09-06 11:56:37,1969,27.30000,65.70000,0.00031,2.25576,26.00000,13.00000,1257.00000,1,Baik
2026-09-06T04:56:57Z,2026-09-06 11:56:57,1970,27.30000,65.70000,0.00031,2.55569,29.00000,13.00000,1291.00000,1,Baik
2026-09-06T04:57:17Z,2026-09-06 11:57:17,1971,27.40000,65.70000,0.00031,2.25576,26.00000,13.00000,1262.00000,1,Baik
2026-09-06T04:57:37Z,2026-09-06 11:57:37,1972,27.40000,65.60000,0.00031,2.60651,30.00000,13.00000,1286.00000,1,Baik
2026-09-06T04:57:57Z,2026-09-06 11:57:57,1973,27.40000,65.60000,0.00031,2.59066,29.00000,13.00000,1287.00000,1,Baik
2026-09-06T04:58:17Z,2026-09-06 11:58:17,1974,27.50000,65.50000,0.00031,2.60651,30.00000,13.00000,1290.00000,1,Baik
2026-09-06T04:58:37Z,2026-09-06 11:58:37,1975,27.60000,65.50000,0.00031,2.24106,25.00000,13.00000,1263.00000,1,Baik
2026-09-06T04:58:57Z,2026-09-06 11:58:57,1976,27.60000,65.40000,0.00031,2.55569,29.00000,13.00000,1291.00000,1,Baik
2026-09-06T04:59:17Z,2026-09-06 11:59:17,1977,27.60000,65.30000,0.00031,2.60651,30.00000,13.00000,1293.00000,1,Baik
2026-09-06T04:59:37Z,2026-09-06 11:59:37,1978,27.60000,65.30000,0.00031,2.55569,29.00000,13.00000,1294.00000,1,Baik
2026-09-06T04:59:57Z,2026-09-06 11:59:57,1979,27.70000,65.20000,0.00031,2.24106,25.00000,13.00000,1265.00000,1,Baik
2026-09-06T05:00:17Z,2026-09-06 12:00:17,1980,27.70000,65.20000,0.00031,2.24106,25.00000,13.00000,1265.00000,1,Baik
2026-09-06T05:00:37Z,2026-09-06 12:00:37,1981,27.70000,65.10000,0.00031,2.24106,25.00000,13.00000,1269.00000,1,Baik
2026-09-06T05:00:57Z,2026-09-06 12:00:57,1982,27.70000,65.00000,0.00031,2.25576,26.00000,13.00000,1249.00000,1,Baik
2026-09-06T05:01:17Z,2026-09-06 12:01:17,1983,27.70000,64.80000,0.00031,2.55569,29.00000,13.00000,1293.00000,1,Baik
2026-09-06T05:01:37Z,2026-09-06 12:01:37,1984,27.70000,64.60000,0.00031,2.25576,26.00000,13.00000,1263.00000,1,Baik
2026-09-06T05:01:57Z,2026-09-06 12:01:57,1985,27.70000,64.50000,0.00031,2.24106,25.00000,13.00000,1282.00000,1,Baik
2026-09-06T05:02:17Z,2026-09-06 12:02:17,1986,27.70000,64.50000,0.00031,2.46405,28.00000,13.00000,1299.00000,1,Baik
2026-09-06T05:02:37Z,2026-09-06 12:02:37,1987,27.80000,64.10000,0.00031,2.24106,25.00000,13.00000,1266.00000,1,Baik
2026-09-06T05:02:57Z,2026-09-06 12:02:57,1988,27.80000,63.80000,0.00031,2.55569,29.00000,13.00000,1294.00000,1,Baik
2026-09-06T05:03:17Z,2026-09-06 12:03:17,1989,27.80000,63.40000,0.00031,2.25504,26.00000,13.00000,1271.00000,1,Baik
2026-09-06T05:03:37Z,2026-09-06 12:03:37,1990,27.80000,63.00000,0.00031,2.62516,30.00000,13.00000,1290.00000,1,Baik
2026-09-06T05:03:57Z,2026-09-06 12:03:57,1991,27.80000,62.60000,0.00031,2.26564,26.00000,13.00000,1266.00000,1,Baik
2026-09-06T05:04:17Z,2026-09-06 12:04:17,1992,27.80000,62.10000,0.00031,2.33070,26.00000,13.00000,1289.00000,1,Baik
2026-09-06T05:04:37Z,2026-09-06 12:04:37,1993,27.70000,61.50000,0.00031,2.59019,29.00000,13.00000,1291.00000,1,Baik
2026-09-06T05:04:57Z,2026-09-06 12:04:57,1994,27.70000,61.10000,0.00031,2.29796,26.00000,13.00000,1271.00000,1,Baik
2026-09-06T05:05:17Z,2026-09-06 12:05:17,1995,27.60000,60.70000,0.00031,2.29796,26.00000,13.00000,1269.00000,1,Baik
2026-09-06T05:05:37Z,2026-09-06 12:05:37,1996,27.50000,60.20000,0.00031,2.30970,26.00000,13.00000,1223.00000,1,Baik
2026-09-06T05:05:57Z,2026-09-06 12:05:57,1997,27.40000,59.90000,0.17394,2.30970,26.00000,13.00000,1239.00000,1,Baik
2026-09-06T05:06:17Z,2026-09-06 12:06:17,1998,27.40000,59.50000,0.00031,2.30970,26.00000,13.00000,1264.00000,1,Baik
2026-09-06T05:06:37Z,2026-09-06 12:06:37,1999,27.30000,59.00000,0.00031,2.35480,27.00000,13.00000,1233.00000,1,Baik
2026-09-06T05:06:57Z,2026-09-06 12:06:57,2000,27.20000,58.80000,0.00031,2.26471,26.00000,13.00000,1225.00000,1,Baik
2026-09-06T05:07:17Z,2026-09-06 12:07:17,2001,27.10000,58.50000,0.00031,2.35480,27.00000,13.00000,1233.00000,1,Baik
2026-09-06T05:07:37Z,2026-09-06 12:07:37,2002,27.00000,58.40000,0.00031,2.26471,26.00000,13.00000,1223.00000,1,Baik
2026-09-06T05:07:57Z,2026-09-06 12:07:57,2003,27.00000,58.20000,0.00031,2.30970,26.00000,13.00000,1247.00000,1,Baik
2026-09-06T05:08:17Z,2026-09-06 12:08:17,2004,26.90000,57.90000,0.00031,2.30895,26.00000,13.00000,1207.00000,1,Baik
2026-09-06T05:08:37Z,2026-09-06 12:08:37,2005,26.90000,57.70000,0.00031,2.32184,26.00000,13.00000,1241.00000,1,Baik
2026-09-06T05:08:57Z,2026-09-06 12:08:57,2006,26.80000,58.10000,0.00031,2.30970,26.00000,13.00000,1238.00000,1,Baik
2026-09-06T05:09:17Z,2026-09-06 12:09:17,2007,26.80000,59.10000,0.00031,2.30970,26.00000,13.00000,1245.00000,1,Baik
2026-09-06T05:09:37Z,2026-09-06 12:09:37,2008,26.70000,60.00000,0.00031,2.30970,26.00000,13.00000,1249.00000,1,Baik
2026-09-06T05:09:57Z,2026-09-06 12:09:57,2009,26.70000,61.40000,0.00031,2.29509,26.00000,13.00000,1251.00000,1,Baik
2026-09-06T05:10:17Z,2026-09-06 12:10:17,2010,26.70000,62.20000,0.00031,2.29278,26.00000,13.00000,1260.00000,1,Baik
2026-09-06T05:10:37Z,2026-09-06 12:10:37,2011,26.80000,62.70000,0.00031,2.28034,26.00000,13.00000,1253.00000,1,Baik
2026-09-06T05:10:57Z,2026-09-06 12:10:57,2012,26.80000,62.40000,0.00031,2.29278,26.00000,13.00000,1261.00000,1,Baik
2026-09-06T05:11:17Z,2026-09-06 12:11:17,2013,26.80000,62.70000,0.00031,2.21069,25.00000,13.00000,1217.00000,1,Baik
2026-09-06T05:11:37Z,2026-09-06 12:11:37,2014,26.80000,63.10000,0.00031,2.21069,25.00000,13.00000,1218.00000,1,Baik
2026-09-06T05:11:57Z,2026-09-06 12:11:57,2015,26.90000,63.40000,0.00031,2.24485,26.00000,13.00000,1232.00000,1,Baik
2026-09-06T05:12:17Z,2026-09-06 12:12:17,2016,26.90000,63.70000,0.00031,2.25576,26.00000,13.00000,1245.00000,1,Baik
2026-09-06T05:12:37Z,2026-09-06 12:12:37,2017,27.00000,63.90000,0.00031,2.25576,26.00000,13.00000,1254.00000,1,Baik
2026-09-06T05:12:57Z,2026-09-06 12:12:57,2018,27.00000,64.00000,0.00031,2.25576,26.00000,13.00000,1258.00000,1,Baik
2026-09-06T05:13:17Z,2026-09-06 12:13:17,2019,27.00000,64.00000,0.00031,2.24106,25.00000,13.00000,1264.00000,1,Baik
2026-09-06T05:13:37Z,2026-09-06 12:13:37,2020,27.10000,63.90000,0.00031,2.25576,26.00000,13.00000,1257.00000,1,Baik
2026-09-06T05:13:57Z,2026-09-06 12:13:57,2021,27.10000,63.60000,0.00031,2.25576,26.00000,13.00000,1234.00000,1,Baik
2026-09-06T05:14:17Z,2026-09-06 12:14:17,2022,27.10000,63.20000,0.00031,2.28034,26.00000,13.00000,1250.00000,1,Baik
2026-09-06T05:14:37Z,2026-09-06 12:14:37,2023,27.10000,62.80000,0.00031,2.28824,26.00000,13.00000,1229.00000,1,Baik
2026-09-06T05:14:57Z,2026-09-06 12:14:57,2024,27.10000,62.40000,0.00031,2.29278,26.00000,13.00000,1254.00000,1,Baik
2026-09-06T05:15:17Z,2026-09-06 12:15:17,2025,27.00000,61.90000,0.00031,2.33070,26.00000,13.00000,1249.00000,1,Baik
2026-09-06T05:15:37Z,2026-09-06 12:15:37,2026,27.00000,61.30000,0.00031,2.27020,26.00000,13.00000,1232.00000,1,Baik
2026-09-06T05:15:57Z,2026-09-06 12:15:57,2027,26.90000,60.90000,0.00031,2.26471,26.00000,13.00000,1219.00000,1,Baik
2026-09-06T05:16:17Z,2026-09-06 12:16:17,2028,26.90000,60.40000,0.00031,2.26471,26.00000,13.00000,1227.00000,1,Baik
2026-09-06T05:16:37Z,2026-09-06 12:16:37,2029,26.90000,60.20000,0.00031,2.27710,26.00000,13.00000,1232.00000,1,Baik
2026-09-06T05:16:57Z,2026-09-06 12:16:57,2030,26.80000,59.80000,0.00031,2.30970,26.00000,13.00000,1234.00000,1,Baik
2026-09-06T05:17:17Z,2026-09-06 12:17:17,2031,26.80000,59.40000,0.00031,2.30970,26.00000,13.00000,1239.00000,1,Baik
2026-09-06T05:17:37Z,2026-09-06 12:17:37,2032,26.70000,59.10000,0.00031,2.26471,26.00000,13.00000,1228.00000,1,Baik
2026-09-06T05:17:57Z,2026-09-06 12:17:57,2033,26.70000,58.70000,0.00031,2.26471,26.00000,13.00000,1225.00000,1,Baik
2026-09-06T05:18:17Z,2026-09-06 12:18:17,2034,26.60000,58.40000,0.00031,2.29681,26.00000,13.00000,1216.00000,1,Baik
2026-09-06T05:18:37Z,2026-09-06 12:18:37,2035,26.60000,58.10000,0.00031,2.31331,26.00000,13.00000,1200.00000,1,Baik
2026-09-06T05:18:57Z,2026-09-06 12:18:57,2036,26.50000,57.80000,0.00031,2.32831,26.00000,13.00000,1210.00000,1,Baik
2026-09-06T05:19:17Z,2026-09-06 12:19:17,2037,26.50000,57.70000,0.00031,2.27040,26.00000,13.00000,1209.00000,1,Baik
2026-09-06T05:19:37Z,2026-09-06 12:19:37,2038,26.50000,58.50000,0.00031,2.27781,26.00000,13.00000,1212.00000,1,Baik
2026-09-06T05:19:57Z,2026-09-06 12:19:57,2039,26.40000,59.40000,0.00031,2.17700,25.00000,13.00000,1186.00000,1,Baik
2026-09-06T05:20:17Z,2026-09-06 12:20:17,2040,26.50000,60.70000,0.00031,2.27582,26.00000,13.00000,1221.00000,1,Baik
2026-09-06T05:20:37Z,2026-09-06 12:20:37,2041,26.50000,61.70000,0.00031,2.04968,23.00000,13.00000,1193.00000,1,Baik
2026-09-06T05:20:57Z,2026-09-06 12:20:57,2042,26.50000,62.30000,0.00031,2.24730,26.00000,13.00000,1217.00000,1,Baik
2026-09-06T05:21:17Z,2026-09-06 12:21:17,2043,26.50000,62.60000,0.00031,2.05740,23.00000,13.00000,1173.00000,1,Baik
2026-09-06T05:21:37Z,2026-09-06 12:21:37,2044,26.60000,63.00000,0.00031,2.00558,23.00000,13.00000,1189.00000,1,Baik
2026-09-06T05:21:57Z,2026-09-06 12:21:57,2045,26.60000,63.10000,0.00031,2.21069,25.00000,13.00000,1222.00000,1,Baik
2026-09-06T05:22:17Z,2026-09-06 12:22:17,2046,26.60000,62.90000,0.00031,2.21069,25.00000,13.00000,1230.00000,1,Baik
2026-09-06T05:22:37Z,2026-09-06 12:22:37,2047,26.60000,63.20000,0.00031,2.22180,25.00000,13.00000,1220.00000,1,Baik
2026-09-06T05:22:57Z,2026-09-06 12:22:57,2048,26.70000,63.50000,0.00031,2.17897,25.00000,13.00000,1227.00000,1,Baik
2026-09-06T05:23:17Z,2026-09-06 12:23:17,2049,26.80000,63.50000,0.00031,2.19008,25.00000,13.00000,1226.00000,1,Baik
2026-09-06T05:23:37Z,2026-09-06 12:23:37,2050,26.80000,63.60000,0.00031,2.19044,25.00000,13.00000,1235.00000,1,Baik
2026-09-06T05:23:57Z,2026-09-06 12:23:57,2051,26.90000,63.70000,0.00031,2.26366,26.00000,13.00000,1235.00000,1,Baik
2026-09-06T05:24:17Z,2026-09-06 12:24:17,2052,26.90000,64.00000,0.00031,2.16180,25.00000,13.00000,1199.00000,1,Baik
2026-09-06T05:24:37Z,2026-09-06 12:24:37,2053,27.00000,64.00000,0.00031,2.17610,25.00000,13.00000,1216.00000,1,Baik
2026-09-06T05:24:57Z,2026-09-06 12:24:57,2054,27.00000,64.30000,0.00031,2.25576,26.00000,13.00000,1242.00000,1,Baik
2026-09-06T05:25:17Z,2026-09-06 12:25:17,2055,27.10000,64.30000,0.90464,2.25576,26.00000,13.00000,1239.00000,1,Baik
2026-09-06T05:25:37Z,2026-09-06 12:25:37,2056,27.10000,64.40000,0.00031,2.19044,25.00000,13.00000,1232.00000,1,Baik
2026-09-06T05:25:57Z,2026-09-06 12:25:57,2057,27.10000,64.50000,0.00031,2.17610,25.00000,13.00000,1212.00000,1,Baik
2026-09-06T05:26:17Z,2026-09-06 12:26:17,2058,27.20000,64.60000,0.00031,2.05701,23.00000,13.00000,1197.00000,1,Baik
2026-09-06T05:26:37Z,2026-09-06 12:26:37,2059,27.20000,64.50000,0.00031,2.17610,25.00000,13.00000,1217.00000,1,Baik
2026-09-06T05:26:57Z,2026-09-06 12:26:57,2060,27.30000,64.40000,0.00031,2.26366,26.00000,13.00000,1242.00000,1,Baik
2026-09-06T05:27:17Z,2026-09-06 12:27:17,2061,27.30000,64.50000,0.00031,2.13066,24.00000,13.00000,1203.00000,1,Baik
2026-09-06T05:27:37Z,2026-09-06 12:27:37,2062,27.40000,64.50000,0.00031,2.17610,25.00000,13.00000,1218.00000,1,Baik
2026-09-06T05:27:57Z,2026-09-06 12:27:57,2063,27.40000,64.50000,0.00031,2.25576,26.00000,13.00000,1247.00000,1,Baik
2026-09-06T05:28:17Z,2026-09-06 12:28:17,2064,27.50000,64.50000,0.00618,2.25576,26.00000,13.00000,1249.00000,1,Baik
2026-09-06T05:28:37Z,2026-09-06 12:28:37,2065,27.50000,64.60000,0.00031,2.19044,25.00000,13.00000,1225.00000,1,Baik
2026-09-06T05:28:57Z,2026-09-06 12:28:57,2066,27.60000,64.50000,0.00031,2.25576,26.00000,13.00000,1247.00000,1,Baik
2026-09-06T05:29:17Z,2026-09-06 12:29:17,2067,27.60000,64.50000,0.00031,2.25576,26.00000,13.00000,1255.00000,1,Baik
2026-09-06T05:29:37Z,2026-09-06 12:29:37,2068,27.60000,64.50000,0.00031,2.17805,25.00000,13.00000,1228.00000,1,Baik
2026-09-06T05:29:57Z,2026-09-06 12:29:57,2069,27.60000,64.50000,0.00031,2.25576,26.00000,13.00000,1254.00000,1,Baik
2026-09-06T05:30:17Z,2026-09-06 12:30:17,2070,27.70000,64.50000,0.00031,2.17610,25.00000,13.00000,1216.00000,1,Baik
2026-09-06T05:30:37Z,2026-09-06 12:30:37,2071,27.70000,64.50000,0.00031,2.25576,26.00000,13.00000,1251.00000,1,Baik
2026-09-06T05:30:57Z,2026-09-06 12:30:57,2072,27.70000,64.50000,0.00618,2.25576,26.00000,13.00000,1259.00000,1,Baik
2026-09-06T05:31:17Z,2026-09-06 12:31:17,2073,27.70000,64.40000,0.00031,2.17805,25.00000,13.00000,1223.00000,1,Baik
2026-09-06T05:31:37Z,2026-09-06 12:31:37,2074,27.70000,64.40000,0.00031,2.25576,26.00000,13.00000,1265.00000,1,Baik
2026-09-06T05:31:57Z,2026-09-06 12:31:57,2075,27.80000,64.20000,0.00031,2.25576,26.00000,13.00000,1248.00000,1,Baik
2026-09-06T05:32:17Z,2026-09-06 12:32:17,2076,27.80000,64.10000,0.00031,2.25576,26.00000,13.00000,1264.00000,1,Baik
2026-09-06T05:32:37Z,2026-09-06 12:32:37,2077,27.80000,63.90000,0.00031,2.17610,25.00000,13.00000,1231.00000,1,Baik
2026-09-06T05:32:57Z,2026-09-06 12:32:57,2078,27.90000,63.60000,0.00031,2.26366,26.00000,13.00000,1236.00000,1,Baik
2026-09-06T05:33:17Z,2026-09-06 12:33:17,2079,27.90000,63.20000,0.00031,2.28824,26.00000,13.00000,1231.00000,1,Baik
2026-09-06T05:33:37Z,2026-09-06 12:33:37,2080,27.90000,62.70000,0.00031,2.28034,26.00000,13.00000,1257.00000,1,Baik
2026-09-06T05:33:57Z,2026-09-06 12:33:57,2081,27.90000,62.20000,0.00031,2.29278,26.00000,13.00000,1248.00000,1,Baik
2026-09-06T05:34:17Z,2026-09-06 12:34:17,2082,27.90000,61.70000,0.00031,2.24961,26.00000,13.00000,1203.00000,1,Baik
2026-09-06T05:34:37Z,2026-09-06 12:34:37,2083,27.80000,61.20000,0.00031,2.30970,26.00000,13.00000,1255.00000,1,Baik
2026-09-06T05:34:57Z,2026-09-06 12:34:57,2084,27.80000,60.70000,0.00031,2.30970,26.00000,13.00000,1239.00000,1,Baik
2026-09-06T05:35:17Z,2026-09-06 12:35:17,2085,27.70000,60.30000,0.00031,2.30970,26.00000,13.00000,1233.00000,1,Baik
2026-09-06T05:35:37Z,2026-09-06 12:35:37,2086,27.60000,59.70000,0.00031,2.26471,26.00000,13.00000,1219.00000,1,Baik
2026-09-06T05:35:57Z,2026-09-06 12:35:57,2087,27.60000,59.30000,0.00031,2.30970,26.00000,13.00000,1232.00000,1,Baik
2026-09-06T05:36:17Z,2026-09-06 12:36:17,2088,27.50000,59.10000,0.00031,2.26471,26.00000,13.00000,1232.00000,1,Baik
2026-09-06T05:36:37Z,2026-09-06 12:36:37,2089,27.40000,58.90000,0.00031,2.27582,26.00000,13.00000,1207.00000,1,Baik
2026-09-06T05:36:57Z,2026-09-06 12:36:57,2090,27.40000,59.30000,0.00031,1.94090,22.00000,13.00000,1119.00000,1,Baik
2026-09-06T05:37:17Z,2026-09-06 12:37:17,2091,27.40000,58.60000,0.00031,1.53792,17.00000,13.00000,1087.00000,1,Baik
2026-09-06T05:37:37Z,2026-09-06 12:37:37,2092,27.40000,58.00000,0.00031,1.46933,17.00000,13.00000,1063.00000,1,Baik
2026-09-06T05:37:57Z,2026-09-06 12:37:57,2093,27.30000,57.70000,0.00031,1.37144,16.00000,13.00000,1052.00000,1,Baik
2026-09-06T05:38:17Z,2026-09-06 12:38:17,2094,27.30000,57.30000,0.00031,1.37932,16.00000,13.00000,1040.00000,1,Baik
2026-09-06T05:38:37Z,2026-09-06 12:38:37,2095,27.20000,57.10000,0.00031,1.39131,16.00000,13.00000,1034.00000,1,Baik
2026-09-06T05:38:57Z,2026-09-06 12:38:57,2096,27.20000,58.00000,0.00031,1.37869,16.00000,13.00000,1023.00000,1,Baik
2026-09-06T05:39:17Z,2026-09-06 12:39:17,2097,27.20000,59.40000,0.00031,1.35303,15.00000,13.00000,1023.00000,1,Baik
2026-09-06T05:39:37Z,2026-09-06 12:39:37,2098,27.30000,60.00000,0.00031,1.35303,15.00000,13.00000,1033.00000,1,Baik
2026-09-06T05:39:57Z,2026-09-06 12:39:57,2099,27.40000,60.50000,0.00031,1.43998,16.00000,13.00000,1033.00000,1,Baik
2026-09-06T05:40:17Z,2026-09-06 12:40:17,2100,27.40000,60.50000,0.00031,1.44012,16.00000,13.00000,1008.00000,1,Baik
2026-09-06T05:40:37Z,2026-09-06 12:40:37,2101,27.50000,60.50000,0.00031,1.42842,16.00000,13.00000,1019.00000,1,Baik
2026-09-06T05:40:57Z,2026-09-06 12:40:57,2102,27.50000,60.50000,0.00031,1.42842,16.00000,13.00000,1021.00000,1,Baik
2026-09-06T05:41:17Z,2026-09-06 12:41:17,2103,27.60000,60.50000,0.00031,1.47261,17.00000,13.00000,1023.00000,1,Baik
2026-09-06T05:41:37Z,2026-09-06 12:41:37,2104,27.70000,60.40000,0.00031,1.46953,17.00000,13.00000,1021.00000,1,Baik
2026-09-06T05:41:57Z,2026-09-06 12:41:57,2105,27.70000,60.60000,0.00031,1.47261,17.00000,13.00000,1021.00000,1,Baik
2026-09-06T05:42:17Z,2026-09-06 12:42:17,2106,27.70000,60.80000,0.00031,1.44915,16.00000,13.00000,1020.00000,1,Baik
2026-09-06T05:42:37Z,2026-09-06 12:42:37,2107,27.80000,61.20000,0.00031,1.46953,17.00000,13.00000,1033.00000,1,Baik
2026-09-06T05:42:57Z,2026-09-06 12:42:57,2108,27.80000,61.40000,0.00031,1.47261,17.00000,13.00000,1023.00000,1,Baik
2026-09-06T05:43:17Z,2026-09-06 12:43:17,2109,27.90000,61.40000,0.00031,1.46953,17.00000,13.00000,1033.00000,1,Baik
2026-09-06T05:43:37Z,2026-09-06 12:43:37,2110,27.90000,61.20000,0.00031,1.46953,17.00000,13.00000,1033.00000,1,Baik
2026-09-06T05:43:57Z,2026-09-06 12:43:57,2111,27.90000,60.90000,0.00031,1.47261,17.00000,13.00000,1023.00000,1,Baik
2026-09-06T05:44:17Z,2026-09-06 12:44:17,2112,27.90000,60.50000,0.00031,1.43229,16.00000,13.00000,1023.00000,1,Baik
2026-09-06T05:44:37Z,2026-09-06 12:44:37,2113,27.90000,60.10000,0.00031,1.43229,16.00000,13.00000,1022.00000,1,Baik
2026-09-06T05:44:57Z,2026-09-06 12:44:57,2114,27.90000,59.70000,0.00031,1.48021,17.00000,13.00000,1023.00000,1,Baik
2026-09-06T05:45:17Z,2026-09-06 12:45:17,2115,27.90000,59.40000,0.00031,1.43229,16.00000,13.00000,1021.00000,1,Baik
2026-09-06T05:45:37Z,2026-09-06 12:45:37,2116,27.90000,59.00000,0.00031,1.43229,16.00000,13.00000,1019.00000,1,Baik
2026-09-06T05:45:57Z,2026-09-06 12:45:57,2117,27.80000,58.50000,0.00031,1.44915,16.00000,13.00000,1019.00000,1,Baik
2026-09-06T05:46:17Z,2026-09-06 12:46:17,2118,27.70000,58.20000,0.00031,1.44288,16.00000,13.00000,1010.00000,1,Baik
2026-09-06T05:46:37Z,2026-09-06 12:46:37,2119,27.70000,58.00000,0.00031,1.38742,16.00000,13.00000,1013.00000,1,Baik
2026-09-06T05:46:57Z,2026-09-06 12:46:57,2120,27.70000,57.70000,0.00031,1.48049,17.00000,13.00000,1009.00000,1,Baik
2026-09-06T05:47:17Z,2026-09-06 12:47:17,2121,27.60000,57.40000,0.00031,1.48049,17.00000,13.00000,1008.00000,1,Baik
2026-09-06T05:47:37Z,2026-09-06 12:47:37,2122,27.50000,57.10000,0.00031,1.38061,16.00000,13.00000,1008.00000,1,Baik
2026-09-06T05:47:57Z,2026-09-06 12:47:57,2123,27.50000,56.80000,0.00031,1.38061,16.00000,13.00000,1008.00000,1,Baik
2026-09-06T05:48:17Z,2026-09-06 12:48:17,2124,27.40000,56.50000,0.00031,1.38061,16.00000,13.00000,1005.00000,1,Baik
2026-09-06T05:48:37Z,2026-09-06 12:48:37,2125,27.40000,56.40000,0.00031,1.38061,16.00000,13.00000,1008.00000,1,Baik
2026-09-06T05:48:57Z,2026-09-06 12:48:57,2126,27.30000,56.20000,0.00031,1.37175,16.00000,13.00000,1008.00000,1,Baik
2026-09-06T05:49:17Z,2026-09-06 12:49:17,2127,27.30000,56.40000,0.00031,1.38061,16.00000,13.00000,1008.00000,1,Baik
2026-09-06T05:49:37Z,2026-09-06 12:49:37,2128,27.20000,56.90000,0.00031,1.43530,16.00000,13.00000,1010.00000,1,Baik
2026-09-06T05:49:57Z,2026-09-06 12:49:57,2129,27.20000,58.10000,0.00031,1.37719,16.00000,13.00000,1015.00000,1,Baik
2026-09-06T05:50:17Z,2026-09-06 12:50:17,2130,27.20000,59.20000,0.00031,1.34599,15.00000,13.00000,1021.00000,1,Baik
2026-09-06T05:50:37Z,2026-09-06 12:50:37,2131,27.30000,59.90000,0.00031,1.38250,16.00000,13.00000,1023.00000,1,Baik
2026-09-06T05:50:57Z,2026-09-06 12:50:57,2132,27.30000,60.60000,0.00031,1.35317,15.00000,13.00000,1037.00000,1,Baik
2026-09-06T05:51:17Z,2026-09-06 12:51:17,2133,27.30000,61.00000,0.00031,1.35303,15.00000,13.00000,1040.00000,1,Baik
2026-09-06T05:51:37Z,2026-09-06 12:51:37,2134,27.40000,61.50000,0.00031,1.43998,16.00000,13.00000,1040.00000,1,Baik
2026-09-06T05:51:57Z,2026-09-06 12:51:57,2135,27.40000,61.90000,0.00031,1.43998,16.00000,13.00000,1045.00000,1,Baik
2026-09-06T05:52:17Z,2026-09-06 12:52:17,2136,27.50000,62.20000,0.00031,1.45412,17.00000,13.00000,1050.00000,1,Baik
2026-09-06T05:52:37Z,2026-09-06 12:52:37,2137,27.50000,62.30000,0.00031,1.45412,17.00000,13.00000,1050.00000,1,Baik
2026-09-06T05:52:57Z,2026-09-06 12:52:57,2138,27.60000,62.40000,0.00031,1.48990,17.00000,13.00000,1055.00000,1,Baik
2026-09-06T05:53:17Z,2026-09-06 12:53:17,2139,27.60000,62.40000,0.00031,1.48990,17.00000,13.00000,1057.00000,1,Baik
2026-09-06T05:53:37Z,2026-09-06 12:53:37,2140,27.70000,62.40000,0.00031,1.48203,17.00000,13.00000,1063.00000,1,Baik
2026-09-06T05:53:57Z,2026-09-06 12:53:57,2141,27.70000,62.30000,0.00031,1.48203,17.00000,13.00000,1061.00000,1,Baik
2026-09-06T05:54:17Z,2026-09-06 12:54:17,2142,27.80000,62.00000,0.00031,1.48051,17.00000,13.00000,1059.00000,1,Baik
2026-09-06T05:54:37Z,2026-09-06 12:54:37,2143,27.80000,61.50000,0.00031,1.48838,17.00000,13.00000,1066.00000,1,Baik
2026-09-06T05:54:57Z,2026-09-06 12:54:57,2144,27.80000,61.00000,0.00031,1.48838,17.00000,13.00000,1061.00000,1,Baik
2026-09-06T05:55:17Z,2026-09-06 12:55:17,2145,27.80000,60.60000,0.00031,1.48838,17.00000,13.00000,1058.00000,1,Baik
2026-09-06T05:55:37Z,2026-09-06 12:55:37,2146,27.80000,60.10000,0.00031,1.48838,17.00000,13.00000,1055.00000,1,Baik
2026-09-06T05:55:57Z,2026-09-06 12:55:57,2147,27.80000,59.50000,0.00031,1.48838,17.00000,13.00000,1058.00000,1,Baik
2026-09-06T05:56:17Z,2026-09-06 12:56:17,2148,27.80000,59.00000,0.00031,1.49971,17.00000,13.00000,1054.00000,1,Baik
2026-09-06T05:56:37Z,2026-09-06 12:56:37,2149,27.80000,58.50000,0.00031,1.49971,17.00000,13.00000,1059.00000,1,Baik
2026-09-06T05:56:57Z,2026-09-06 12:56:57,2150,27.70000,58.10000,0.00031,1.51405,17.00000,13.00000,1051.00000,1,Baik
2026-09-06T05:57:17Z,2026-09-06 12:57:17,2151,27.70000,57.70000,0.00031,1.51342,17.00000,13.00000,1045.00000,1,Baik
2026-09-06T05:57:37Z,2026-09-06 12:57:37,2152,27.60000,57.40000,0.00031,1.52604,17.00000,13.00000,1047.00000,1,Baik
2026-09-06T05:57:57Z,2026-09-06 12:57:57,2153,27.60000,57.00000,0.00031,1.51342,17.00000,13.00000,1046.00000,1,Baik
2026-09-06T05:58:17Z,2026-09-06 12:58:17,2154,27.50000,56.80000,0.00031,1.47826,17.00000,13.00000,1045.00000,1,Baik
2026-09-06T05:58:37Z,2026-09-06 12:58:37,2155,27.50000,56.50000,0.00031,1.46564,17.00000,13.00000,1040.00000,1,Baik
2026-09-06T05:58:57Z,2026-09-06 12:58:57,2156,27.50000,56.40000,0.00031,1.46564,17.00000,13.00000,1040.00000,1,Baik
2026-09-06T05:59:17Z,2026-09-06 12:59:17,2157,27.40000,56.00000,0.00031,1.43622,16.00000,13.00000,1039.00000,1,Baik
2026-09-06T05:59:37Z,2026-09-06 12:59:37,2158,27.40000,55.90000,0.00031,1.49247,17.00000,13.00000,1039.00000,1,Baik
2026-09-06T05:59:57Z,2026-09-06 12:59:57,2159,27.30000,56.10000,0.00031,1.32501,15.00000,13.00000,1037.00000,1,Baik
2026-09-06T06:00:17Z,2026-09-06 13:00:17,2160,27.30000,57.00000,0.00031,1.37869,16.00000,13.00000,1042.00000,1,Baik
2026-09-06T06:00:37Z,2026-09-06 13:00:37,2161,27.30000,58.20000,0.00031,1.37869,16.00000,13.00000,1040.00000,1,Baik
2026-09-06T06:00:57Z,2026-09-06 13:00:57,2162,27.30000,59.00000,0.00031,1.36498,16.00000,13.00000,1047.00000,1,Baik
2026-09-06T06:01:17Z,2026-09-06 13:01:17,2163,27.30000,60.00000,0.00031,1.35366,15.00000,13.00000,1054.00000,1,Baik
2026-09-06T06:01:37Z,2026-09-06 13:01:37,2164,27.40000,60.60000,0.00031,1.44061,16.00000,13.00000,1051.00000,1,Baik
2026-09-06T06:01:57Z,2026-09-06 13:01:57,2165,27.40000,61.00000,0.00031,1.43273,16.00000,13.00000,1055.00000,1,Baik
2026-09-06T06:02:17Z,2026-09-06 13:02:17,2166,27.50000,61.50000,0.00031,1.43621,16.00000,13.00000,1057.00000,1,Baik
2026-09-06T06:02:37Z,2026-09-06 13:02:37,2167,27.50000,61.80000,0.00031,1.44367,16.00000,13.00000,1072.00000,1,Baik
2026-09-06T06:02:57Z,2026-09-06 13:02:57,2168,27.50000,62.00000,0.00031,1.44367,16.00000,13.00000,1072.00000,1,Baik
2026-09-06T06:03:17Z,2026-09-06 13:03:17,2169,27.60000,62.30000,0.00031,1.51826,17.00000,13.00000,1072.00000,1,Baik
2026-09-06T06:03:37Z,2026-09-06 13:03:37,2170,27.70000,62.30000,0.00031,1.48048,17.00000,13.00000,1075.00000,1,Baik
2026-09-06T06:03:57Z,2026-09-06 13:03:57,2171,27.70000,62.30000,0.00031,1.48048,17.00000,13.00000,1075.00000,1,Baik
2026-09-06T06:04:17Z,2026-09-06 13:04:17,2172,27.70000,62.40000,0.00031,1.48048,17.00000,13.00000,1075.00000,1,Baik
2026-09-06T06:04:37Z,2026-09-06 13:04:37,2173,27.80000,62.20000,0.00031,1.48048,17.00000,13.00000,1078.00000,1,Baik
2026-09-06T06:04:57Z,2026-09-06 13:04:57,2174,27.80000,61.70000,0.00031,1.47896,17.00000,13.00000,1077.00000,1,Baik
2026-09-06T06:05:17Z,2026-09-06 13:05:17,2175,27.90000,61.00000,0.00031,1.47896,17.00000,13.00000,1086.00000,1,Baik
2026-09-06T06:05:37Z,2026-09-06 13:05:37,2176,27.90000,60.40000,0.00031,1.47896,17.00000,13.00000,1079.00000,1,Baik
2026-09-06T06:05:57Z,2026-09-06 13:05:57,2177,27.90000,59.90000,0.00031,1.47896,17.00000,13.00000,1081.00000,1,Baik
2026-09-06T06:06:17Z,2026-09-06 13:06:17,2178,27.90000,59.60000,0.00031,1.49277,17.00000,13.00000,1082.00000,1,Baik
2026-09-06T06:06:37Z,2026-09-06 13:06:37,2179,27.90000,59.20000,0.00031,1.47896,17.00000,13.00000,1078.00000,1,Baik
2026-09-06T06:06:57Z,2026-09-06 13:06:57,2180,27.90000,59.00000,0.00031,1.59732,18.00000,13.00000,1088.00000,1,Baik
2026-09-06T06:07:17Z,2026-09-06 13:07:17,2181,27.90000,58.80000,0.00031,1.52984,17.00000,13.00000,1089.00000,1,Baik
2026-09-06T06:07:37Z,2026-09-06 13:07:37,2182,27.90000,58.60000,0.00031,1.69994,19.00000,13.00000,1088.00000,1,Baik
2026-09-06T06:07:57Z,2026-09-06 13:07:57,2183,27.90000,58.50000,0.00031,1.74118,20.00000,13.00000,1099.00000,1,Baik
2026-09-06T06:08:17Z,2026-09-06 13:08:17,2184,27.90000,58.50000,0.00031,1.77645,20.00000,13.00000,1101.00000,1,Baik
2026-09-06T06:08:37Z,2026-09-06 13:08:37,2185,27.90000,59.70000,0.00031,1.85506,21.00000,13.00000,1106.00000,1,Baik
2026-09-06T06:08:57Z,2026-09-06 13:08:57,2186,28.00000,59.40000,0.00031,1.47896,17.00000,13.00000,1052.00000,1,Baik
2026-09-06T06:09:17Z,2026-09-06 13:09:17,2187,28.00000,58.40000,0.00031,1.74556,20.00000,13.00000,1073.00000,1,Baik
2026-09-06T06:09:37Z,2026-09-06 13:09:37,2188,28.00000,57.50000,0.00031,1.71427,19.00000,13.00000,1072.00000,1,Baik
2026-09-06T06:09:57Z,2026-09-06 13:09:57,2189,27.90000,56.80000,0.00031,1.54418,18.00000,13.00000,1076.00000,1,Baik
2026-09-06T06:10:17Z,2026-09-06 13:10:17,2190,27.90000,56.50000,0.00031,1.55226,18.00000,13.00000,1077.00000,1,Baik
2026-09-06T06:10:37Z,2026-09-06 13:10:37,2191,27.90000,56.90000,0.00031,1.55226,18.00000,13.00000,1079.00000,1,Baik
2026-09-06T06:10:57Z,2026-09-06 13:10:57,2192,27.90000,57.90000,0.00031,1.74556,20.00000,13.00000,1084.00000,1,Baik
2026-09-06T06:11:17Z,2026-09-06 13:11:17,2193,27.90000,58.70000,0.00031,1.73122,20.00000,13.00000,1088.00000,1,Baik
2026-09-06T06:11:37Z,2026-09-06 13:11:37,2194,27.80000,59.40000,0.00031,1.71572,19.00000,13.00000,1090.00000,1,Baik
2026-09-06T06:11:57Z,2026-09-06 13:11:57,2195,27.90000,60.10000,0.00031,1.82568,21.00000,13.00000,1099.00000,1,Baik
2026-09-06T06:12:17Z,2026-09-06 13:12:17,2196,27.90000,60.70000,0.00031,1.86359,21.00000,13.00000,1107.00000,1,Baik
2026-09-06T06:12:37Z,2026-09-06 13:12:37,2197,28.00000,61.10000,0.00031,1.88648,21.00000,13.00000,1127.00000,1,Baik
2026-09-06T06:12:57Z,2026-09-06 13:12:57,2198,28.00000,61.40000,0.00031,1.92281,22.00000,13.00000,1135.00000,1,Baik
2026-09-06T06:13:17Z,2026-09-06 13:13:17,2199,28.00000,61.60000,0.00031,1.91953,22.00000,13.00000,1133.00000,1,Baik
2026-09-06T06:13:37Z,2026-09-06 13:13:37,2200,28.10000,61.80000,0.00031,1.91953,22.00000,13.00000,1131.00000,1,Baik
2026-09-06T06:13:57Z,2026-09-06 13:13:57,2201,28.10000,62.00000,0.00031,1.84104,21.00000,13.00000,1126.00000,1,Baik
2026-09-06T06:14:17Z,2026-09-06 13:14:17,2202,28.10000,62.20000,0.00031,2.00655,23.00000,13.00000,1132.00000,1,Baik
2026-09-06T06:14:37Z,2026-09-06 13:14:37,2203,28.20000,62.30000,0.00031,2.00655,23.00000,13.00000,1131.00000,1,Baik
2026-09-06T06:14:57Z,2026-09-06 13:14:57,2204,28.20000,62.00000,0.00031,1.91953,22.00000,13.00000,1136.00000,1,Baik
2026-09-06T06:15:17Z,2026-09-06 13:15:17,2205,28.20000,61.70000,0.00031,1.92281,22.00000,13.00000,1152.00000,1,Baik
2026-09-06T06:15:37Z,2026-09-06 13:15:37,2206,28.20000,61.30000,0.00031,1.98304,23.00000,13.00000,1146.00000,1,Baik
2026-09-06T06:15:57Z,2026-09-06 13:15:57,2207,28.20000,60.80000,0.00031,1.98023,23.00000,13.00000,1145.00000,1,Baik
2026-09-06T06:16:17Z,2026-09-06 13:16:17,2208,28.20000,60.20000,0.00031,1.96767,22.00000,13.00000,1136.00000,1,Baik
2026-09-06T06:16:37Z,2026-09-06 13:16:37,2209,28.20000,59.80000,0.00031,1.97264,22.00000,13.00000,1130.00000,1,Baik
2026-09-06T06:16:57Z,2026-09-06 13:16:57,2210,28.20000,59.20000,0.00031,1.94090,22.00000,13.00000,1125.00000,1,Baik
2026-09-06T06:17:17Z,2026-09-06 13:17:17,2211,28.20000,58.70000,0.00031,1.90175,22.00000,13.00000,1121.00000,1,Baik
2026-09-06T06:17:37Z,2026-09-06 13:17:37,2212,28.10000,58.30000,0.00031,1.88041,21.00000,13.00000,1123.00000,1,Baik
2026-09-06T06:17:57Z,2026-09-06 13:17:57,2213,28.10000,57.80000,0.00031,1.92359,22.00000,13.00000,1120.00000,1,Baik
2026-09-06T06:18:17Z,2026-09-06 13:18:17,2214,28.10000,57.40000,0.00031,1.92359,22.00000,13.00000,1119.00000,1,Baik
2026-09-06T06:18:37Z,2026-09-06 13:18:37,2215,28.00000,56.90000,0.00031,1.92359,22.00000,13.00000,1115.00000,1,Baik
2026-09-06T06:18:57Z,2026-09-06 13:18:57,2216,27.90000,56.70000,0.00031,1.92359,22.00000,13.00000,1117.00000,1,Baik
2026-09-06T06:19:17Z,2026-09-06 13:19:17,2217,27.90000,56.30000,0.00031,1.92359,22.00000,13.00000,1119.00000,1,Baik
2026-09-06T06:19:37Z,2026-09-06 13:19:37,2218,27.90000,56.10000,0.00031,1.89317,22.00000,13.00000,1105.00000,1,Baik
2026-09-06T06:19:57Z,2026-09-06 13:19:57,2219,27.90000,55.70000,0.00031,1.92359,22.00000,13.00000,1114.00000,1,Baik
2026-09-06T06:20:17Z,2026-09-06 13:20:17,2220,27.80000,55.50000,0.00031,1.92038,22.00000,13.00000,1101.00000,1,Baik
2026-09-06T06:20:37Z,2026-09-06 13:20:37,2221,27.80000,55.30000,0.00031,1.92038,22.00000,13.00000,1104.00000,1,Baik
2026-09-06T06:20:57Z,2026-09-06 13:20:57,2222,27.70000,55.20000,0.00031,1.88247,21.00000,13.00000,1099.00000,1,Baik
2026-09-06T06:21:17Z,2026-09-06 13:21:17,2223,27.70000,55.90000,0.00031,1.92038,22.00000,13.00000,1101.00000,1,Baik
2026-09-06T06:21:37Z,2026-09-06 13:21:37,2224,27.70000,56.90000,0.00031,1.99418,23.00000,13.00000,1121.00000,1,Baik
2026-09-06T06:21:57Z,2026-09-06 13:21:57,2225,27.70000,58.00000,0.00031,1.91481,22.00000,13.00000,1119.00000,1,Baik
2026-09-06T06:22:17Z,2026-09-06 13:22:17,2226,27.70000,58.70000,0.00031,1.98320,23.00000,13.00000,1134.00000,1,Baik
2026-09-06T06:22:37Z,2026-09-06 13:22:37,2227,27.70000,59.50000,0.00031,1.99899,23.00000,13.00000,1134.00000,1,Baik
2026-09-06T06:22:57Z,2026-09-06 13:22:57,2228,27.70000,59.90000,0.00031,1.99899,23.00000,13.00000,1133.00000,1,Baik
2026-09-06T06:23:17Z,2026-09-06 13:23:17,2229,27.80000,60.50000,0.00031,1.96767,22.00000,13.00000,1126.00000,1,Baik
2026-09-06T06:23:37Z,2026-09-06 13:23:37,2230,27.80000,60.80000,0.00031,1.98153,23.00000,13.00000,1130.00000,1,Baik
2026-09-06T06:23:57Z,2026-09-06 13:23:57,2231,27.90000,61.00000,0.00031,1.97115,22.00000,13.00000,1133.00000,1,Baik
2026-09-06T06:24:17Z,2026-09-06 13:24:17,2232,27.90000,61.30000,0.00031,1.93537,22.00000,13.00000,1136.00000,1,Baik
2026-09-06T06:24:37Z,2026-09-06 13:24:37,2233,28.00000,61.40000,0.00031,1.98304,23.00000,13.00000,1146.00000,1,Baik
2026-09-06T06:24:57Z,2026-09-06 13:24:57,2234,28.00000,61.50000,0.00031,1.94309,22.00000,13.00000,1139.00000,1,Baik
2026-09-06T06:25:17Z,2026-09-06 13:25:17,2235,28.10000,61.50000,0.00031,1.96496,22.00000,13.00000,1140.00000,1,Baik
2026-09-06T06:25:37Z,2026-09-06 13:25:37,2236,28.10000,61.30000,0.00031,1.96496,22.00000,13.00000,1142.00000,1,Baik
2026-09-06T06:25:57Z,2026-09-06 13:25:57,2237,28.20000,61.10000,0.00031,1.97887,22.00000,13.00000,1138.00000,1,Baik
2026-09-06T06:26:17Z,2026-09-06 13:26:17,2238,28.20000,60.80000,0.00031,1.98795,23.00000,13.00000,1139.00000,1,Baik
2026-09-06T06:26:37Z,2026-09-06 13:26:37,2239,28.20000,60.30000,0.00031,1.98023,23.00000,13.00000,1138.00000,1,Baik
2026-09-06T06:26:57Z,2026-09-06 13:26:57,2240,28.20000,59.90000,0.00031,1.99899,23.00000,13.00000,1137.00000,1,Baik
2026-09-06T06:27:17Z,2026-09-06 13:27:17,2241,28.20000,59.40000,0.00031,2.02858,23.00000,13.00000,1142.00000,1,Baik
2026-09-06T06:27:38Z,2026-09-06 13:27:38,2242,28.20000,58.90000,0.00031,1.99092,23.00000,13.00000,1136.00000,1,Baik
2026-09-06T06:27:57Z,2026-09-06 13:27:57,2243,28.20000,58.80000,0.00031,2.03088,23.00000,13.00000,1139.00000,1,Baik
2026-09-06T06:28:17Z,2026-09-06 13:28:17,2244,28.20000,58.40000,0.00031,2.03088,23.00000,13.00000,1139.00000,1,Baik
2026-09-06T06:28:38Z,2026-09-06 13:28:38,2245,28.20000,57.70000,373.28568,2.05828,399.00000,85.00000,1143.00000,5,Berbahaya
2026-09-06T06:28:58Z,2026-09-06 13:28:58,2246,28.10000,57.30000,0.00031,2.28996,26.00000,13.00000,1136.00000,1,Baik
2026-09-06T06:29:18Z,2026-09-06 13:29:18,2247,28.10000,57.40000,0.00031,2.12282,24.00000,13.00000,1144.00000,1,Baik
2026-09-06T06:29:38Z,2026-09-06 13:29:38,2248,28.30000,59.10000,0.00031,2.15541,24.00000,13.00000,1143.00000,1,Baik
2026-09-06T06:29:58Z,2026-09-06 13:29:58,2249,28.30000,57.00000,0.00031,2.03373,23.00000,13.00000,1134.00000,1,Baik
2026-09-06T06:30:18Z,2026-09-06 13:30:18,2250,28.30000,55.80000,0.00031,2.17264,25.00000,13.00000,1130.00000,1,Baik
2026-09-06T06:30:38Z,2026-09-06 13:30:38,2251,28.20000,55.20000,0.00031,2.01347,23.00000,13.00000,1095.00000,1,Baik
2026-09-06T06:30:58Z,2026-09-06 13:30:58,2252,28.10000,55.50000,0.00031,1.57134,18.00000,13.00000,1046.00000,1,Baik
2026-09-06T06:31:30Z,2026-09-06 13:31:30,2253,28.00000,55.30000,0.00031,1.37633,16.00000,13.00000,1093.00000,1,Baik
2026-09-06T06:31:50Z,2026-09-06 13:31:50,2254,27.90000,56.10000,0.00031,1.29851,15.00000,13.00000,994.00000,1,Baik
2026-09-06T06:32:10Z,2026-09-06 13:32:10,2255,27.90000,57.20000,0.00031,1.35074,15.00000,13.00000,982.00000,1,Baik
2026-09-06T06:32:30Z,2026-09-06 13:32:30,2256,27.90000,58.50000,0.00031,1.29851,15.00000,13.00000,997.00000,1,Baik
2026-09-06T06:32:50Z,2026-09-06 13:32:50,2257,27.90000,59.30000,0.00031,1.29851,15.00000,13.00000,994.00000,1,Baik
2026-09-06T06:33:10Z,2026-09-06 13:33:10,2258,28.00000,59.30000,0.00031,1.35074,15.00000,13.00000,981.00000,1,Baik
2026-09-06T06:33:30Z,2026-09-06 13:33:30,2259,28.10000,59.70000,0.00031,1.37291,16.00000,13.00000,976.00000,1,Baik
2026-09-06T06:33:50Z,2026-09-06 13:33:50,2260,28.10000,60.10000,0.00031,1.36690,16.00000,13.00000,976.00000,1,Baik
2026-09-06T06:34:10Z,2026-09-06 13:34:10,2261,28.10000,60.30000,0.00031,1.36690,16.00000,13.00000,974.00000,1,Baik
2026-09-06T06:34:30Z,2026-09-06 13:34:30,2262,28.20000,60.60000,0.00031,1.44915,16.00000,13.00000,979.00000,1,Baik
2026-09-06T06:34:50Z,2026-09-06 13:34:50,2263,28.20000,60.90000,0.00031,1.50072,17.00000,13.00000,987.00000,1,Baik
2026-09-06T06:35:10Z,2026-09-06 13:35:10,2264,28.20000,60.90000,0.00031,1.51228,17.00000,13.00000,989.00000,1,Baik
2026-09-06T06:35:30Z,2026-09-06 13:35:30,2265,28.30000,60.90000,0.00031,1.51895,17.00000,13.00000,1002.00000,1,Baik
2026-09-06T06:35:50Z,2026-09-06 13:35:50,2266,28.30000,61.00000,0.00031,1.51895,17.00000,13.00000,990.00000,1,Baik
2026-09-06T06:36:10Z,2026-09-06 13:36:10,2267,28.30000,60.80000,0.00031,1.51170,17.00000,13.00000,990.00000,1,Baik
2026-09-06T06:36:30Z,2026-09-06 13:36:30,2268,28.40000,60.50000,0.00031,1.51957,17.00000,13.00000,976.00000,1,Baik
2026-09-06T06:36:50Z,2026-09-06 13:36:50,2269,28.40000,60.00000,0.00031,1.51895,17.00000,13.00000,979.00000,1,Baik
2026-09-06T06:37:10Z,2026-09-06 13:37:10,2270,28.40000,59.70000,0.00031,1.51957,17.00000,13.00000,980.00000,1,Baik
2026-09-06T06:37:30Z,2026-09-06 13:37:30,2271,28.40000,59.10000,0.00031,1.51170,17.00000,13.00000,985.00000,1,Baik
2026-09-06T06:37:50Z,2026-09-06 13:37:50,2272,28.40000,58.70000,0.00031,1.53090,17.00000,13.00000,980.00000,1,Baik
2026-09-06T06:38:10Z,2026-09-06 13:38:10,2273,28.40000,58.20000,0.00031,1.54084,18.00000,13.00000,989.00000,1,Baik
2026-09-06T06:38:30Z,2026-09-06 13:38:30,2274,28.30000,57.70000,0.00031,1.54524,18.00000,13.00000,977.00000,1,Baik
2026-09-06T06:38:50Z,2026-09-06 13:38:50,2275,28.30000,57.20000,0.00031,1.54524,18.00000,13.00000,976.00000,1,Baik
2026-09-06T06:39:10Z,2026-09-06 13:39:10,2276,28.30000,56.90000,0.00031,1.54524,18.00000,13.00000,971.00000,1,Baik
2026-09-06T06:39:30Z,2026-09-06 13:39:30,2277,28.20000,56.50000,0.00031,1.53736,17.00000,13.00000,980.00000,1,Baik
2026-09-06T06:39:50Z,2026-09-06 13:39:50,2278,28.10000,56.30000,0.00031,1.53736,17.00000,13.00000,976.00000,1,Baik
2026-09-06T06:40:10Z,2026-09-06 13:40:10,2279,28.10000,56.00000,0.00031,1.54991,18.00000,13.00000,992.00000,1,Baik
2026-09-06T06:40:30Z,2026-09-06 13:40:30,2280,28.10000,55.80000,0.00031,1.55779,18.00000,13.00000,976.00000,1,Baik
2026-09-06T06:40:50Z,2026-09-06 13:40:50,2281,28.00000,55.60000,0.00031,1.52660,17.00000,13.00000,976.00000,1,Baik
2026-09-06T06:41:10Z,2026-09-06 13:41:10,2282,28.00000,55.30000,0.00031,1.53859,17.00000,13.00000,976.00000,1,Baik
2026-09-06T06:41:30Z,2026-09-06 13:41:30,2283,27.90000,55.00000,0.00031,1.53859,17.00000,13.00000,975.00000,1,Baik
2026-09-06T06:41:50Z,2026-09-06 13:41:50,2284,27.90000,54.80000,0.00031,1.54010,18.00000,13.00000,974.00000,1,Baik
2026-09-06T06:42:10Z,2026-09-06 13:42:10,2285,27.80000,55.20000,0.00031,1.54010,18.00000,13.00000,971.00000,1,Baik
2026-09-06T06:42:30Z,2026-09-06 13:42:30,2286,27.80000,55.90000,0.00031,1.54010,18.00000,13.00000,975.00000,1,Baik
2026-09-06T06:42:50Z,2026-09-06 13:42:50,2287,27.80000,57.10000,0.00031,1.52604,17.00000,13.00000,977.00000,1,Baik
2026-09-06T06:43:10Z,2026-09-06 13:43:10,2288,27.80000,58.00000,0.00031,1.51405,17.00000,13.00000,983.00000,1,Baik
2026-09-06T06:43:30Z,2026-09-06 13:43:30,2289,27.80000,58.80000,0.00031,1.49971,17.00000,13.00000,991.00000,1,Baik
2026-09-06T06:43:50Z,2026-09-06 13:43:50,2290,27.90000,59.40000,0.00031,1.48838,17.00000,13.00000,993.00000,1,Baik
2026-09-06T06:44:10Z,2026-09-06 13:44:10,2291,27.90000,59.90000,0.00031,1.48051,17.00000,13.00000,1001.00000,1,Baik
2026-09-06T06:44:30Z,2026-09-06 13:44:30,2292,28.00000,60.30000,0.00031,1.48399,17.00000,13.00000,1001.00000,1,Baik
2026-09-06T06:44:50Z,2026-09-06 13:44:50,2293,28.00000,60.60000,0.00031,1.48399,17.00000,13.00000,999.00000,1,Baik
2026-09-06T06:45:10Z,2026-09-06 13:45:10,2294,28.00000,60.90000,0.00031,1.49145,17.00000,13.00000,1008.00000,1,Baik
2026-09-06T06:45:30Z,2026-09-06 13:45:30,2295,28.10000,61.00000,0.00031,1.51518,17.00000,13.00000,1005.00000,1,Baik
2026-09-06T06:45:50Z,2026-09-06 13:45:50,2296,28.10000,61.10000,0.00031,1.52264,17.00000,13.00000,1011.00000,1,Baik
2026-09-06T06:46:10Z,2026-09-06 13:46:10,2297,28.20000,61.20000,0.00031,1.52264,17.00000,13.00000,1011.00000,1,Baik
2026-09-06T06:46:30Z,2026-09-06 13:46:30,2298,28.20000,61.00000,0.00031,1.51518,17.00000,13.00000,1008.00000,1,Baik
2026-09-06T06:46:50Z,2026-09-06 13:46:50,2299,28.30000,60.70000,0.00031,1.51170,17.00000,13.00000,1008.00000,1,Baik
2026-09-06T06:47:10Z,2026-09-06 13:47:10,2300,28.30000,60.30000,0.00031,1.51170,17.00000,13.00000,1007.00000,1,Baik
2026-09-06T06:47:30Z,2026-09-06 13:47:30,2301,28.30000,59.90000,0.00031,1.51518,17.00000,13.00000,1009.00000,1,Baik
2026-09-06T06:47:50Z,2026-09-06 13:47:50,2302,28.30000,59.30000,0.00031,1.51957,17.00000,13.00000,1002.00000,1,Baik
2026-09-06T06:48:10Z,2026-09-06 13:48:10,2303,28.40000,58.90000,0.00031,1.52303,17.00000,13.00000,1006.00000,1,Baik
2026-09-06T06:48:30Z,2026-09-06 13:48:30,2304,28.30000,58.40000,0.00031,1.54084,18.00000,13.00000,1008.00000,1,Baik
2026-09-06T06:48:50Z,2026-09-06 13:48:50,2305,28.30000,57.90000,0.00031,1.53736,17.00000,13.00000,1012.00000,1,Baik
2026-09-06T06:49:10Z,2026-09-06 13:49:10,2306,28.30000,57.40000,0.00031,1.53736,17.00000,13.00000,1008.00000,1,Baik
2026-09-06T06:49:30Z,2026-09-06 13:49:30,2307,28.20000,57.00000,0.00031,1.53736,17.00000,13.00000,1011.00000,1,Baik
2026-09-06T06:49:50Z,2026-09-06 13:49:50,2308,28.20000,56.70000,0.00031,1.54524,18.00000,13.00000,999.00000,1,Baik
2026-09-06T06:50:10Z,2026-09-06 13:50:10,2309,28.20000,56.40000,0.00031,1.54524,18.00000,13.00000,1003.00000,1,Baik
2026-09-06T06:50:30Z,2026-09-06 13:50:30,2310,28.10000,56.10000,0.00031,1.54524,18.00000,13.00000,1001.00000,1,Baik
2026-09-06T06:50:50Z,2026-09-06 13:50:50,2311,28.10000,55.80000,0.00031,1.56978,18.00000,13.00000,997.00000,1,Baik
2026-09-06T06:51:10Z,2026-09-06 13:51:10,2312,28.10000,55.60000,0.00031,1.57129,18.00000,13.00000,986.00000,1,Baik
2026-09-06T06:51:30Z,2026-09-06 13:51:30,2313,28.00000,55.40000,0.00031,1.52188,17.00000,13.00000,981.00000,1,Baik
2026-09-06T06:51:50Z,2026-09-06 13:51:50,2314,28.00000,55.20000,0.00031,1.53358,17.00000,13.00000,987.00000,1,Baik
2026-09-06T06:52:10Z,2026-09-06 13:52:10,2315,27.90000,54.90000,0.00031,1.49542,17.00000,13.00000,974.00000,1,Baik
2026-09-06T06:52:30Z,2026-09-06 13:52:30,2316,27.90000,54.80000,0.00031,1.42715,16.00000,13.00000,965.00000,1,Baik
2026-09-06T06:52:50Z,2026-09-06 13:52:50,2317,27.80000,55.40000,0.00031,1.42715,16.00000,13.00000,966.00000,1,Baik
2026-09-06T06:53:10Z,2026-09-06 13:53:10,2318,27.80000,56.40000,0.00031,1.42635,16.00000,13.00000,965.00000,1,Baik
2026-09-06T06:53:33Z,2026-09-06 13:53:33,2319,27.80000,57.40000,0.00031,1.49676,17.00000,13.00000,964.00000,1,Baik
2026-09-06T06:53:50Z,2026-09-06 13:53:50,2320,27.80000,58.20000,0.00031,1.44663,16.00000,13.00000,967.00000,1,Baik
2026-09-06T06:54:10Z,2026-09-06 13:54:10,2321,27.90000,59.00000,0.00031,1.44915,16.00000,13.00000,967.00000,1,Baik
2026-09-06T06:54:30Z,2026-09-06 13:54:30,2322,27.90000,59.60000,0.00031,1.43727,16.00000,13.00000,974.00000,1,Baik
2026-09-06T06:54:50Z,2026-09-06 13:54:50,2323,27.90000,60.10000,0.00031,1.43229,16.00000,13.00000,978.00000,1,Baik
2026-09-06T06:55:10Z,2026-09-06 13:55:10,2324,28.00000,60.40000,0.00031,1.43727,16.00000,13.00000,978.00000,1,Baik
2026-09-06T06:55:30Z,2026-09-06 13:55:30,2325,28.00000,60.60000,0.00031,1.46880,17.00000,13.00000,981.00000,1,Baik
2026-09-06T06:55:50Z,2026-09-06 13:55:50,2326,28.10000,60.90000,0.00031,1.51242,17.00000,13.00000,997.00000,1,Baik
2026-09-06T06:56:10Z,2026-09-06 13:56:10,2327,28.10000,60.90000,0.00031,1.51242,17.00000,13.00000,992.00000,1,Baik
2026-09-06T06:56:30Z,2026-09-06 13:56:30,2328,28.20000,61.00000,0.00031,1.53157,17.00000,13.00000,994.00000,1,Baik
2026-09-06T06:56:50Z,2026-09-06 13:56:50,2329,28.20000,61.00000,0.00031,1.51957,17.00000,13.00000,1008.00000,1,Baik
2026-09-06T06:57:10Z,2026-09-06 13:57:10,2330,28.30000,60.70000,0.00031,1.53157,17.00000,13.00000,1003.00000,1,Baik
2026-09-06T06:57:30Z,2026-09-06 13:57:30,2331,28.30000,60.40000,0.00031,1.44288,16.00000,13.00000,982.00000,1,Baik
2026-09-06T06:57:50Z,2026-09-06 13:57:50,2332,28.30000,60.10000,0.00031,1.44197,16.00000,13.00000,971.00000,1,Baik
2026-09-06T06:58:10Z,2026-09-06 13:58:10,2333,28.40000,59.50000,0.00031,1.44197,16.00000,13.00000,974.00000,1,Baik
2026-09-06T06:58:30Z,2026-09-06 13:58:30,2334,28.40000,59.30000,0.00031,1.44197,16.00000,13.00000,970.00000,1,Baik
2026-09-06T06:58:50Z,2026-09-06 13:58:50,2335,28.40000,58.70000,0.00031,1.38061,16.00000,13.00000,961.00000,1,Baik
2026-09-06T06:59:10Z,2026-09-06 13:59:10,2336,28.40000,58.20000,0.00031,1.38061,16.00000,13.00000,957.00000,1,Baik
2026-09-06T06:59:30Z,2026-09-06 13:59:30,2337,28.30000,57.80000,0.00031,1.38061,16.00000,13.00000,953.00000,1,Baik
2026-09-06T06:59:51Z,2026-09-06 13:59:51,2338,28.30000,57.40000,0.00031,1.36690,16.00000,13.00000,947.00000,1,Baik
2026-09-06T07:00:10Z,2026-09-06 14:00:10,2339,28.30000,57.10000,0.00031,1.36690,16.00000,13.00000,950.00000,1,Baik
2026-09-06T07:00:30Z,2026-09-06 14:00:30,2340,28.30000,56.70000,0.00031,1.36690,16.00000,13.00000,944.00000,1,Baik
2026-09-06T07:00:50Z,2026-09-06 14:00:50,2341,28.20000,56.40000,0.00031,1.37460,16.00000,13.00000,942.00000,1,Baik
2026-09-06T07:01:10Z,2026-09-06 14:01:10,2342,28.20000,56.10000,0.00031,1.27907,15.00000,13.00000,935.00000,1,Baik
2026-09-06T07:01:30Z,2026-09-06 14:01:30,2343,28.10000,55.80000,0.00031,1.34403,15.00000,13.00000,929.00000,1,Baik
2026-09-06T07:01:50Z,2026-09-06 14:01:50,2344,28.10000,55.50000,0.00031,1.21287,14.00000,13.00000,930.00000,1,Baik
2026-09-06T07:02:10Z,2026-09-06 14:02:10,2345,28.10000,55.30000,0.00031,1.39778,16.00000,13.00000,916.00000,1,Baik
2026-09-06T07:02:30Z,2026-09-06 14:02:30,2346,28.00000,55.00000,0.00031,1.40371,16.00000,13.00000,918.00000,1,Baik
2026-09-06T07:02:50Z,2026-09-06 14:02:50,2347,28.00000,54.90000,0.00031,1.41823,16.00000,13.00000,917.00000,1,Baik
2026-09-06T07:03:10Z,2026-09-06 14:03:10,2348,27.90000,54.90000,0.00031,1.36089,15.00000,13.00000,918.00000,1,Baik
2026-09-06T07:03:30Z,2026-09-06 14:03:30,2349,27.90000,55.90000,0.00031,1.29732,15.00000,13.00000,923.00000,1,Baik
2026-09-06T07:03:50Z,2026-09-06 14:03:50,2350,27.90000,57.00000,0.00031,1.33507,15.00000,13.00000,925.00000,1,Baik
2026-09-06T07:04:10Z,2026-09-06 14:04:10,2351,27.90000,57.90000,0.00031,1.39437,16.00000,13.00000,937.00000,1,Baik
2026-09-06T07:04:30Z,2026-09-06 14:04:30,2352,28.00000,58.70000,0.00031,1.39435,16.00000,13.00000,943.00000,1,Baik
2026-09-06T07:04:50Z,2026-09-06 14:04:50,2353,28.00000,59.20000,0.00031,1.37291,16.00000,13.00000,947.00000,1,Baik
2026-09-06T07:05:10Z,2026-09-06 14:05:10,2354,28.10000,59.90000,0.00031,1.36690,16.00000,13.00000,945.00000,1,Baik
2026-09-06T07:05:30Z,2026-09-06 14:05:30,2355,28.10000,60.20000,0.00031,1.36690,16.00000,13.00000,949.00000,1,Baik
2026-09-06T07:05:50Z,2026-09-06 14:05:50,2356,28.20000,60.50000,0.00031,1.37460,16.00000,13.00000,948.00000,1,Baik
2026-09-06T07:06:10Z,2026-09-06 14:06:10,2357,28.20000,60.70000,0.00031,1.36690,16.00000,13.00000,955.00000,1,Baik
2026-09-06T07:06:33Z,2026-09-06 14:06:33,2358,28.30000,60.90000,0.00031,1.36690,16.00000,13.00000,957.00000,1,Baik
2026-09-06T07:06:50Z,2026-09-06 14:06:50,2359,28.30000,61.00000,0.00031,1.38061,16.00000,13.00000,962.00000,1,Baik
2026-09-06T07:07:10Z,2026-09-06 14:07:10,2360,28.40000,61.10000,0.00031,1.38061,16.00000,13.00000,961.00000,1,Baik
2026-09-06T07:07:30Z,2026-09-06 14:07:30,2361,28.40000,61.00000,0.00031,1.38061,16.00000,13.00000,962.00000,1,Baik
2026-09-06T07:07:50Z,2026-09-06 14:07:50,2362,28.50000,60.70000,0.00031,1.38061,16.00000,13.00000,961.00000,1,Baik
2026-09-06T07:08:10Z,2026-09-06 14:08:10,2363,28.50000,60.30000,0.00031,1.38061,16.00000,13.00000,963.00000,1,Baik
2026-09-06T07:08:30Z,2026-09-06 14:08:30,2364,28.50000,59.90000,0.00031,1.38061,16.00000,13.00000,967.00000,1,Baik
2026-09-06T07:08:50Z,2026-09-06 14:08:50,2365,28.50000,59.30000,0.00031,1.38061,16.00000,13.00000,963.00000,1,Baik
2026-09-06T07:09:10Z,2026-09-06 14:09:10,2366,28.50000,58.90000,0.00031,1.38061,16.00000,13.00000,961.00000,1,Baik
2026-09-06T07:09:30Z,2026-09-06 14:09:30,2367,28.50000,58.50000,0.00031,1.38061,16.00000,13.00000,962.00000,1,Baik
2026-09-06T07:09:50Z,2026-09-06 14:09:50,2368,28.50000,58.00000,0.00031,1.36690,16.00000,13.00000,961.00000,1,Baik
2026-09-06T07:10:10Z,2026-09-06 14:10:10,2369,28.50000,57.50000,0.00031,1.36690,16.00000,13.00000,959.00000,1,Baik
2026-09-06T07:10:30Z,2026-09-06 14:10:30,2370,28.40000,57.20000,0.00031,1.36690,16.00000,13.00000,959.00000,1,Baik
2026-09-06T07:10:50Z,2026-09-06 14:10:50,2371,28.40000,56.90000,0.00031,1.36690,16.00000,13.00000,954.00000,1,Baik
2026-09-06T07:11:10Z,2026-09-06 14:11:10,2372,28.40000,56.50000,0.00031,1.36690,16.00000,13.00000,951.00000,1,Baik
2026-09-06T07:11:30Z,2026-09-06 14:11:30,2373,28.40000,56.20000,0.00031,1.35804,15.00000,13.00000,949.00000,1,Baik
2026-09-06T07:11:50Z,2026-09-06 14:11:50,2374,28.30000,55.90000,0.00031,1.33032,15.00000,13.00000,947.00000,1,Baik
2026-09-06T07:12:10Z,2026-09-06 14:12:10,2375,28.30000,55.60000,0.00031,1.33032,15.00000,13.00000,944.00000,1,Baik
2026-09-06T07:12:30Z,2026-09-06 14:12:30,2376,28.20000,55.30000,0.00031,1.37032,16.00000,13.00000,946.00000,1,Baik
2026-09-06T07:12:50Z,2026-09-06 14:12:50,2377,28.20000,55.10000,0.00031,1.37032,16.00000,13.00000,943.00000,1,Baik
2026-09-06T07:13:10Z,2026-09-06 14:13:10,2378,28.10000,55.00000,0.00031,1.32621,15.00000,13.00000,939.00000,1,Baik
2026-09-06T07:13:30Z,2026-09-06 14:13:30,2379,28.10000,54.80000,0.00031,1.37032,16.00000,13.00000,937.00000,1,Baik
2026-09-06T07:13:50Z,2026-09-06 14:13:50,2380,28.10000,55.10000,0.00031,1.37032,16.00000,13.00000,945.00000,1,Baik
2026-09-06T07:14:10Z,2026-09-06 14:14:10,2381,28.00000,56.00000,0.00031,1.27407,14.00000,13.00000,944.00000,1,Baik
2026-09-06T07:14:30Z,2026-09-06 14:14:30,2382,28.10000,57.00000,0.00031,1.38742,16.00000,13.00000,950.00000,1,Baik
2026-09-06T07:14:50Z,2026-09-06 14:14:50,2383,28.10000,57.90000,0.00031,1.44720,16.00000,13.00000,961.00000,1,Baik
2026-09-06T07:15:10Z,2026-09-06 14:15:10,2384,28.10000,58.70000,0.00031,1.43538,16.00000,13.00000,965.00000,1,Baik
2026-09-06T07:15:30Z,2026-09-06 14:15:30,2385,28.10000,59.40000,0.00031,1.44197,16.00000,13.00000,966.00000,1,Baik
2026-09-06T07:15:50Z,2026-09-06 14:15:50,2386,28.20000,59.80000,0.00031,1.44915,16.00000,13.00000,969.00000,1,Baik
2026-09-06T07:16:10Z,2026-09-06 14:16:10,2387,28.20000,60.20000,0.00031,1.44197,16.00000,13.00000,974.00000,1,Baik
2026-09-06T07:16:30Z,2026-09-06 14:16:30,2388,28.30000,60.50000,0.00031,1.43229,16.00000,13.00000,978.00000,1,Baik
2026-09-06T07:16:50Z,2026-09-06 14:16:50,2389,28.30000,60.80000,0.00031,1.46529,17.00000,13.00000,979.00000,1,Baik
2026-09-06T07:17:10Z,2026-09-06 14:17:10,2390,28.40000,61.00000,0.00031,1.51242,17.00000,13.00000,992.00000,1,Baik
2026-09-06T07:17:30Z,2026-09-06 14:17:30,2391,28.40000,61.00000,0.00031,1.51895,17.00000,13.00000,1001.00000,1,Baik
2026-09-06T07:17:50Z,2026-09-06 14:17:50,2392,28.50000,61.00000,0.00031,1.51242,17.00000,13.00000,989.00000,1,Baik
2026-09-06T07:18:10Z,2026-09-06 14:18:10,2393,28.50000,60.90000,0.00031,1.50072,17.00000,13.00000,992.00000,1,Baik
2026-09-06T07:18:30Z,2026-09-06 14:18:30,2394,28.60000,60.50000,0.00031,1.48021,17.00000,13.00000,995.00000,1,Baik
2026-09-06T07:18:50Z,2026-09-06 14:18:50,2395,28.60000,60.20000,0.00031,1.43727,16.00000,13.00000,983.00000,1,Baik
2026-09-06T07:19:10Z,2026-09-06 14:19:10,2396,28.60000,59.70000,0.00031,1.46529,17.00000,13.00000,964.00000,1,Baik
2026-09-06T07:19:30Z,2026-09-06 14:19:30,2397,28.70000,59.10000,0.00031,1.43229,16.00000,13.00000,982.00000,1,Baik
2026-09-06T07:19:50Z,2026-09-06 14:19:50,2398,28.70000,58.70000,0.00031,1.44915,16.00000,13.00000,979.00000,1,Baik
2026-09-06T07:20:10Z,2026-09-06 14:20:10,2399,28.60000,58.10000,0.00031,1.38742,16.00000,13.00000,979.00000,1,Baik
2026-09-06T07:20:30Z,2026-09-06 14:20:30,2400,28.60000,57.70000,0.00031,1.47368,17.00000,13.00000,975.00000,1,Baik
2026-09-06T07:20:50Z,2026-09-06 14:20:50,2401,28.60000,57.30000,0.00031,1.48049,17.00000,13.00000,969.00000,1,Baik
2026-09-06T07:21:10Z,2026-09-06 14:21:10,2402,28.60000,56.90000,0.00031,1.36690,16.00000,13.00000,961.00000,1,Baik
2026-09-06T07:21:30Z,2026-09-06 14:21:30,2403,28.50000,56.60000,0.00031,1.38742,16.00000,13.00000,973.00000,1,Baik
2026-09-06T07:21:50Z,2026-09-06 14:21:50,2404,28.50000,56.20000,0.00031,1.36405,16.00000,13.00000,941.00000,1,Baik
2026-09-06T07:22:10Z,2026-09-06 14:22:10,2405,28.40000,55.80000,0.00031,1.33032,15.00000,13.00000,947.00000,1,Baik
2026-09-06T07:22:30Z,2026-09-06 14:22:30,2406,28.40000,55.60000,0.00031,1.34403,15.00000,13.00000,946.00000,1,Baik
2026-09-06T07:22:50Z,2026-09-06 14:22:50,2407,28.40000,55.40000,0.00031,1.38403,16.00000,13.00000,951.00000,1,Baik
2026-09-06T07:23:10Z,2026-09-06 14:23:10,2408,28.30000,55.20000,0.00031,1.38403,16.00000,13.00000,954.00000,1,Baik
2026-09-06T07:23:30Z,2026-09-06 14:23:30,2409,28.30000,54.90000,0.00031,1.38403,16.00000,13.00000,954.00000,1,Baik
2026-09-06T07:23:50Z,2026-09-06 14:23:50,2410,28.30000,54.70000,0.00031,1.38403,16.00000,13.00000,947.00000,1,Baik
2026-09-06T07:24:10Z,2026-09-06 14:24:10,2411,28.20000,54.60000,0.00031,1.37032,16.00000,13.00000,943.00000,1,Baik
2026-09-06T07:24:30Z,2026-09-06 14:24:30,2412,28.20000,55.10000,0.00031,1.38403,16.00000,13.00000,945.00000,1,Baik
2026-09-06T07:24:50Z,2026-09-06 14:24:50,2413,28.20000,56.00000,0.00031,1.28778,15.00000,13.00000,948.00000,1,Baik
2026-09-06T07:25:10Z,2026-09-06 14:25:10,2414,28.20000,57.10000,0.00031,1.47617,17.00000,13.00000,947.00000,1,Baik
2026-09-06T07:25:30Z,2026-09-06 14:25:30,2415,28.20000,58.00000,0.00031,1.44040,16.00000,13.00000,958.00000,1,Baik
2026-09-06T07:25:50Z,2026-09-06 14:25:50,2416,28.20000,58.70000,0.00031,1.44288,16.00000,13.00000,957.00000,1,Baik
2026-09-06T07:26:10Z,2026-09-06 14:26:10,2417,28.30000,59.30000,0.00031,1.44197,16.00000,13.00000,961.00000,1,Baik
2026-09-06T07:26:30Z,2026-09-06 14:26:30,2418,28.30000,59.80000,0.00031,1.44197,16.00000,13.00000,961.00000,1,Baik
2026-09-06T07:26:50Z,2026-09-06 14:26:50,2419,28.40000,60.20000,0.00031,1.44197,16.00000,13.00000,966.00000,1,Baik
2026-09-06T07:27:10Z,2026-09-06 14:27:10,2420,28.40000,60.50000,0.00031,1.44915,16.00000,13.00000,969.00000,1,Baik
2026-09-06T07:27:30Z,2026-09-06 14:27:30,2421,28.40000,60.60000,0.00031,1.44915,16.00000,13.00000,970.00000,1,Baik
2026-09-06T07:27:50Z,2026-09-06 14:27:50,2422,28.50000,60.60000,0.00031,1.43229,16.00000,13.00000,976.00000,1,Baik
2026-09-06T07:28:10Z,2026-09-06 14:28:10,2423,28.50000,60.60000,0.00031,1.43229,16.00000,13.00000,976.00000,1,Baik
2026-09-06T07:28:30Z,2026-09-06 14:28:30,2424,28.60000,60.70000,0.00031,1.46529,17.00000,13.00000,976.00000,1,Baik
2026-09-06T07:28:50Z,2026-09-06 14:28:50,2425,28.60000,60.50000,0.00031,1.43229,16.00000,13.00000,976.00000,1,Baik
2026-09-06T07:29:10Z,2026-09-06 14:29:10,2426,28.60000,60.20000,0.00031,1.46529,17.00000,13.00000,975.00000,1,Baik
2026-09-06T07:29:30Z,2026-09-06 14:29:30,2427,28.60000,59.80000,0.00031,1.44915,16.00000,13.00000,979.00000,1,Baik
2026-09-06T07:29:50Z,2026-09-06 14:29:50,2428,28.60000,59.40000,0.00031,1.43229,16.00000,13.00000,976.00000,1,Baik
2026-09-06T07:30:10Z,2026-09-06 14:30:10,2429,28.60000,58.90000,0.00031,1.44197,16.00000,13.00000,975.00000,1,Baik
2026-09-06T07:30:30Z,2026-09-06 14:30:30,2430,28.60000,58.50000,0.00031,1.44720,16.00000,13.00000,971.00000,1,Baik
2026-09-06T07:30:50Z,2026-09-06 14:30:50,2431,28.60000,58.00000,0.00031,1.45630,17.00000,13.00000,972.00000,1,Baik
2026-09-06T07:31:10Z,2026-09-06 14:31:10,2432,28.50000,57.60000,0.00031,1.48049,17.00000,13.00000,971.00000,1,Baik
2026-09-06T07:31:30Z,2026-09-06 14:31:30,2433,28.50000,57.20000,0.00031,1.48049,17.00000,13.00000,963.00000,1,Baik
2026-09-06T07:31:50Z,2026-09-06 14:31:50,2434,28.50000,56.80000,0.00031,1.38061,16.00000,13.00000,961.00000,1,Baik
2026-09-06T07:32:10Z,2026-09-06 14:32:10,2435,28.40000,56.30000,0.00031,1.37175,16.00000,13.00000,957.00000,1,Baik
2026-09-06T07:32:30Z,2026-09-06 14:32:30,2436,28.30000,56.10000,0.00031,1.28507,15.00000,13.00000,951.00000,1,Baik
2026-09-06T07:32:50Z,2026-09-06 14:32:50,2437,28.20000,55.80000,0.00031,1.33032,15.00000,13.00000,944.00000,1,Baik
2026-09-06T07:33:10Z,2026-09-06 14:33:10,2438,28.20000,55.60000,0.00031,1.33032,15.00000,13.00000,944.00000,1,Baik
2026-09-06T07:33:30Z,2026-09-06 14:33:30,2439,28.10000,55.40000,0.00031,1.37032,16.00000,13.00000,941.00000,1,Baik
2026-09-06T07:33:50Z,2026-09-06 14:33:50,2440,28.00000,55.10000,0.00031,1.37032,16.00000,13.00000,942.00000,1,Baik
2026-09-06T07:34:10Z,2026-09-06 14:34:10,2441,28.00000,55.00000,0.00031,1.37032,16.00000,13.00000,942.00000,1,Baik
2026-09-06T07:34:30Z,2026-09-06 14:34:30,2442,27.90000,54.70000,0.00031,1.37032,16.00000,13.00000,938.00000,1,Baik
2026-09-06T07:34:50Z,2026-09-06 14:34:50,2443,27.90000,54.80000,0.00031,1.37032,16.00000,13.00000,939.00000,1,Baik
2026-09-06T07:35:10Z,2026-09-06 14:35:10,2444,27.80000,55.60000,0.00031,1.33032,15.00000,13.00000,941.00000,1,Baik
2026-09-06T07:35:30Z,2026-09-06 14:35:30,2445,27.80000,56.60000,0.00031,1.36690,16.00000,13.00000,940.00000,1,Baik
2026-09-06T07:35:50Z,2026-09-06 14:35:50,2446,27.80000,57.40000,0.00031,1.38061,16.00000,13.00000,944.00000,1,Baik
2026-09-06T07:36:10Z,2026-09-06 14:36:10,2447,27.80000,58.40000,0.00031,1.38061,16.00000,13.00000,944.00000,1,Baik
2026-09-06T07:36:30Z,2026-09-06 14:36:30,2448,27.80000,59.00000,0.00031,1.38061,16.00000,13.00000,945.00000,1,Baik
2026-09-06T07:36:50Z,2026-09-06 14:36:50,2449,27.90000,59.50000,0.00031,1.44288,16.00000,13.00000,958.00000,1,Baik
2026-09-06T07:37:11Z,2026-09-06 14:37:11,2450,27.90000,60.00000,0.00031,1.44915,16.00000,13.00000,954.00000,1,Baik
2026-09-06T07:37:30Z,2026-09-06 14:37:30,2451,27.90000,60.40000,0.00031,1.38061,16.00000,13.00000,959.00000,1,Baik
2026-09-06T07:37:50Z,2026-09-06 14:37:50,2452,27.90000,60.70000,0.00031,1.38061,16.00000,13.00000,960.00000,1,Baik
2026-09-06T07:38:10Z,2026-09-06 14:38:10,2453,28.00000,61.00000,0.00031,1.38061,16.00000,13.00000,961.00000,1,Baik
2026-09-06T07:38:30Z,2026-09-06 14:38:30,2454,28.00000,61.00000,0.00031,1.44288,16.00000,13.00000,963.00000,1,Baik
2026-09-06T07:38:50Z,2026-09-06 14:38:50,2455,28.10000,61.10000,0.00031,1.44288,16.00000,13.00000,966.00000,1,Baik
2026-09-06T07:39:10Z,2026-09-06 14:39:10,2456,28.10000,61.20000,0.00031,1.43229,16.00000,13.00000,973.00000,1,Baik
2026-09-06T07:39:30Z,2026-09-06 14:39:30,2457,28.10000,60.90000,0.00031,1.46529,17.00000,13.00000,976.00000,1,Baik
2026-09-06T07:39:50Z,2026-09-06 14:39:50,2458,28.20000,60.60000,0.00031,1.44197,16.00000,13.00000,969.00000,1,Baik
2026-09-06T07:40:10Z,2026-09-06 14:40:10,2459,28.20000,60.10000,0.00031,1.44197,16.00000,13.00000,967.00000,1,Baik
2026-09-06T07:40:30Z,2026-09-06 14:40:30,2460,28.20000,59.70000,0.00031,1.44040,16.00000,13.00000,965.00000,1,Baik
2026-09-06T07:40:50Z,2026-09-06 14:40:50,2461,28.20000,59.30000,0.00031,1.44197,16.00000,13.00000,967.00000,1,Baik
2026-09-06T07:41:10Z,2026-09-06 14:41:10,2462,28.20000,58.80000,0.00031,1.38742,16.00000,13.00000,960.00000,1,Baik
2026-09-06T07:41:30Z,2026-09-06 14:41:30,2463,28.20000,58.30000,0.00031,1.38061,16.00000,13.00000,960.00000,1,Baik
2026-09-06T07:41:50Z,2026-09-06 14:41:50,2464,28.20000,57.90000,0.00031,1.38742,16.00000,13.00000,960.00000,1,Baik
2026-09-06T07:42:10Z,2026-09-06 14:42:10,2465,28.10000,57.70000,0.00031,1.47617,17.00000,13.00000,957.00000,1,Baik
2026-09-06T07:42:30Z,2026-09-06 14:42:30,2466,28.10000,57.40000,0.00031,1.52639,17.00000,13.00000,956.00000,1,Baik
2026-09-06T07:42:50Z,2026-09-06 14:42:50,2467,28.10000,57.00000,0.00031,1.38061,16.00000,13.00000,956.00000,1,Baik
2026-09-06T07:43:10Z,2026-09-06 14:43:10,2468,28.10000,56.60000,0.00031,1.38061,16.00000,13.00000,954.00000,1,Baik
2026-09-06T07:43:30Z,2026-09-06 14:43:30,2469,28.10000,56.40000,0.00031,1.38061,16.00000,13.00000,961.00000,1,Baik
2026-09-06T07:43:50Z,2026-09-06 14:43:50,2470,28.10000,55.90000,0.00031,1.34403,15.00000,13.00000,980.00000,1,Baik
2026-09-06T07:44:10Z,2026-09-06 14:44:10,2471,28.00000,55.70000,0.00031,1.34403,15.00000,13.00000,955.00000,1,Baik
2026-09-06T07:44:31Z,2026-09-06 14:44:31,2472,28.00000,55.50000,0.00031,1.39085,16.00000,13.00000,959.00000,1,Baik
2026-09-06T07:44:50Z,2026-09-06 14:44:50,2473,27.90000,55.20000,0.00031,1.38403,16.00000,13.00000,949.00000,1,Baik
2026-09-06T07:45:10Z,2026-09-06 14:45:10,2474,27.90000,54.90000,0.00031,1.38403,16.00000,13.00000,947.00000,1,Baik
2026-09-06T07:45:30Z,2026-09-06 14:45:30,2475,27.90000,55.30000,0.00031,1.43433,16.00000,13.00000,960.00000,1,Baik
2026-09-06T07:45:50Z,2026-09-06 14:45:50,2476,27.90000,56.10000,0.00031,1.35851,15.00000,13.00000,966.00000,1,Baik
2026-09-06T07:46:10Z,2026-09-06 14:46:10,2477,27.90000,57.00000,0.00031,1.51291,17.00000,13.00000,973.00000,1,Baik
2026-09-06T07:46:30Z,2026-09-06 14:46:30,2478,27.90000,58.10000,0.00031,1.49827,17.00000,13.00000,974.00000,1,Baik
2026-09-06T07:46:50Z,2026-09-06 14:46:50,2479,27.90000,58.80000,0.00031,1.48393,17.00000,13.00000,975.00000,1,Baik
2026-09-06T07:47:10Z,2026-09-06 14:47:10,2480,28.00000,59.50000,0.00031,1.46529,17.00000,13.00000,976.00000,1,Baik
2026-09-06T07:47:31Z,2026-09-06 14:47:31,2481,28.00000,60.00000,0.00031,1.43727,16.00000,13.00000,975.00000,1,Baik
2026-09-06T07:47:50Z,2026-09-06 14:47:50,2482,28.10000,60.40000,0.00031,1.43727,16.00000,13.00000,971.00000,1,Baik
2026-09-06T07:48:10Z,2026-09-06 14:48:10,2483,28.10000,60.80000,0.00031,1.46529,17.00000,13.00000,976.00000,1,Baik
2026-09-06T07:48:31Z,2026-09-06 14:48:31,2484,28.20000,61.00000,0.00031,1.43229,16.00000,13.00000,973.00000,1,Baik
2026-09-06T07:48:50Z,2026-09-06 14:48:50,2485,28.20000,61.20000,0.00031,1.51242,17.00000,13.00000,981.00000,1,Baik
2026-09-06T07:49:10Z,2026-09-06 14:49:10,2486,28.30000,61.20000,0.00031,1.51242,17.00000,13.00000,977.00000,1,Baik
2026-09-06T07:49:31Z,2026-09-06 14:49:31,2487,28.30000,61.30000,0.00031,1.51242,17.00000,13.00000,984.00000,1,Baik
2026-09-06T07:49:51Z,2026-09-06 14:49:51,2488,28.40000,61.10000,0.00031,1.51228,17.00000,13.00000,986.00000,1,Baik
2026-09-06T07:50:10Z,2026-09-06 14:50:10,2489,28.50000,60.80000,0.00031,1.51242,17.00000,13.00000,986.00000,1,Baik
2026-09-06T07:50:31Z,2026-09-06 14:50:31,2490,28.50000,60.40000,0.00031,1.53157,17.00000,13.00000,989.00000,1,Baik
2026-09-06T07:50:51Z,2026-09-06 14:50:51,2491,28.50000,59.90000,0.00031,1.51895,17.00000,13.00000,994.00000,1,Baik
2026-09-06T07:51:10Z,2026-09-06 14:51:10,2492,28.60000,59.40000,0.00031,1.51228,17.00000,13.00000,991.00000,1,Baik
2026-09-06T07:51:31Z,2026-09-06 14:51:31,2493,28.60000,58.90000,0.00031,1.52375,17.00000,13.00000,994.00000,1,Baik
2026-09-06T07:51:51Z,2026-09-06 14:51:51,2494,28.60000,58.40000,0.00031,1.53794,17.00000,13.00000,989.00000,1,Baik
2026-09-06T07:52:10Z,2026-09-06 14:52:10,2495,28.60000,57.90000,0.00031,1.52639,17.00000,13.00000,981.00000,1,Baik
2026-09-06T07:52:31Z,2026-09-06 14:52:31,2496,28.50000,57.70000,0.00031,1.52946,17.00000,13.00000,983.00000,1,Baik
2026-09-06T07:52:51Z,2026-09-06 14:52:51,2497,28.50000,57.10000,0.00031,1.52946,17.00000,13.00000,980.00000,1,Baik
2026-09-06T07:53:11Z,2026-09-06 14:53:11,2498,28.50000,56.70000,0.00031,1.49676,17.00000,13.00000,970.00000,1,Baik
2026-09-06T07:53:31Z,2026-09-06 14:53:31,2499,28.40000,56.40000,0.00031,1.41917,16.00000,13.00000,973.00000,1,Baik
2026-09-06T07:53:51Z,2026-09-06 14:53:51,2500,28.40000,56.00000,0.00031,1.37808,16.00000,13.00000,968.00000,1,Baik
2026-09-06T07:54:10Z,2026-09-06 14:54:10,2501,28.30000,55.80000,0.00031,1.35518,15.00000,13.00000,960.00000,1,Baik
2026-09-06T07:54:31Z,2026-09-06 14:54:31,2502,28.30000,55.50000,0.00031,1.39085,16.00000,13.00000,960.00000,1,Baik
2026-09-06T07:54:51Z,2026-09-06 14:54:51,2503,28.30000,55.40000,0.00031,1.40199,16.00000,13.00000,961.00000,1,Baik
2026-09-06T07:55:11Z,2026-09-06 14:55:11,2504,28.20000,55.10000,0.00031,1.40199,16.00000,13.00000,955.00000,1,Baik
2026-09-06T07:55:31Z,2026-09-06 14:55:31,2505,28.20000,54.90000,0.00031,1.40199,16.00000,13.00000,955.00000,1,Baik
2026-09-06T07:55:51Z,2026-09-06 14:55:51,2506,28.20000,54.70000,0.00031,1.40199,16.00000,13.00000,944.00000,1,Baik
2026-09-06T07:56:11Z,2026-09-06 14:56:11,2507,28.10000,55.30000,0.00031,1.38403,16.00000,13.00000,946.00000,1,Baik
2026-09-06T07:56:31Z,2026-09-06 14:56:31,2508,28.10000,56.10000,0.00031,1.30303,15.00000,13.00000,949.00000,1,Baik
2026-09-06T07:56:51Z,2026-09-06 14:56:51,2509,28.10000,57.00000,0.00031,1.49676,17.00000,13.00000,957.00000,1,Baik
2026-09-06T07:57:10Z,2026-09-06 14:57:10,2510,28.10000,57.90000,0.00031,1.47962,17.00000,13.00000,961.00000,1,Baik
2026-09-06T07:57:31Z,2026-09-06 14:57:31,2511,28.20000,58.60000,0.00031,1.53027,17.00000,13.00000,975.00000,1,Baik
2026-09-06T07:57:51Z,2026-09-06 14:57:51,2512,28.20000,59.30000,0.00031,1.51228,17.00000,13.00000,975.00000,1,Baik
2026-09-06T07:58:11Z,2026-09-06 14:58:11,2513,28.20000,59.80000,0.00031,1.51895,17.00000,13.00000,985.00000,1,Baik
2026-09-06T07:58:30Z,2026-09-06 14:58:30,2514,28.30000,60.30000,0.00031,1.51895,17.00000,13.00000,983.00000,1,Baik
2026-09-06T07:58:51Z,2026-09-06 14:58:51,2515,28.30000,60.60000,0.00031,1.53157,17.00000,13.00000,990.00000,1,Baik
2026-09-06T07:59:11Z,2026-09-06 14:59:11,2516,28.40000,60.90000,0.00031,1.51895,17.00000,13.00000,997.00000,1,Baik
2026-09-06T07:59:30Z,2026-09-06 14:59:30,2517,28.40000,61.00000,0.00031,1.51957,17.00000,13.00000,995.00000,1,Baik
2026-09-06T07:59:51Z,2026-09-06 14:59:51,2518,28.50000,61.10000,0.00031,1.55552,18.00000,13.00000,999.00000,1,Baik
2026-09-06T08:00:11Z,2026-09-06 15:00:11,2519,28.50000,61.10000,0.00031,1.51170,17.00000,13.00000,1005.00000,1,Baik
2026-09-06T08:00:30Z,2026-09-06 15:00:30,2520,28.60000,61.00000,0.00031,1.51170,17.00000,13.00000,1008.00000,1,Baik
2026-09-06T08:00:51Z,2026-09-06 15:00:51,2521,28.60000,60.60000,0.00031,1.51170,17.00000,13.00000,1004.00000,1,Baik
2026-09-06T08:01:11Z,2026-09-06 15:01:11,2522,28.60000,60.30000,0.00031,1.51170,17.00000,13.00000,1009.00000,1,Baik
2026-09-06T08:01:31Z,2026-09-06 15:01:31,2523,28.60000,59.60000,0.00031,1.51170,17.00000,13.00000,999.00000,1,Baik
2026-09-06T08:01:51Z,2026-09-06 15:01:51,2524,28.70000,59.30000,0.00031,1.51518,17.00000,13.00000,1008.00000,1,Baik
2026-09-06T08:02:11Z,2026-09-06 15:02:11,2525,28.70000,58.80000,0.00031,1.53396,17.00000,13.00000,1023.00000,1,Baik
2026-09-06T08:02:31Z,2026-09-06 15:02:31,2526,28.60000,58.20000,0.00031,1.53736,17.00000,13.00000,1002.00000,1,Baik
2026-09-06T08:02:51Z,2026-09-06 15:02:51,2527,28.60000,58.00000,0.00031,1.54524,18.00000,13.00000,999.00000,1,Baik
2026-09-06T08:03:11Z,2026-09-06 15:03:11,2528,28.60000,57.40000,0.00031,1.54524,18.00000,13.00000,995.00000,1,Baik
2026-09-06T08:03:31Z,2026-09-06 15:03:31,2529,28.60000,57.10000,0.00031,1.54524,18.00000,13.00000,995.00000,1,Baik
2026-09-06T08:03:51Z,2026-09-06 15:03:51,2530,28.50000,56.70000,0.00031,1.54524,18.00000,13.00000,993.00000,1,Baik
2026-09-06T08:04:11Z,2026-09-06 15:04:11,2531,28.50000,56.30000,0.00031,1.55723,18.00000,13.00000,987.00000,1,Baik
2026-09-06T08:04:31Z,2026-09-06 15:04:31,2532,28.50000,56.00000,0.00031,1.51504,17.00000,13.00000,983.00000,1,Baik
2026-09-06T08:04:51Z,2026-09-06 15:04:51,2533,28.40000,55.60000,0.00031,1.56477,18.00000,13.00000,976.00000,1,Baik
2026-09-06T08:05:11Z,2026-09-06 15:05:11,2534,28.40000,55.30000,0.00031,1.56477,18.00000,13.00000,976.00000,1,Baik
2026-09-06T08:05:31Z,2026-09-06 15:05:31,2535,28.30000,55.10000,0.00031,1.55614,18.00000,13.00000,971.00000,1,Baik
2026-09-06T08:05:51Z,2026-09-06 15:05:51,2536,28.30000,54.90000,0.00031,1.46031,17.00000,13.00000,965.00000,1,Baik
2026-09-06T08:06:11Z,2026-09-06 15:06:11,2537,28.20000,54.70000,0.00031,1.44115,16.00000,13.00000,969.00000,1,Baik
2026-09-06T08:06:31Z,2026-09-06 15:06:31,2538,28.20000,54.70000,0.00031,1.44115,16.00000,13.00000,963.00000,1,Baik
2026-09-06T08:06:51Z,2026-09-06 15:06:51,2539,28.20000,55.70000,0.00031,1.48401,17.00000,13.00000,960.00000,1,Baik
2026-09-06T08:07:11Z,2026-09-06 15:07:11,2540,28.20000,56.40000,0.00031,1.41447,16.00000,13.00000,962.00000,1,Baik
2026-09-06T08:07:31Z,2026-09-06 15:07:31,2541,28.20000,57.30000,0.00031,1.52946,17.00000,13.00000,963.00000,1,Baik
2026-09-06T08:07:51Z,2026-09-06 15:07:51,2542,28.20000,57.90000,0.00031,1.53809,17.00000,13.00000,963.00000,1,Baik
2026-09-06T08:08:11Z,2026-09-06 15:08:11,2543,28.20000,58.80000,0.00031,1.52361,17.00000,13.00000,958.00000,1,Baik
2026-09-06T08:08:31Z,2026-09-06 15:08:31,2544,28.20000,59.40000,0.00031,1.51895,17.00000,13.00000,976.00000,1,Baik
2026-09-06T08:08:51Z,2026-09-06 15:08:51,2545,28.30000,60.00000,0.00031,1.51895,17.00000,13.00000,977.00000,1,Baik
2026-09-06T08:09:11Z,2026-09-06 15:09:11,2546,28.30000,60.40000,0.00031,1.53157,17.00000,13.00000,983.00000,1,Baik
2026-09-06T08:09:31Z,2026-09-06 15:09:31,2547,28.40000,60.60000,0.00031,1.51957,17.00000,13.00000,991.00000,1,Baik
2026-09-06T08:09:51Z,2026-09-06 15:09:51,2548,28.50000,60.80000,0.00031,1.51957,17.00000,13.00000,998.00000,1,Baik
2026-09-06T08:10:11Z,2026-09-06 15:10:11,2549,28.50000,61.00000,0.00031,1.51957,17.00000,13.00000,995.00000,1,Baik
2026-09-06T08:10:31Z,2026-09-06 15:10:31,2550,28.50000,61.10000,0.00031,1.51957,17.00000,13.00000,998.00000,1,Baik
2026-09-06T08:10:51Z,2026-09-06 15:10:51,2551,28.60000,61.10000,0.00031,1.51170,17.00000,13.00000,1003.00000,1,Baik
2026-09-06T08:11:11Z,2026-09-06 15:11:11,2552,28.60000,60.90000,0.00031,1.51170,17.00000,13.00000,1007.00000,1,Baik
2026-09-06T08:11:31Z,2026-09-06 15:11:31,2553,28.70000,60.50000,0.00031,1.51170,17.00000,13.00000,1005.00000,1,Baik
2026-09-06T08:11:51Z,2026-09-06 15:11:51,2554,28.70000,60.00000,0.00031,1.51957,17.00000,13.00000,1002.00000,1,Baik
2026-09-06T08:12:11Z,2026-09-06 15:12:11,2555,28.70000,59.50000,0.00031,1.51957,17.00000,13.00000,1002.00000,1,Baik
2026-09-06T08:12:31Z,2026-09-06 15:12:31,2556,28.70000,58.90000,0.00031,1.53090,17.00000,13.00000,999.00000,1,Baik
2026-09-06T08:12:51Z,2026-09-06 15:12:51,2557,28.60000,58.50000,0.00031,1.53090,17.00000,13.00000,993.00000,1,Baik
2026-09-06T08:13:11Z,2026-09-06 15:13:11,2558,28.60000,58.10000,0.00031,1.54524,18.00000,13.00000,995.00000,1,Baik
2026-09-06T08:13:31Z,2026-09-06 15:13:31,2559,28.60000,57.70000,0.00031,1.54524,18.00000,13.00000,993.00000,1,Baik
2026-09-06T08:13:51Z,2026-09-06 15:13:51,2560,28.60000,57.30000,0.00031,1.54461,18.00000,13.00000,991.00000,1,Baik
2026-09-06T08:14:11Z,2026-09-06 15:14:11,2561,28.60000,56.60000,0.00031,1.53809,17.00000,13.00000,982.00000,1,Baik
2026-09-06T08:14:31Z,2026-09-06 15:14:31,2562,28.60000,56.10000,0.00031,1.42661,16.00000,13.00000,980.00000,1,Baik
2026-09-06T08:14:51Z,2026-09-06 15:14:51,2563,28.50000,55.80000,0.00031,1.46031,17.00000,13.00000,976.00000,1,Baik
2026-09-06T08:15:11Z,2026-09-06 15:15:11,2564,28.50000,55.50000,0.00031,1.44417,16.00000,13.00000,963.00000,1,Baik
2026-09-06T08:15:31Z,2026-09-06 15:15:31,2565,28.50000,55.80000,0.00031,1.43433,16.00000,13.00000,966.00000,1,Baik
2026-09-06T08:15:51Z,2026-09-06 15:15:51,2566,28.50000,55.70000,0.00031,1.43433,16.00000,13.00000,970.00000,1,Baik
2026-09-06T08:16:11Z,2026-09-06 15:16:11,2567,28.50000,54.90000,0.00031,1.42715,16.00000,13.00000,960.00000,1,Baik
2026-09-06T08:16:31Z,2026-09-06 15:16:31,2568,28.40000,54.20000,0.00031,1.36024,15.00000,13.00000,964.00000,1,Baik
2026-09-06T08:16:51Z,2026-09-06 15:16:51,2569,28.30000,53.70000,0.00031,1.35342,15.00000,13.00000,957.00000,1,Baik
2026-09-06T08:17:11Z,2026-09-06 15:17:11,2570,28.30000,54.10000,0.00031,1.35342,15.00000,13.00000,951.00000,1,Baik
2026-09-06T08:17:31Z,2026-09-06 15:17:31,2571,28.20000,54.80000,0.00031,1.38403,16.00000,13.00000,960.00000,1,Baik
2026-09-06T08:17:51Z,2026-09-06 15:17:51,2572,28.20000,55.80000,0.00031,1.43433,16.00000,13.00000,958.00000,1,Baik
2026-09-06T08:18:11Z,2026-09-06 15:18:11,2573,28.20000,56.90000,0.00031,1.49676,17.00000,13.00000,960.00000,1,Baik
2026-09-06T08:18:31Z,2026-09-06 15:18:31,2574,28.20000,57.70000,0.00031,1.48489,17.00000,13.00000,941.00000,1,Baik
2026-09-06T08:18:51Z,2026-09-06 15:18:51,2575,28.20000,58.20000,0.00031,1.52946,17.00000,13.00000,967.00000,1,Baik
2026-09-06T08:19:11Z,2026-09-06 15:19:11,2576,28.30000,58.50000,0.00031,1.51205,17.00000,13.00000,969.00000,1,Baik
2026-09-06T08:19:31Z,2026-09-06 15:19:31,2577,28.40000,58.90000,0.00031,1.52375,17.00000,13.00000,976.00000,1,Baik
2026-09-06T08:19:51Z,2026-09-06 15:19:51,2578,28.40000,59.10000,0.00031,1.51228,17.00000,13.00000,979.00000,1,Baik
2026-09-06T08:20:11Z,2026-09-06 15:20:11,2579,28.50000,59.40000,0.00031,1.51895,17.00000,13.00000,983.00000,1,Baik
2026-09-06T08:20:31Z,2026-09-06 15:20:31,2580,28.50000,59.50000,0.00031,1.53157,17.00000,13.00000,989.00000,1,Baik
2026-09-06T08:20:51Z,2026-09-06 15:20:51,2581,28.60000,59.70000,0.00031,1.53157,17.00000,13.00000,994.00000,1,Baik
2026-09-06T08:21:11Z,2026-09-06 15:21:11,2582,28.60000,59.80000,0.00031,1.51957,17.00000,13.00000,1003.00000,1,Baik
2026-09-06T08:21:31Z,2026-09-06 15:21:31,2583,28.70000,59.90000,0.00031,1.51957,17.00000,13.00000,1002.00000,1,Baik
2026-09-06T08:21:51Z,2026-09-06 15:21:51,2584,28.70000,60.10000,0.00031,1.51170,17.00000,13.00000,1003.00000,1,Baik
2026-09-06T08:22:11Z,2026-09-06 15:22:11,2585,28.80000,60.30000,0.00031,1.51957,17.00000,13.00000,998.00000,1,Baik
2026-09-06T08:22:31Z,2026-09-06 15:22:31,2586,28.90000,60.30000,0.00031,1.51518,17.00000,13.00000,1005.00000,1,Baik
2026-09-06T08:22:51Z,2026-09-06 15:22:51,2587,28.90000,60.40000,0.00031,1.51518,17.00000,13.00000,1003.00000,1,Baik
2026-09-06T08:23:11Z,2026-09-06 15:23:11,2588,28.90000,60.30000,0.00031,1.51518,17.00000,13.00000,999.00000,1,Baik
2026-09-06T08:23:31Z,2026-09-06 15:23:31,2589,29.00000,60.30000,0.00031,1.51518,17.00000,13.00000,997.00000,1,Baik
2026-09-06T08:23:51Z,2026-09-06 15:23:51,2590,29.00000,60.20000,0.00031,1.52264,17.00000,13.00000,1011.00000,1,Baik
2026-09-06T08:24:11Z,2026-09-06 15:24:11,2591,29.00000,59.70000,0.00031,1.51015,17.00000,13.00000,1023.00000,1,Baik
2026-09-06T08:24:31Z,2026-09-06 15:24:31,2592,29.10000,59.30000,0.00031,1.54793,18.00000,13.00000,1008.00000,1,Baik
2026-09-06T08:24:51Z,2026-09-06 15:24:51,2593,29.00000,58.80000,0.00031,1.54793,18.00000,13.00000,1015.00000,1,Baik
2026-09-06T08:25:11Z,2026-09-06 15:25:11,2594,29.00000,58.30000,0.00031,1.56226,18.00000,13.00000,1017.00000,1,Baik
2026-09-06T08:25:31Z,2026-09-06 15:25:31,2595,29.00000,57.90000,0.00031,1.52448,17.00000,13.00000,1019.00000,1,Baik
2026-09-06T08:25:51Z,2026-09-06 15:25:51,2596,29.00000,57.40000,0.00031,1.52448,17.00000,13.00000,1008.00000,1,Baik
2026-09-06T08:26:11Z,2026-09-06 15:26:11,2597,28.90000,57.00000,0.00031,1.52448,17.00000,13.00000,1034.00000,1,Baik
2026-09-06T08:26:31Z,2026-09-06 15:26:31,2598,28.80000,56.60000,0.00031,1.56226,18.00000,13.00000,1008.00000,1,Baik
2026-09-06T08:26:51Z,2026-09-06 15:26:51,2599,28.80000,56.20000,0.00031,1.55088,18.00000,13.00000,1008.00000,1,Baik
2026-09-06T08:27:11Z,2026-09-06 15:27:11,2600,28.70000,55.80000,0.00031,1.55737,18.00000,13.00000,1008.00000,1,Baik
2026-09-06T08:27:31Z,2026-09-06 15:27:31,2601,28.70000,55.50000,0.00031,1.54991,18.00000,13.00000,1001.00000,1,Baik
2026-09-06T08:27:51Z,2026-09-06 15:27:51,2602,28.60000,55.40000,0.00031,1.54991,18.00000,13.00000,999.00000,1,Baik
2026-09-06T08:28:11Z,2026-09-06 15:28:11,2603,28.60000,55.20000,0.00031,1.54991,18.00000,13.00000,997.00000,1,Baik
2026-09-06T08:28:31Z,2026-09-06 15:28:31,2604,28.50000,54.90000,0.00031,1.54991,18.00000,13.00000,1007.00000,1,Baik
2026-09-06T08:28:51Z,2026-09-06 15:28:51,2605,28.40000,54.60000,0.00031,1.54991,18.00000,13.00000,1006.00000,1,Baik
2026-09-06T08:29:11Z,2026-09-06 15:29:11,2606,28.40000,54.30000,0.00031,1.55779,18.00000,13.00000,990.00000,1,Baik
2026-09-06T08:29:31Z,2026-09-06 15:29:31,2607,28.30000,54.10000,0.00031,1.54991,18.00000,13.00000,997.00000,1,Baik
2026-09-06T08:29:51Z,2026-09-06 15:29:51,2608,28.30000,54.30000,0.00031,1.55779,18.00000,13.00000,989.00000,1,Baik
2026-09-06T08:30:11Z,2026-09-06 15:30:11,2609,28.20000,54.90000,0.00031,1.55779,18.00000,13.00000,997.00000,1,Baik
2026-09-06T08:30:31Z,2026-09-06 15:30:31,2610,28.20000,55.90000,0.00031,1.55779,18.00000,13.00000,1001.00000,1,Baik
2026-09-06T08:30:51Z,2026-09-06 15:30:51,2611,28.20000,56.80000,0.00031,1.53736,17.00000,13.00000,999.00000,1,Baik
2026-09-06T08:31:11Z,2026-09-06 15:31:11,2612,28.20000,57.80000,0.00031,1.54084,18.00000,13.00000,1005.00000,1,Baik
2026-09-06T08:31:31Z,2026-09-06 15:31:31,2613,28.30000,58.50000,0.00031,1.52650,17.00000,13.00000,1004.00000,1,Baik
2026-09-06T08:31:51Z,2026-09-06 15:31:51,2614,28.30000,59.10000,0.00031,1.51015,17.00000,13.00000,1013.00000,1,Baik
2026-09-06T08:32:11Z,2026-09-06 15:32:11,2615,28.30000,59.60000,0.00031,1.51015,17.00000,13.00000,1018.00000,1,Baik
2026-09-06T08:32:31Z,2026-09-06 15:32:31,2616,28.40000,60.00000,0.00031,1.54793,18.00000,13.00000,1011.00000,1,Baik
2026-09-06T08:32:51Z,2026-09-06 15:32:51,2617,28.40000,60.40000,0.00031,1.51015,17.00000,13.00000,1019.00000,1,Baik
2026-09-06T08:33:11Z,2026-09-06 15:33:11,2618,28.40000,60.60000,0.00031,1.51015,17.00000,13.00000,1016.00000,1,Baik
2026-09-06T08:33:31Z,2026-09-06 15:33:31,2619,28.50000,60.80000,0.00031,1.51015,17.00000,13.00000,1023.00000,1,Baik
2026-09-06T08:33:51Z,2026-09-06 15:33:51,2620,28.50000,60.90000,0.00031,1.52396,17.00000,13.00000,1021.00000,1,Baik
2026-09-06T08:34:11Z,2026-09-06 15:34:11,2621,28.50000,60.90000,0.00031,1.55552,18.00000,13.00000,1023.00000,1,Baik
2026-09-06T08:34:31Z,2026-09-06 15:34:31,2622,28.60000,60.70000,0.00031,1.55552,18.00000,13.00000,1023.00000,1,Baik
2026-09-06T08:34:51Z,2026-09-06 15:34:51,2623,28.60000,60.30000,0.00031,1.55552,18.00000,13.00000,1023.00000,1,Baik
2026-09-06T08:35:11Z,2026-09-06 15:35:11,2624,28.60000,59.90000,0.00031,1.77820,20.00000,13.00000,1023.00000,1,Baik
2026-09-06T08:35:31Z,2026-09-06 15:35:31,2625,28.60000,59.50000,0.00031,1.58490,18.00000,13.00000,1023.00000,1,Baik
2026-09-06T08:35:51Z,2026-09-06 15:35:51,2626,28.60000,59.00000,0.00031,1.62851,19.00000,13.00000,1022.00000,1,Baik
2026-09-06T08:36:11Z,2026-09-06 15:36:11,2627,28.60000,58.60000,0.00031,1.56103,18.00000,13.00000,1022.00000,1,Baik
2026-09-06T08:36:31Z,2026-09-06 15:36:31,2628,28.60000,58.00000,0.00031,1.57537,18.00000,13.00000,1017.00000,1,Baik
2026-09-06T08:36:51Z,2026-09-06 15:36:51,2629,28.50000,57.20000,0.00031,1.52448,17.00000,13.00000,1014.00000,1,Baik
2026-09-06T08:37:11Z,2026-09-06 15:37:11,2630,28.50000,56.20000,0.00031,1.56226,18.00000,13.00000,1007.00000,1,Baik
2026-09-06T08:37:31Z,2026-09-06 15:37:31,2631,28.40000,56.00000,0.00031,1.57134,18.00000,13.00000,1010.00000,1,Baik
2026-09-06T08:37:51Z,2026-09-06 15:37:51,2632,28.30000,55.40000,0.00031,1.55737,18.00000,13.00000,1007.00000,1,Baik
2026-09-06T08:38:11Z,2026-09-06 15:38:11,2633,28.20000,54.90000,0.00031,1.55737,18.00000,13.00000,1005.00000,1,Baik
2026-09-06T08:38:31Z,2026-09-06 15:38:31,2634,28.10000,54.70000,0.00031,1.55737,18.00000,13.00000,999.00000,1,Baik
2026-09-06T08:38:51Z,2026-09-06 15:38:51,2635,28.00000,54.70000,0.00031,1.51872,17.00000,13.00000,995.00000,1,Baik
2026-09-06T08:39:11Z,2026-09-06 15:39:11,2636,27.90000,54.40000,0.00031,1.52618,17.00000,13.00000,998.00000,1,Baik
2026-09-06T08:39:31Z,2026-09-06 15:39:31,2637,27.90000,54.10000,0.00031,1.52618,17.00000,13.00000,989.00000,1,Baik
2026-09-06T08:39:51Z,2026-09-06 15:39:51,2638,27.80000,53.70000,0.00031,1.51872,17.00000,13.00000,979.00000,1,Baik
2026-09-06T08:40:11Z,2026-09-06 15:40:11,2639,27.70000,53.70000,0.00031,1.51872,17.00000,13.00000,979.00000,1,Baik
2026-09-06T08:40:31Z,2026-09-06 15:40:31,2640,27.70000,54.10000,0.00031,1.51872,17.00000,13.00000,985.00000,1,Baik
2026-09-06T08:40:51Z,2026-09-06 15:40:51,2641,27.60000,54.80000,0.00031,1.52618,17.00000,13.00000,982.00000,1,Baik
2026-09-06T08:41:11Z,2026-09-06 15:41:11,2642,27.60000,55.70000,0.00031,1.54015,18.00000,13.00000,979.00000,1,Baik
2026-09-06T08:41:31Z,2026-09-06 15:41:31,2643,27.70000,56.60000,0.00031,1.51711,17.00000,13.00000,985.00000,1,Baik
2026-09-06T08:41:51Z,2026-09-06 15:41:51,2644,27.70000,57.30000,0.00031,1.49329,17.00000,13.00000,990.00000,1,Baik
2026-09-06T08:42:11Z,2026-09-06 15:42:11,2645,27.80000,58.00000,0.00031,1.49329,17.00000,13.00000,991.00000,1,Baik
2026-09-06T08:42:31Z,2026-09-06 15:42:31,2646,27.80000,58.40000,0.00031,1.49329,17.00000,13.00000,991.00000,1,Baik
2026-09-06T08:42:51Z,2026-09-06 15:42:51,2647,27.90000,58.80000,0.00031,1.49277,17.00000,13.00000,993.00000,1,Baik
2026-09-06T08:43:11Z,2026-09-06 15:43:11,2648,28.00000,59.10000,0.00031,1.59732,18.00000,13.00000,998.00000,1,Baik
2026-09-06T08:43:31Z,2026-09-06 15:43:31,2649,28.10000,59.50000,0.00031,1.58490,18.00000,13.00000,999.00000,1,Baik
2026-09-06T08:43:51Z,2026-09-06 15:43:51,2650,28.10000,59.70000,0.00031,1.58490,18.00000,13.00000,1003.00000,1,Baik
2026-09-06T08:44:11Z,2026-09-06 15:44:11,2651,28.20000,59.90000,0.00031,1.58490,18.00000,13.00000,1007.00000,1,Baik
2026-09-06T08:44:31Z,2026-09-06 15:44:31,2652,28.30000,60.00000,0.00031,1.74107,20.00000,13.00000,1008.00000,1,Baik
2026-09-06T08:44:51Z,2026-09-06 15:44:51,2653,28.30000,60.20000,0.00031,1.71753,20.00000,13.00000,1007.00000,1,Baik
2026-09-06T08:45:11Z,2026-09-06 15:45:11,2654,28.40000,60.10000,0.00031,1.71753,20.00000,13.00000,1008.00000,1,Baik
2026-09-06T08:45:31Z,2026-09-06 15:45:31,2655,28.40000,59.70000,0.00031,1.77820,20.00000,13.00000,1009.00000,1,Baik
2026-09-06T08:45:51Z,2026-09-06 15:45:51,2656,28.40000,59.20000,0.00031,1.81406,21.00000,13.00000,1007.00000,1,Baik
2026-09-06T08:46:11Z,2026-09-06 15:46:11,2657,28.50000,58.70000,0.00031,1.56103,18.00000,13.00000,1008.00000,1,Baik
2026-09-06T08:46:31Z,2026-09-06 15:46:31,2658,28.40000,58.10000,0.00031,1.52448,17.00000,13.00000,1002.00000,1,Baik
2026-09-06T08:46:51Z,2026-09-06 15:46:51,2659,28.40000,57.10000,0.00031,1.52448,17.00000,13.00000,998.00000,1,Baik
2026-09-06T08:47:11Z,2026-09-06 15:47:11,2660,28.30000,56.60000,0.00031,1.56226,18.00000,13.00000,994.00000,1,Baik
2026-09-06T08:47:31Z,2026-09-06 15:47:31,2661,28.30000,56.00000,0.00031,1.57134,18.00000,13.00000,990.00000,1,Baik
2026-09-06T08:47:51Z,2026-09-06 15:47:51,2662,28.20000,55.60000,0.00031,1.55995,18.00000,13.00000,990.00000,1,Baik
2026-09-06T08:48:11Z,2026-09-06 15:48:11,2663,28.10000,55.30000,0.00031,1.54991,18.00000,13.00000,981.00000,1,Baik
2026-09-06T08:48:31Z,2026-09-06 15:48:31,2664,28.00000,55.10000,0.00031,1.51872,17.00000,13.00000,976.00000,1,Baik
2026-09-06T08:48:51Z,2026-09-06 15:48:51,2665,28.00000,54.60000,0.00031,1.52660,17.00000,13.00000,975.00000,1,Baik
2026-09-06T08:49:11Z,2026-09-06 15:49:11,2666,27.90000,54.30000,0.00031,1.52660,17.00000,13.00000,966.00000,1,Baik
2026-09-06T08:49:31Z,2026-09-06 15:49:31,2667,27.80000,54.00000,0.00031,1.53859,17.00000,13.00000,963.00000,1,Baik
2026-09-06T08:49:51Z,2026-09-06 15:49:51,2668,27.80000,53.70000,0.00031,1.54010,18.00000,13.00000,962.00000,1,Baik
2026-09-06T08:50:11Z,2026-09-06 15:50:11,2669,27.70000,53.40000,0.00031,1.53358,17.00000,13.00000,959.00000,1,Baik
2026-09-06T08:50:31Z,2026-09-06 15:50:31,2670,27.60000,53.10000,0.00031,1.56225,18.00000,13.00000,956.00000,1,Baik
2026-09-06T08:50:51Z,2026-09-06 15:50:51,2671,27.60000,53.00000,0.00031,1.55055,18.00000,13.00000,957.00000,1,Baik
2026-09-06T08:51:11Z,2026-09-06 15:51:11,2672,27.50000,53.50000,0.00031,1.49232,17.00000,13.00000,956.00000,1,Baik
2026-09-06T08:51:31Z,2026-09-06 15:51:31,2673,27.50000,54.30000,0.00031,1.49247,17.00000,13.00000,957.00000,1,Baik
2026-09-06T08:51:51Z,2026-09-06 15:51:51,2674,27.60000,55.00000,0.00031,1.53358,17.00000,13.00000,947.00000,1,Baik
2026-09-06T08:52:11Z,2026-09-06 15:52:11,2675,27.60000,55.90000,0.00031,1.53343,17.00000,13.00000,958.00000,1,Baik
2026-09-06T08:52:31Z,2026-09-06 15:52:31,2676,27.60000,56.80000,0.00031,1.51342,17.00000,13.00000,960.00000,1,Baik
2026-09-06T08:52:51Z,2026-09-06 15:52:51,2677,27.70000,57.40000,0.00031,1.52604,17.00000,13.00000,966.00000,1,Baik
2026-09-06T08:53:11Z,2026-09-06 15:53:11,2678,27.80000,57.90000,0.00031,1.51405,17.00000,13.00000,970.00000,1,Baik
2026-09-06T08:53:31Z,2026-09-06 15:53:31,2679,27.90000,58.30000,0.00031,1.51405,17.00000,13.00000,976.00000,1,Baik
2026-09-06T08:53:51Z,2026-09-06 15:53:51,2680,27.90000,58.70000,0.00031,1.49971,17.00000,13.00000,977.00000,1,Baik
2026-09-06T08:54:12Z,2026-09-06 15:54:12,2681,28.00000,59.10000,0.00031,1.48838,17.00000,13.00000,981.00000,1,Baik
2026-09-06T08:54:31Z,2026-09-06 15:54:31,2682,28.10000,59.40000,0.00031,1.51242,17.00000,13.00000,981.00000,1,Baik
2026-09-06T08:54:51Z,2026-09-06 15:54:51,2683,28.20000,59.50000,0.00031,1.51957,17.00000,13.00000,982.00000,1,Baik
2026-09-06T08:55:11Z,2026-09-06 15:55:11,2684,28.30000,59.80000,0.00031,1.51170,17.00000,13.00000,1002.00000,1,Baik
2026-09-06T08:55:31Z,2026-09-06 15:55:31,2685,28.30000,59.80000,0.00031,1.51518,17.00000,13.00000,991.00000,1,Baik
2026-09-06T08:55:51Z,2026-09-06 15:55:51,2686,28.40000,59.60000,0.00031,1.51170,17.00000,13.00000,986.00000,1,Baik
2026-09-06T08:56:11Z,2026-09-06 15:56:11,2687,28.40000,59.30000,0.00031,1.51170,17.00000,13.00000,983.00000,1,Baik
2026-09-06T08:56:31Z,2026-09-06 15:56:31,2688,28.50000,58.90000,0.00031,1.52303,17.00000,13.00000,986.00000,1,Baik
2026-09-06T08:56:51Z,2026-09-06 15:56:51,2689,28.50000,58.40000,0.00031,1.53736,17.00000,13.00000,986.00000,1,Baik
2026-09-06T08:57:11Z,2026-09-06 15:57:11,2690,28.50000,57.40000,0.00031,1.54524,18.00000,13.00000,985.00000,1,Baik
2026-09-06T08:57:31Z,2026-09-06 15:57:31,2691,28.40000,56.40000,0.00031,1.53736,17.00000,13.00000,982.00000,1,Baik
2026-09-06T08:57:51Z,2026-09-06 15:57:51,2692,28.40000,56.10000,0.00031,1.53736,17.00000,13.00000,990.00000,1,Baik
2026-09-06T08:58:11Z,2026-09-06 15:58:11,2693,28.30000,55.50000,0.00031,1.55779,18.00000,13.00000,978.00000,1,Baik
2026-09-06T08:58:31Z,2026-09-06 15:58:31,2694,28.20000,55.00000,0.00031,1.55779,18.00000,13.00000,976.00000,1,Baik
2026-09-06T08:58:51Z,2026-09-06 15:58:51,2695,28.10000,54.70000,0.00031,1.55779,18.00000,13.00000,976.00000,1,Baik
2026-09-06T08:59:11Z,2026-09-06 15:59:11,2696,28.10000,54.30000,0.00031,1.54991,18.00000,13.00000,979.00000,1,Baik
2026-09-06T08:59:34Z,2026-09-06 15:59:34,2697,28.00000,54.10000,0.00031,1.51872,17.00000,13.00000,982.00000,1,Baik
2026-09-06T08:59:51Z,2026-09-06 15:59:51,2698,27.90000,53.80000,0.00031,1.51872,17.00000,13.00000,983.00000,1,Baik
2026-09-06T09:00:11Z,2026-09-06 16:00:11,2699,27.80000,53.50000,0.00031,1.52660,17.00000,13.00000,975.00000,1,Baik
2026-09-06T09:00:31Z,2026-09-06 16:00:31,2700,27.80000,53.30000,0.00031,1.51872,17.00000,13.00000,997.00000,1,Baik
2026-09-06T09:00:51Z,2026-09-06 16:00:51,2701,27.70000,53.10000,0.00031,1.52618,17.00000,13.00000,998.00000,1,Baik
2026-09-06T09:01:11Z,2026-09-06 16:01:11,2702,27.70000,53.00000,0.00031,1.52618,17.00000,13.00000,995.00000,1,Baik
2026-09-06T09:01:31Z,2026-09-06 16:01:31,2703,27.60000,53.00000,0.00031,1.52618,17.00000,13.00000,999.00000,1,Baik
2026-09-06T09:01:51Z,2026-09-06 16:01:51,2704,27.60000,53.60000,0.00031,1.50237,17.00000,13.00000,1007.00000,1,Baik
2026-09-06T09:02:11Z,2026-09-06 16:02:11,2705,27.60000,54.40000,0.00031,1.51618,17.00000,13.00000,1014.00000,1,Baik
2026-09-06T09:02:31Z,2026-09-06 16:02:31,2706,27.70000,55.90000,0.00031,1.71427,19.00000,13.00000,1023.00000,1,Baik
2026-09-06T09:02:51Z,2026-09-06 16:02:51,2707,27.70000,56.50000,0.00031,1.75552,20.00000,13.00000,1023.00000,1,Baik
2026-09-06T09:03:11Z,2026-09-06 16:03:11,2708,25.00000,50.00000,0.00031,1.74326,20.00000,13.00000,997.00000,1,Baik
2026-09-06T09:03:31Z,2026-09-06 16:03:31,2709,28.10000,58.40000,0.00031,1.96955,22.00000,13.00000,1071.00000,1,Baik
2026-09-06T09:03:51Z,2026-09-06 16:03:51,2710,28.20000,57.90000,0.00031,1.93509,22.00000,13.00000,1064.00000,1,Baik
2026-09-06T09:04:11Z,2026-09-06 16:04:11,2711,28.30000,58.00000,0.00031,1.93509,22.00000,13.00000,1087.00000,1,Baik
2026-09-06T09:04:31Z,2026-09-06 16:04:31,2712,28.40000,58.30000,0.00031,2.03088,23.00000,13.00000,1095.00000,1,Baik
2026-09-06T09:04:51Z,2026-09-06 16:04:51,2713,28.30000,58.60000,0.00031,2.05543,23.00000,13.00000,1109.00000,1,Baik
2026-09-06T09:05:11Z,2026-09-06 16:05:11,2714,28.40000,58.90000,0.00031,2.14171,24.00000,13.00000,1121.00000,1,Baik
2026-09-06T09:05:31Z,2026-09-06 16:05:31,2715,28.40000,59.20000,0.00031,2.37071,27.00000,13.00000,1121.00000,1,Baik
2026-09-06T09:05:51Z,2026-09-06 16:05:51,2716,28.50000,59.50000,0.00031,2.16692,25.00000,13.00000,1093.00000,1,Baik
2026-09-06T09:06:11Z,2026-09-06 16:06:11,2717,28.50000,59.60000,0.00031,2.13721,24.00000,13.00000,1103.00000,1,Baik
2026-09-06T09:06:31Z,2026-09-06 16:06:31,2718,28.50000,59.50000,0.00031,2.13721,24.00000,13.00000,1103.00000,1,Baik
2026-09-06T09:06:51Z,2026-09-06 16:06:51,2719,28.50000,59.30000,0.00031,2.35405,27.00000,13.00000,1104.00000,1,Baik
2026-09-06T09:07:11Z,2026-09-06 16:07:11,2720,28.50000,58.90000,0.00031,2.27211,26.00000,13.00000,1102.00000,1,Baik
2026-09-06T09:07:31Z,2026-09-06 16:07:31,2721,28.50000,58.60000,0.00031,2.28678,26.00000,13.00000,1110.00000,1,Baik
2026-09-06T09:07:51Z,2026-09-06 16:07:51,2722,28.50000,58.20000,0.00031,2.27781,26.00000,13.00000,1109.00000,1,Baik
2026-09-06T09:08:11Z,2026-09-06 16:08:11,2723,28.50000,57.90000,0.00031,2.20470,25.00000,13.00000,1095.00000,1,Baik
2026-09-06T09:08:31Z,2026-09-06 16:08:31,2724,28.40000,57.60000,0.00031,2.30895,26.00000,13.00000,1114.00000,1,Baik
2026-09-06T09:08:51Z,2026-09-06 16:08:51,2725,28.40000,57.30000,0.00031,2.30895,26.00000,13.00000,1118.00000,1,Baik
2026-09-06T09:09:11Z,2026-09-06 16:09:11,2726,28.40000,57.10000,0.00031,2.28797,26.00000,13.00000,1108.00000,1,Baik
2026-09-06T09:09:31Z,2026-09-06 16:09:31,2727,28.30000,56.70000,0.00031,2.28797,26.00000,13.00000,1114.00000,1,Baik
2026-09-06T09:09:51Z,2026-09-06 16:09:51,2728,28.30000,56.60000,0.00031,2.30895,26.00000,13.00000,1104.00000,1,Baik
2026-09-06T09:10:11Z,2026-09-06 16:10:11,2729,28.20000,56.40000,0.00031,2.14293,24.00000,13.00000,1124.00000,1,Baik
2026-09-06T09:10:31Z,2026-09-06 16:10:31,2730,28.20000,56.30000,0.00031,2.34496,27.00000,13.00000,1088.00000,1,Baik
2026-09-06T09:10:51Z,2026-09-06 16:10:51,2731,28.10000,56.30000,0.00031,2.30895,26.00000,13.00000,1095.00000,1,Baik
2026-09-06T09:11:11Z,2026-09-06 16:11:11,2732,28.10000,56.10000,0.00031,2.32831,26.00000,13.00000,1073.00000,1,Baik
2026-09-06T09:11:31Z,2026-09-06 16:11:31,2733,28.00000,56.10000,0.00031,2.14293,24.00000,13.00000,1087.00000,1,Baik
2026-09-06T09:11:51Z,2026-09-06 16:11:51,2734,28.00000,56.00000,0.00031,2.03373,23.00000,13.00000,1085.00000,1,Baik
2026-09-06T09:12:11Z,2026-09-06 16:12:11,2735,28.00000,55.80000,0.00031,2.05828,23.00000,13.00000,1080.00000,1,Baik
2026-09-06T09:12:31Z,2026-09-06 16:12:31,2736,27.90000,55.70000,0.00031,2.17264,25.00000,13.00000,1078.00000,1,Baik
2026-09-06T09:12:51Z,2026-09-06 16:12:51,2737,27.90000,55.60000,0.00031,2.05828,23.00000,13.00000,1075.00000,1,Baik
2026-09-06T09:13:11Z,2026-09-06 16:13:11,2738,27.90000,55.50000,0.00031,2.03373,23.00000,13.00000,1071.00000,1,Baik
2026-09-06T09:13:31Z,2026-09-06 16:13:31,2739,27.80000,55.40000,0.00031,2.02375,23.00000,13.00000,1071.00000,1,Baik
2026-09-06T09:13:51Z,2026-09-06 16:13:51,2740,27.80000,55.30000,0.00031,2.00575,23.00000,13.00000,1072.00000,1,Baik
2026-09-06T09:14:11Z,2026-09-06 16:14:11,2741,27.80000,55.20000,0.00031,1.99319,23.00000,13.00000,1069.00000,1,Baik
2026-09-06T09:14:31Z,2026-09-06 16:14:31,2742,27.70000,55.20000,0.00031,2.00575,23.00000,13.00000,1073.00000,1,Baik
2026-09-06T09:14:51Z,2026-09-06 16:14:51,2743,27.70000,55.10000,0.00031,1.99319,23.00000,13.00000,1075.00000,1,Baik
2026-09-06T09:15:11Z,2026-09-06 16:15:11,2744,27.70000,55.00000,0.00031,2.00575,23.00000,13.00000,1065.00000,1,Baik
2026-09-06T09:15:31Z,2026-09-06 16:15:31,2745,27.70000,54.90000,0.00031,2.00575,23.00000,13.00000,1071.00000,1,Baik
2026-09-06T09:15:51Z,2026-09-06 16:15:51,2746,27.60000,54.90000,0.00031,2.00575,23.00000,13.00000,1072.00000,1,Baik
2026-09-06T09:16:11Z,2026-09-06 16:16:11,2747,27.60000,54.80000,0.00031,1.99319,23.00000,13.00000,1069.00000,1,Baik
2026-09-06T09:16:31Z,2026-09-06 16:16:31,2748,27.60000,54.70000,0.00031,2.00575,23.00000,13.00000,1072.00000,1,Baik
2026-09-06T09:16:51Z,2026-09-06 16:16:51,2749,27.60000,54.60000,0.00031,1.99319,23.00000,13.00000,1062.00000,1,Baik
2026-09-06T09:17:11Z,2026-09-06 16:17:11,2750,27.50000,54.50000,0.00031,1.97129,22.00000,13.00000,1059.00000,1,Baik
2026-09-06T09:17:31Z,2026-09-06 16:17:31,2751,27.50000,54.40000,0.00031,1.99319,23.00000,13.00000,1063.00000,1,Baik
2026-09-06T09:17:51Z,2026-09-06 16:17:51,2752,27.50000,54.30000,0.00031,1.98249,23.00000,13.00000,1061.00000,1,Baik
2026-09-06T09:18:11Z,2026-09-06 16:18:11,2753,27.50000,54.30000,0.00031,1.89317,22.00000,13.00000,1052.00000,1,Baik
2026-09-06T09:18:31Z,2026-09-06 16:18:31,2754,27.40000,54.20000,0.00031,1.98348,23.00000,13.00000,1057.00000,1,Baik
2026-09-06T09:18:51Z,2026-09-06 16:18:51,2755,27.40000,54.20000,0.00031,1.88524,21.00000,13.00000,1049.00000,1,Baik
2026-09-06T09:19:11Z,2026-09-06 16:19:11,2756,27.40000,54.10000,0.00031,1.90548,22.00000,13.00000,1042.00000,1,Baik
2026-09-06T09:19:31Z,2026-09-06 16:19:31,2757,27.40000,54.10000,0.00031,1.88524,21.00000,13.00000,1043.00000,1,Baik
2026-09-06T09:19:51Z,2026-09-06 16:19:51,2758,27.30000,54.00000,0.00031,1.91289,22.00000,13.00000,1046.00000,1,Baik
2026-09-06T09:20:11Z,2026-09-06 16:20:11,2759,27.30000,53.90000,0.00031,1.90548,22.00000,13.00000,1045.00000,1,Baik
2026-09-06T09:20:31Z,2026-09-06 16:20:31,2760,27.30000,53.90000,0.00031,1.91289,22.00000,13.00000,1043.00000,1,Baik
2026-09-06T09:20:51Z,2026-09-06 16:20:51,2761,27.30000,53.80000,0.00031,1.91289,22.00000,13.00000,1040.00000,1,Baik
2026-09-06T09:21:11Z,2026-09-06 16:21:11,2762,27.30000,53.80000,0.00031,1.90548,22.00000,13.00000,1040.00000,1,Baik
2026-09-06T09:21:31Z,2026-09-06 16:21:31,2763,27.30000,53.70000,0.00031,1.87676,21.00000,13.00000,1040.00000,1,Baik
2026-09-06T09:21:51Z,2026-09-06 16:21:51,2764,27.20000,53.70000,0.00031,1.92038,22.00000,13.00000,1037.00000,1,Baik
2026-09-06T09:22:11Z,2026-09-06 16:22:11,2765,27.30000,53.60000,0.00031,1.91289,22.00000,13.00000,1045.00000,1,Baik
2026-09-06T09:22:31Z,2026-09-06 16:22:31,2766,27.20000,53.60000,0.00031,1.91289,22.00000,13.00000,1035.00000,1,Baik
2026-09-06T09:22:51Z,2026-09-06 16:22:51,2767,27.20000,53.50000,0.00031,1.92038,22.00000,13.00000,1023.00000,1,Baik
2026-09-06T09:23:11Z,2026-09-06 16:23:11,2768,27.20000,53.50000,0.00031,1.40386,16.00000,13.00000,1020.00000,1,Baik
2026-09-06T09:23:31Z,2026-09-06 16:23:31,2769,27.20000,53.40000,0.00031,1.80174,20.00000,13.00000,1008.00000,1,Baik
2026-09-06T09:23:51Z,2026-09-06 16:23:51,2770,27.10000,53.40000,0.00031,1.62575,18.00000,13.00000,1003.00000,1,Baik
2026-09-06T09:24:11Z,2026-09-06 16:24:11,2771,27.10000,53.30000,0.00031,1.62575,18.00000,13.00000,999.00000,1,Baik
2026-09-06T09:24:31Z,2026-09-06 16:24:31,2772,27.10000,53.30000,0.00031,1.65704,19.00000,13.00000,992.00000,1,Baik
2026-09-06T09:24:51Z,2026-09-06 16:24:51,2773,27.10000,53.20000,0.00031,1.42197,16.00000,13.00000,1004.00000,1,Baik
2026-09-06T09:25:11Z,2026-09-06 16:25:11,2774,27.10000,53.10000,0.00031,1.41389,16.00000,13.00000,993.00000,1,Baik
2026-09-06T09:25:31Z,2026-09-06 16:25:31,2775,27.10000,53.00000,0.00031,1.41389,16.00000,13.00000,995.00000,1,Baik
2026-09-06T09:25:51Z,2026-09-06 16:25:51,2776,27.10000,53.00000,0.00031,1.41389,16.00000,13.00000,990.00000,1,Baik
2026-09-06T09:26:11Z,2026-09-06 16:26:11,2777,27.00000,53.00000,0.00031,1.70661,19.00000,13.00000,990.00000,1,Baik
2026-09-06T09:26:31Z,2026-09-06 16:26:31,2778,27.00000,53.00000,0.00031,1.68131,19.00000,13.00000,979.00000,1,Baik
2026-09-06T09:26:51Z,2026-09-06 16:26:51,2779,27.00000,52.90000,0.00031,1.68131,19.00000,13.00000,977.00000,1,Baik
2026-09-06T09:27:11Z,2026-09-06 16:27:11,2780,27.00000,52.90000,0.00031,1.68131,19.00000,13.00000,980.00000,1,Baik
2026-09-06T09:27:31Z,2026-09-06 16:27:31,2781,27.00000,52.80000,0.00031,1.69512,19.00000,13.00000,974.00000,1,Baik
2026-09-06T09:27:51Z,2026-09-06 16:27:51,2782,27.00000,52.70000,0.00031,1.69512,19.00000,13.00000,971.00000,1,Baik
2026-09-06T09:28:11Z,2026-09-06 16:28:11,2783,27.00000,52.70000,0.00031,1.68131,19.00000,13.00000,975.00000,1,Baik
2026-09-06T09:28:31Z,2026-09-06 16:28:31,2784,27.00000,52.80000,0.00031,1.69512,19.00000,13.00000,975.00000,1,Baik
2026-09-06T09:28:51Z,2026-09-06 16:28:51,2785,27.00000,52.80000,0.00031,1.70661,19.00000,13.00000,976.00000,1,Baik
2026-09-06T09:29:11Z,2026-09-06 16:29:11,2786,26.90000,52.70000,0.00031,1.72249,20.00000,13.00000,970.00000,1,Baik
2026-09-06T09:29:31Z,2026-09-06 16:29:31,2787,26.90000,52.70000,0.00031,1.74206,20.00000,13.00000,977.00000,1,Baik
2026-09-06T09:29:51Z,2026-09-06 16:29:51,2788,26.90000,52.70000,0.00031,1.73398,20.00000,13.00000,981.00000,1,Baik
2026-09-06T09:30:11Z,2026-09-06 16:30:11,2789,26.90000,52.70000,0.00031,1.73398,20.00000,13.00000,979.00000,1,Baik
2026-09-06T09:30:31Z,2026-09-06 16:30:31,2790,26.90000,52.60000,0.00031,1.72249,20.00000,13.00000,976.00000,1,Baik
2026-09-06T09:30:51Z,2026-09-06 16:30:51,2791,26.90000,52.70000,0.00031,1.70868,19.00000,13.00000,974.00000,1,Baik
2026-09-06T09:31:11Z,2026-09-06 16:31:11,2792,26.90000,52.70000,0.00031,1.70868,19.00000,13.00000,975.00000,1,Baik
2026-09-06T09:31:31Z,2026-09-06 16:31:31,2793,26.90000,52.60000,0.00031,1.70868,19.00000,13.00000,969.00000,1,Baik
2026-09-06T09:31:51Z,2026-09-06 16:31:51,2794,26.90000,52.60000,0.00031,1.70868,19.00000,13.00000,976.00000,1,Baik
2026-09-06T09:32:11Z,2026-09-06 16:32:11,2795,26.80000,52.60000,0.00031,1.70868,19.00000,13.00000,967.00000,1,Baik
2026-09-06T09:32:31Z,2026-09-06 16:32:31,2796,26.80000,52.50000,0.00031,1.70868,19.00000,13.00000,976.00000,1,Baik
2026-09-06T09:32:51Z,2026-09-06 16:32:51,2797,26.80000,52.50000,0.00031,1.70868,19.00000,13.00000,975.00000,1,Baik
2026-09-06T09:33:11Z,2026-09-06 16:33:11,2798,26.80000,52.50000,0.00031,1.69471,19.00000,13.00000,970.00000,1,Baik
2026-09-06T09:33:31Z,2026-09-06 16:33:31,2799,26.80000,52.40000,0.00031,1.69471,19.00000,13.00000,974.00000,1,Baik
2026-09-06T09:33:51Z,2026-09-06 16:33:51,2800,26.80000,52.30000,0.00031,1.69471,19.00000,13.00000,974.00000,1,Baik
2026-09-06T09:34:11Z,2026-09-06 16:34:11,2801,26.80000,52.30000,0.00031,1.70868,19.00000,13.00000,974.00000,1,Baik
2026-09-06T09:34:31Z,2026-09-06 16:34:31,2802,26.80000,52.30000,0.00031,1.69471,19.00000,13.00000,969.00000,1,Baik
2026-09-06T09:34:51Z,2026-09-06 16:34:51,2803,26.80000,52.20000,0.00031,1.69471,19.00000,13.00000,970.00000,1,Baik
2026-09-06T09:35:11Z,2026-09-06 16:35:11,2804,26.80000,52.10000,0.00031,1.70868,19.00000,13.00000,970.00000,1,Baik
2026-09-06T09:35:31Z,2026-09-06 16:35:31,2805,26.80000,52.10000,0.00031,1.70868,19.00000,13.00000,971.00000,1,Baik
2026-09-06T09:35:51Z,2026-09-06 16:35:51,2806,26.70000,52.10000,0.00031,1.70868,19.00000,13.00000,971.00000,1,Baik
2026-09-06T09:36:11Z,2026-09-06 16:36:11,2807,26.70000,52.10000,0.00031,1.70868,19.00000,13.00000,968.00000,1,Baik
2026-09-06T09:36:31Z,2026-09-06 16:36:31,2808,26.70000,52.10000,0.00031,1.70868,19.00000,13.00000,975.00000,1,Baik
2026-09-06T09:36:51Z,2026-09-06 16:36:51,2809,26.70000,52.10000,0.00031,1.70868,19.00000,13.00000,967.00000,1,Baik
2026-09-06T09:37:11Z,2026-09-06 16:37:11,2810,26.70000,52.10000,0.00031,1.69471,19.00000,13.00000,966.00000,1,Baik
2026-09-06T09:37:31Z,2026-09-06 16:37:31,2811,26.70000,52.00000,0.00031,1.70868,19.00000,13.00000,975.00000,1,Baik
2026-09-06T09:37:51Z,2026-09-06 16:37:51,2812,26.60000,52.00000,0.00031,1.70868,19.00000,13.00000,970.00000,1,Baik
2026-09-06T09:38:11Z,2026-09-06 16:38:11,2813,26.70000,52.00000,0.00031,1.70868,19.00000,13.00000,963.00000,1,Baik
2026-09-06T09:38:31Z,2026-09-06 16:38:31,2814,26.70000,52.00000,0.00031,1.70868,19.00000,13.00000,971.00000,1,Baik
2026-09-06T09:38:51Z,2026-09-06 16:38:51,2815,26.60000,52.00000,0.00031,1.70868,19.00000,13.00000,964.00000,1,Baik
2026-09-06T09:39:11Z,2026-09-06 16:39:11,2816,26.60000,52.00000,0.00031,1.70868,19.00000,13.00000,960.00000,1,Baik
2026-09-06T09:39:31Z,2026-09-06 16:39:31,2817,26.60000,51.90000,0.00031,1.70868,19.00000,13.00000,961.00000,1,Baik
2026-09-06T09:39:51Z,2026-09-06 16:39:51,2818,26.60000,51.90000,0.00031,1.70868,19.00000,13.00000,961.00000,1,Baik
2026-09-06T09:40:11Z,2026-09-06 16:40:11,2819,26.60000,51.90000,0.00031,1.70868,19.00000,13.00000,960.00000,1,Baik
2026-09-06T09:40:31Z,2026-09-06 16:40:31,2820,26.60000,51.90000,0.00031,1.70868,19.00000,13.00000,960.00000,1,Baik
2026-09-06T09:40:51Z,2026-09-06 16:40:51,2821,26.60000,51.90000,0.00031,1.70868,19.00000,13.00000,959.00000,1,Baik
2026-09-06T09:41:11Z,2026-09-06 16:41:11,2822,26.60000,51.90000,0.00031,1.70868,19.00000,13.00000,961.00000,1,Baik
2026-09-06T09:41:31Z,2026-09-06 16:41:31,2823,26.60000,51.90000,0.00031,1.70868,19.00000,13.00000,963.00000,1,Baik
2026-09-06T09:41:51Z,2026-09-06 16:41:51,2824,26.60000,51.80000,0.00031,1.70868,19.00000,13.00000,959.00000,1,Baik
2026-09-06T09:42:11Z,2026-09-06 16:42:11,2825,26.50000,51.80000,0.00031,1.69471,19.00000,13.00000,960.00000,1,Baik
2026-09-06T09:42:31Z,2026-09-06 16:42:31,2826,26.60000,51.80000,0.00031,1.70868,19.00000,13.00000,965.00000,1,Baik
2026-09-06T09:42:51Z,2026-09-06 16:42:51,2827,26.50000,51.70000,0.00031,1.69471,19.00000,13.00000,960.00000,1,Baik
2026-09-06T09:43:11Z,2026-09-06 16:43:11,2828,26.50000,51.70000,0.00031,1.69471,19.00000,13.00000,957.00000,1,Baik
2026-09-06T09:43:31Z,2026-09-06 16:43:31,2829,26.50000,51.70000,0.00031,1.69471,19.00000,13.00000,959.00000,1,Baik
2026-09-06T09:43:51Z,2026-09-06 16:43:51,2830,26.50000,51.80000,0.00031,1.69471,19.00000,13.00000,960.00000,1,Baik
2026-09-06T09:44:11Z,2026-09-06 16:44:11,2831,26.50000,51.70000,0.00031,1.70868,19.00000,13.00000,951.00000,1,Baik
2026-09-06T09:44:31Z,2026-09-06 16:44:31,2832,26.50000,51.70000,0.00031,1.69471,19.00000,13.00000,957.00000,1,Baik
2026-09-06T09:44:51Z,2026-09-06 16:44:51,2833,26.50000,51.70000,0.00031,1.69471,19.00000,13.00000,957.00000,1,Baik
2026-09-06T09:45:11Z,2026-09-06 16:45:11,2834,26.50000,51.70000,0.00031,1.69471,19.00000,13.00000,955.00000,1,Baik
2026-09-06T09:45:31Z,2026-09-06 16:45:31,2835,26.50000,51.70000,0.00031,1.69471,19.00000,13.00000,961.00000,1,Baik
2026-09-06T09:45:51Z,2026-09-06 16:45:51,2836,26.50000,51.70000,0.00031,1.69471,19.00000,13.00000,953.00000,1,Baik
2026-09-06T09:46:11Z,2026-09-06 16:46:11,2837,26.50000,51.70000,0.00031,1.69729,19.00000,13.00000,954.00000,1,Baik
2026-09-06T09:46:31Z,2026-09-06 16:46:31,2838,26.50000,51.70000,0.00031,1.69471,19.00000,13.00000,943.00000,1,Baik
2026-09-06T09:46:51Z,2026-09-06 16:46:51,2839,26.40000,51.70000,0.00031,1.72249,20.00000,13.00000,962.00000,1,Baik
2026-09-06T09:47:11Z,2026-09-06 16:47:11,2840,26.40000,51.70000,0.00031,1.70868,19.00000,13.00000,965.00000,1,Baik
2026-09-06T09:47:31Z,2026-09-06 16:47:31,2841,26.40000,51.70000,0.00031,1.66823,19.00000,13.00000,959.00000,1,Baik
2026-09-06T09:47:51Z,2026-09-06 16:47:51,2842,26.40000,51.70000,0.00031,1.69471,19.00000,13.00000,950.00000,1,Baik
2026-09-06T09:48:11Z,2026-09-06 16:48:11,2843,26.40000,51.80000,0.00031,1.69471,19.00000,13.00000,960.00000,1,Baik
2026-09-06T09:48:31Z,2026-09-06 16:48:31,2844,26.40000,51.80000,0.00031,1.70868,19.00000,13.00000,962.00000,1,Baik
2026-09-06T09:48:51Z,2026-09-06 16:48:51,2845,26.40000,51.80000,0.00031,2.60028,30.00000,13.00000,960.00000,1,Baik
2026-09-06T09:49:11Z,2026-09-06 16:49:11,2846,26.40000,51.70000,0.00031,1.70868,19.00000,13.00000,964.00000,1,Baik
2026-09-06T09:49:31Z,2026-09-06 16:49:31,2847,26.40000,51.70000,0.00031,1.70868,19.00000,13.00000,969.00000,1,Baik
2026-09-06T09:49:51Z,2026-09-06 16:49:51,2848,26.40000,51.70000,0.00031,1.70868,19.00000,13.00000,965.00000,1,Baik
2026-09-06T09:50:11Z,2026-09-06 16:50:11,2849,26.40000,51.70000,0.00031,1.70868,19.00000,13.00000,970.00000,1,Baik
2026-09-06T09:50:31Z,2026-09-06 16:50:31,2850,26.30000,51.70000,0.00031,1.70868,19.00000,13.00000,972.00000,1,Baik
2026-09-06T09:50:51Z,2026-09-06 16:50:51,2851,26.30000,51.70000,0.00031,1.70868,19.00000,13.00000,975.00000,1,Baik
2026-09-06T09:51:11Z,2026-09-06 16:51:11,2852,26.30000,51.70000,0.00031,1.70868,19.00000,13.00000,973.00000,1,Baik
2026-09-06T09:51:31Z,2026-09-06 16:51:31,2853,26.30000,51.70000,0.00031,1.70868,19.00000,13.00000,978.00000,1,Baik
2026-09-06T09:51:51Z,2026-09-06 16:51:51,2854,26.30000,51.70000,0.00031,1.70868,19.00000,13.00000,981.00000,1,Baik
2026-09-06T09:52:11Z,2026-09-06 16:52:11,2855,26.30000,51.60000,0.00031,1.70868,19.00000,13.00000,990.00000,1,Baik
2026-09-06T09:52:31Z,2026-09-06 16:52:31,2856,26.30000,51.60000,0.00031,1.70868,19.00000,13.00000,975.00000,1,Baik
2026-09-06T09:52:51Z,2026-09-06 16:52:51,2857,26.30000,51.60000,0.00031,1.70868,19.00000,13.00000,973.00000,1,Baik
2026-09-06T09:53:11Z,2026-09-06 16:53:11,2858,26.30000,51.60000,0.00031,1.69471,19.00000,13.00000,969.00000,1,Baik
2026-09-06T09:53:31Z,2026-09-06 16:53:31,2859,26.30000,51.50000,0.00031,1.70868,19.00000,13.00000,966.00000,1,Baik
2026-09-06T09:53:51Z,2026-09-06 16:53:51,2860,26.30000,51.50000,0.00031,1.70868,19.00000,13.00000,970.00000,1,Baik
2026-09-06T09:54:11Z,2026-09-06 16:54:11,2861,26.30000,51.50000,0.00031,1.70868,19.00000,13.00000,986.00000,1,Baik
2026-09-06T09:54:31Z,2026-09-06 16:54:31,2862,26.30000,51.40000,0.00031,1.70868,19.00000,13.00000,977.00000,1,Baik
2026-09-06T09:54:51Z,2026-09-06 16:54:51,2863,26.30000,51.40000,0.00031,1.70868,19.00000,13.00000,974.00000,1,Baik
2026-09-06T09:55:11Z,2026-09-06 16:55:11,2864,26.30000,51.30000,0.00031,1.69471,19.00000,13.00000,971.00000,1,Baik
2026-09-06T09:55:31Z,2026-09-06 16:55:31,2865,26.30000,51.30000,0.00031,1.70868,19.00000,13.00000,974.00000,1,Baik
2026-09-06T09:55:51Z,2026-09-06 16:55:51,2866,26.30000,51.20000,0.00031,1.70868,19.00000,13.00000,966.00000,1,Baik
2026-09-06T09:56:11Z,2026-09-06 16:56:11,2867,26.30000,51.20000,0.00031,1.70868,19.00000,13.00000,969.00000,1,Baik
2026-09-06T09:56:31Z,2026-09-06 16:56:31,2868,26.30000,51.20000,0.00031,1.70868,19.00000,13.00000,976.00000,1,Baik
2026-09-06T09:56:51Z,2026-09-06 16:56:51,2869,26.30000,51.30000,0.00031,1.70868,19.00000,13.00000,976.00000,1,Baik
2026-09-06T09:57:11Z,2026-09-06 16:57:11,2870,26.30000,51.20000,0.00031,1.72249,20.00000,13.00000,979.00000,1,Baik
2026-09-06T09:57:31Z,2026-09-06 16:57:31,2871,26.30000,51.20000,0.00031,1.70868,19.00000,13.00000,974.00000,1,Baik
2026-09-06T09:57:51Z,2026-09-06 16:57:51,2872,26.30000,51.10000,0.00031,1.70868,19.00000,13.00000,966.00000,1,Baik
2026-09-06T09:58:11Z,2026-09-06 16:58:11,2873,26.30000,51.10000,0.00031,1.69471,19.00000,13.00000,963.00000,1,Baik
2026-09-06T09:58:31Z,2026-09-06 16:58:31,2874,26.30000,50.90000,0.00031,1.69729,19.00000,13.00000,963.00000,1,Baik
2026-09-06T09:58:51Z,2026-09-06 16:58:51,2875,26.30000,50.90000,0.00031,1.66823,19.00000,13.00000,960.00000,1,Baik
2026-09-06T09:59:11Z,2026-09-06 16:59:11,2876,26.30000,50.90000,0.00031,1.66823,19.00000,13.00000,959.00000,1,Baik
2026-09-06T09:59:31Z,2026-09-06 16:59:31,2877,26.30000,50.80000,0.00031,1.66823,19.00000,13.00000,957.00000,1,Baik
2026-09-06T09:59:51Z,2026-09-06 16:59:51,2878,26.30000,50.80000,0.00031,1.67610,19.00000,13.00000,953.00000,1,Baik
2026-09-06T10:00:11Z,2026-09-06 17:00:11,2879,26.30000,50.70000,0.00031,1.66823,19.00000,13.00000,958.00000,1,Baik
2026-09-06T10:00:31Z,2026-09-06 17:00:31,2880,26.30000,50.60000,0.00031,1.67610,19.00000,13.00000,956.00000,1,Baik
2026-09-06T10:00:51Z,2026-09-06 17:00:51,2881,26.30000,50.60000,0.00031,1.66823,19.00000,13.00000,961.00000,1,Baik
2026-09-06T10:01:11Z,2026-09-06 17:01:11,2882,26.30000,50.60000,0.00031,1.66823,19.00000,13.00000,962.00000,1,Baik
2026-09-06T10:01:31Z,2026-09-06 17:01:31,2883,26.30000,50.50000,0.00031,1.66823,19.00000,13.00000,960.00000,1,Baik
2026-09-06T10:01:51Z,2026-09-06 17:01:51,2884,26.30000,50.60000,0.00031,1.67610,19.00000,13.00000,959.00000,1,Baik
2026-09-06T10:02:12Z,2026-09-06 17:02:12,2885,26.30000,50.50000,0.00031,1.66823,19.00000,13.00000,963.00000,1,Baik
2026-09-06T10:02:32Z,2026-09-06 17:02:32,2886,26.20000,50.40000,0.00031,1.67610,19.00000,13.00000,959.00000,1,Baik
2026-09-06T10:02:51Z,2026-09-06 17:02:51,2887,26.20000,50.50000,0.00031,1.66823,19.00000,13.00000,959.00000,1,Baik
2026-09-06T10:03:11Z,2026-09-06 17:03:11,2888,26.20000,50.50000,0.00031,1.66823,19.00000,13.00000,961.00000,1,Baik
2026-09-06T10:03:32Z,2026-09-06 17:03:32,2889,26.20000,50.50000,0.00031,1.66823,19.00000,13.00000,961.00000,1,Baik
2026-09-06T10:03:51Z,2026-09-06 17:03:51,2890,26.20000,50.50000,0.00031,1.66823,19.00000,13.00000,961.00000,1,Baik
2026-09-06T10:04:11Z,2026-09-06 17:04:11,2891,26.20000,50.40000,0.00031,1.66823,19.00000,13.00000,961.00000,1,Baik
2026-09-06T10:04:32Z,2026-09-06 17:04:32,2892,26.20000,50.40000,0.00031,1.66823,19.00000,13.00000,962.00000,1,Baik
2026-09-06T10:04:51Z,2026-09-06 17:04:51,2893,26.20000,50.40000,0.00031,1.66823,19.00000,13.00000,965.00000,1,Baik
2026-09-06T10:05:11Z,2026-09-06 17:05:11,2894,26.20000,50.30000,0.00031,1.66823,19.00000,13.00000,960.00000,1,Baik
2026-09-06T10:05:32Z,2026-09-06 17:05:32,2895,26.20000,50.20000,0.00031,1.67610,19.00000,13.00000,959.00000,1,Baik
2026-09-06T10:05:52Z,2026-09-06 17:05:52,2896,26.20000,50.30000,0.00031,1.66823,19.00000,13.00000,960.00000,1,Baik
2026-09-06T10:06:11Z,2026-09-06 17:06:11,2897,26.20000,50.30000,0.00031,1.66823,19.00000,13.00000,959.00000,1,Baik
2026-09-06T10:06:32Z,2026-09-06 17:06:32,2898,26.20000,50.10000,0.00031,1.68119,19.00000,13.00000,961.00000,1,Baik
2026-09-06T10:06:52Z,2026-09-06 17:06:52,2899,26.20000,50.10000,0.00031,1.68119,19.00000,13.00000,965.00000,1,Baik
2026-09-06T10:07:11Z,2026-09-06 17:07:11,2900,26.20000,50.10000,0.00031,1.68119,19.00000,13.00000,958.00000,1,Baik
2026-09-06T10:07:31Z,2026-09-06 17:07:31,2901,26.20000,50.20000,0.00031,1.67610,19.00000,13.00000,962.00000,1,Baik
2026-09-06T10:07:52Z,2026-09-06 17:07:52,2902,26.20000,50.10000,0.00031,1.68907,19.00000,13.00000,957.00000,1,Baik
2026-09-06T10:08:11Z,2026-09-06 17:08:11,2903,26.20000,50.00000,0.00031,1.68907,19.00000,13.00000,957.00000,1,Baik
2026-09-06T10:08:32Z,2026-09-06 17:08:32,2904,26.20000,50.00000,0.00031,1.68907,19.00000,13.00000,954.00000,1,Baik
2026-09-06T10:08:52Z,2026-09-06 17:08:52,2905,26.20000,49.90000,0.00031,1.67369,19.00000,13.00000,947.00000,1,Baik
2026-09-06T10:09:11Z,2026-09-06 17:09:11,2906,26.20000,50.00000,0.00031,1.67369,19.00000,13.00000,950.00000,1,Baik
2026-09-06T10:09:31Z,2026-09-06 17:09:31,2907,26.20000,50.00000,0.00031,1.67520,19.00000,13.00000,946.00000,1,Baik
2026-09-06T10:09:52Z,2026-09-06 17:09:52,2908,26.20000,50.00000,0.00031,1.67520,19.00000,13.00000,954.00000,1,Baik
2026-09-06T10:10:11Z,2026-09-06 17:10:11,2909,26.20000,49.90000,0.00031,1.67369,19.00000,13.00000,955.00000,1,Baik
2026-09-06T10:10:32Z,2026-09-06 17:10:32,2910,26.20000,49.90000,0.00031,1.68907,19.00000,13.00000,953.00000,1,Baik
2026-09-06T10:10:52Z,2026-09-06 17:10:52,2911,26.20000,49.90000,0.00031,1.67369,19.00000,13.00000,951.00000,1,Baik
2026-09-06T10:11:11Z,2026-09-06 17:11:11,2912,26.20000,49.90000,0.00031,1.67369,19.00000,13.00000,956.00000,1,Baik
2026-09-06T10:11:31Z,2026-09-06 17:11:31,2913,26.10000,49.80000,0.00031,1.70541,19.00000,13.00000,957.00000,1,Baik
2026-09-06T10:11:52Z,2026-09-06 17:11:52,2914,26.10000,49.80000,0.00031,1.70541,19.00000,13.00000,957.00000,1,Baik
2026-09-06T10:12:12Z,2026-09-06 17:12:12,2915,26.10000,49.80000,0.00031,1.70541,19.00000,13.00000,953.00000,1,Baik
2026-09-06T10:12:32Z,2026-09-06 17:12:32,2916,26.10000,49.70000,0.00031,1.65160,19.00000,13.00000,955.00000,1,Baik
2026-09-06T10:12:52Z,2026-09-06 17:12:52,2917,26.10000,49.70000,0.00031,1.66697,19.00000,13.00000,956.00000,1,Baik
2026-09-06T10:13:12Z,2026-09-06 17:13:12,2918,26.10000,49.70000,0.00031,1.66697,19.00000,13.00000,956.00000,1,Baik
2026-09-06T10:13:32Z,2026-09-06 17:13:32,2919,26.10000,49.70000,0.00031,1.66697,19.00000,13.00000,960.00000,1,Baik
2026-09-06T10:13:52Z,2026-09-06 17:13:52,2920,26.10000,49.60000,0.00031,1.66697,19.00000,13.00000,955.00000,1,Baik
2026-09-06T10:14:12Z,2026-09-06 17:14:12,2921,26.10000,49.60000,0.00031,1.65160,19.00000,13.00000,957.00000,1,Baik
2026-09-06T10:14:32Z,2026-09-06 17:14:32,2922,26.10000,49.60000,0.00031,1.66697,19.00000,13.00000,958.00000,1,Baik
2026-09-06T10:14:52Z,2026-09-06 17:14:52,2923,26.10000,49.50000,0.00031,1.66697,19.00000,13.00000,960.00000,1,Baik
2026-09-06T10:15:12Z,2026-09-06 17:15:12,2924,26.10000,49.60000,0.00031,1.66697,19.00000,13.00000,963.00000,1,Baik
2026-09-06T10:15:32Z,2026-09-06 17:15:32,2925,26.00000,49.60000,0.00031,1.65909,19.00000,13.00000,976.00000,1,Baik
2026-09-06T10:15:52Z,2026-09-06 17:15:52,2926,26.10000,49.60000,0.00031,1.66697,19.00000,13.00000,960.00000,1,Baik
2026-09-06T10:16:12Z,2026-09-06 17:16:12,2927,26.00000,49.50000,0.00031,1.66697,19.00000,13.00000,951.00000,1,Baik
2026-09-06T10:16:32Z,2026-09-06 17:16:32,2928,26.00000,49.50000,0.00031,1.65311,19.00000,13.00000,950.00000,1,Baik
2026-09-06T10:16:52Z,2026-09-06 17:16:52,2929,26.00000,49.50000,0.00031,1.68193,19.00000,13.00000,944.00000,1,Baik
2026-09-06T10:17:12Z,2026-09-06 17:17:12,2930,26.00000,49.50000,0.00031,1.65311,19.00000,13.00000,944.00000,1,Baik
2026-09-06T10:17:32Z,2026-09-06 17:17:32,2931,26.00000,49.40000,0.00031,1.68193,19.00000,13.00000,944.00000,1,Baik
2026-09-06T10:17:52Z,2026-09-06 17:17:52,2932,26.00000,49.40000,0.00031,1.62795,18.00000,13.00000,943.00000,1,Baik
2026-09-06T10:18:12Z,2026-09-06 17:18:12,2933,26.00000,49.40000,0.00031,1.62795,18.00000,13.00000,941.00000,1,Baik
2026-09-06T10:18:32Z,2026-09-06 17:18:32,2934,26.00000,49.40000,0.00031,1.65311,19.00000,13.00000,937.00000,1,Baik
2026-09-06T10:18:52Z,2026-09-06 17:18:52,2935,26.00000,49.40000,0.00031,1.53601,17.00000,13.00000,941.00000,1,Baik
2026-09-06T10:19:12Z,2026-09-06 17:19:12,2936,26.00000,49.30000,0.00031,1.54386,18.00000,13.00000,935.00000,1,Baik
2026-09-06T10:19:32Z,2026-09-06 17:19:32,2937,26.00000,49.40000,0.00031,1.55517,18.00000,13.00000,933.00000,1,Baik
2026-09-06T10:19:52Z,2026-09-06 17:19:52,2938,26.00000,49.30000,0.00031,1.51549,17.00000,13.00000,937.00000,1,Baik
2026-09-06T10:20:12Z,2026-09-06 17:20:12,2939,26.00000,49.30000,0.00031,1.54386,18.00000,13.00000,937.00000,1,Baik
2026-09-06T10:20:32Z,2026-09-06 17:20:32,2940,26.00000,49.30000,0.00031,1.54386,18.00000,13.00000,935.00000,1,Baik
2026-09-06T10:20:52Z,2026-09-06 17:20:52,2941,26.00000,49.20000,0.00031,1.49268,17.00000,13.00000,932.00000,1,Baik
2026-09-06T10:21:12Z,2026-09-06 17:21:12,2942,26.00000,49.20000,0.00031,1.56301,18.00000,13.00000,933.00000,1,Baik
2026-09-06T10:21:32Z,2026-09-06 17:21:32,2943,26.00000,49.20000,0.00031,1.63579,19.00000,13.00000,941.00000,1,Baik
2026-09-06T10:21:52Z,2026-09-06 17:21:52,2944,26.10000,49.20000,0.00031,1.56301,18.00000,13.00000,938.00000,1,Baik
2026-09-06T10:22:12Z,2026-09-06 17:22:12,2945,26.00000,49.10000,0.00031,1.56301,18.00000,13.00000,939.00000,1,Baik
2026-09-06T10:22:32Z,2026-09-06 17:22:32,2946,26.10000,49.20000,0.00031,1.53001,17.00000,13.00000,942.00000,1,Baik
2026-09-06T10:22:52Z,2026-09-06 17:22:52,2947,26.10000,49.00000,0.00031,1.53001,17.00000,13.00000,939.00000,1,Baik
2026-09-06T10:23:12Z,2026-09-06 17:23:12,2948,26.10000,49.00000,0.00031,1.56301,18.00000,13.00000,943.00000,1,Baik
2026-09-06T10:23:32Z,2026-09-06 17:23:32,2949,26.00000,48.90000,0.00031,1.55861,18.00000,13.00000,936.00000,1,Baik
2026-09-06T10:23:52Z,2026-09-06 17:23:52,2950,26.00000,48.90000,0.00031,1.55861,18.00000,13.00000,938.00000,1,Baik
2026-09-06T10:24:12Z,2026-09-06 17:24:12,2951,26.00000,48.80000,0.00031,1.56747,18.00000,13.00000,939.00000,1,Baik
2026-09-06T10:24:32Z,2026-09-06 17:24:32,2952,26.00000,48.80000,0.00031,1.57457,18.00000,13.00000,942.00000,1,Baik
2026-09-06T10:24:52Z,2026-09-06 17:24:52,2953,26.00000,48.70000,0.00031,1.57457,18.00000,13.00000,932.00000,1,Baik
2026-09-06T10:25:12Z,2026-09-06 17:25:12,2954,26.00000,48.70000,0.00031,1.58663,18.00000,13.00000,941.00000,1,Baik
2026-09-06T10:25:32Z,2026-09-06 17:25:32,2955,26.00000,48.60000,0.00031,1.57457,18.00000,13.00000,939.00000,1,Baik
2026-09-06T10:25:52Z,2026-09-06 17:25:52,2956,26.00000,48.60000,0.00031,1.52735,17.00000,13.00000,969.00000,1,Baik
2026-09-06T10:26:12Z,2026-09-06 17:26:12,2957,26.00000,48.60000,0.00031,1.64800,19.00000,13.00000,943.00000,1,Baik
2026-09-06T10:26:32Z,2026-09-06 17:26:32,2958,26.00000,48.60000,0.00031,1.69114,19.00000,13.00000,947.00000,1,Baik
2026-09-06T10:26:52Z,2026-09-06 17:26:52,2959,26.00000,48.60000,0.00031,1.71003,19.00000,13.00000,943.00000,1,Baik
2026-09-06T10:27:12Z,2026-09-06 17:27:12,2960,26.00000,48.40000,0.00031,1.70251,19.00000,13.00000,944.00000,1,Baik
2026-09-06T10:27:32Z,2026-09-06 17:27:32,2961,26.00000,48.40000,0.00031,1.54840,18.00000,13.00000,944.00000,1,Baik
2026-09-06T10:27:52Z,2026-09-06 17:27:52,2962,26.00000,48.40000,0.00031,1.66364,19.00000,13.00000,944.00000,1,Baik
2026-09-06T10:28:12Z,2026-09-06 17:28:12,2963,25.90000,48.40000,0.00031,1.72355,20.00000,13.00000,945.00000,1,Baik
2026-09-06T10:28:32Z,2026-09-06 17:28:32,2964,25.90000,48.40000,0.00031,1.71180,19.00000,13.00000,944.00000,1,Baik
2026-09-06T10:28:52Z,2026-09-06 17:28:52,2965,25.90000,48.30000,0.00031,1.70336,19.00000,13.00000,944.00000,1,Baik
2026-09-06T10:29:12Z,2026-09-06 17:29:12,2966,25.90000,48.30000,0.00031,1.71511,19.00000,13.00000,944.00000,1,Baik
2026-09-06T10:29:32Z,2026-09-06 17:29:32,2967,25.90000,48.30000,0.00031,1.74833,20.00000,13.00000,949.00000,1,Baik
2026-09-06T10:29:52Z,2026-09-06 17:29:52,2968,25.90000,48.20000,0.00031,1.72562,20.00000,13.00000,950.00000,1,Baik
2026-09-06T10:30:12Z,2026-09-06 17:30:12,2969,26.00000,48.20000,0.00031,1.74833,20.00000,13.00000,944.00000,1,Baik
2026-09-06T10:30:32Z,2026-09-06 17:30:32,2970,25.90000,48.10000,0.00031,1.74833,20.00000,13.00000,944.00000,1,Baik
2026-09-06T10:30:52Z,2026-09-06 17:30:52,2971,25.90000,48.10000,0.00031,1.74833,20.00000,13.00000,944.00000,1,Baik
2026-09-06T10:31:12Z,2026-09-06 17:31:12,2972,25.90000,48.10000,0.00031,1.74833,20.00000,13.00000,944.00000,1,Baik
2026-09-06T10:31:32Z,2026-09-06 17:31:32,2973,25.90000,48.10000,0.00031,1.74833,20.00000,13.00000,944.00000,1,Baik
2026-09-06T10:31:52Z,2026-09-06 17:31:52,2974,25.90000,48.00000,0.00031,1.72738,20.00000,13.00000,944.00000,1,Baik
2026-09-06T10:32:12Z,2026-09-06 17:32:12,2975,25.90000,47.90000,0.00031,1.70468,19.00000,13.00000,946.00000,1,Baik
2026-09-06T10:32:32Z,2026-09-06 17:32:32,2976,25.90000,48.00000,0.00031,1.72738,20.00000,13.00000,944.00000,1,Baik
2026-09-06T10:32:52Z,2026-09-06 17:32:52,2977,25.90000,48.00000,0.00031,1.72738,20.00000,13.00000,934.00000,1,Baik
2026-09-06T10:33:12Z,2026-09-06 17:33:12,2978,25.90000,48.10000,0.00031,1.72562,20.00000,13.00000,944.00000,1,Baik
2026-09-06T10:33:32Z,2026-09-06 17:33:32,2979,25.90000,48.00000,0.00031,1.72738,20.00000,13.00000,942.00000,1,Baik
2026-09-06T10:33:52Z,2026-09-06 17:33:52,2980,25.90000,48.00000,0.00031,1.70468,19.00000,13.00000,944.00000,1,Baik
2026-09-06T10:34:12Z,2026-09-06 17:34:12,2981,25.90000,48.10000,0.00031,1.72562,20.00000,13.00000,944.00000,1,Baik
2026-09-06T10:34:32Z,2026-09-06 17:34:32,2982,25.90000,48.10000,0.00031,1.72562,20.00000,13.00000,946.00000,1,Baik
2026-09-06T10:34:52Z,2026-09-06 17:34:52,2983,25.90000,48.20000,0.00031,1.72562,20.00000,13.00000,948.00000,1,Baik
2026-09-06T10:35:12Z,2026-09-06 17:35:12,2984,25.90000,48.10000,0.00031,1.72562,20.00000,13.00000,946.00000,1,Baik
2026-09-06T10:35:32Z,2026-09-06 17:35:32,2985,25.90000,48.10000,0.00031,1.73941,20.00000,13.00000,945.00000,1,Baik
2026-09-06T10:35:52Z,2026-09-06 17:35:52,2986,25.90000,48.30000,0.00031,1.72404,20.00000,13.00000,944.00000,1,Baik
2026-09-06T10:36:12Z,2026-09-06 17:36:12,2987,25.90000,48.20000,0.00031,1.73941,20.00000,13.00000,944.00000,1,Baik
2026-09-06T10:36:32Z,2026-09-06 17:36:32,2988,25.90000,48.20000,0.00031,1.73941,20.00000,13.00000,947.00000,1,Baik
2026-09-06T10:36:52Z,2026-09-06 17:36:52,2989,25.90000,48.60000,0.00031,1.70831,19.00000,13.00000,946.00000,1,Baik
2026-09-06T10:37:12Z,2026-09-06 17:37:12,2990,26.00000,49.20000,0.00031,1.67481,19.00000,13.00000,957.00000,1,Baik
2026-09-06T10:37:32Z,2026-09-06 17:37:32,2991,26.00000,49.00000,0.00031,1.67481,19.00000,13.00000,958.00000,1,Baik
2026-09-06T10:37:52Z,2026-09-06 17:37:52,2992,26.00000,49.00000,0.00031,1.67481,19.00000,13.00000,960.00000,1,Baik
2026-09-06T10:38:12Z,2026-09-06 17:38:12,2993,26.00000,48.90000,0.00031,1.68228,19.00000,13.00000,958.00000,1,Baik
2026-09-06T10:38:32Z,2026-09-06 17:38:32,2994,25.90000,48.80000,0.00031,1.70831,19.00000,13.00000,957.00000,1,Baik
2026-09-06T10:38:52Z,2026-09-06 17:38:52,2995,25.90000,48.70000,0.00031,1.70043,19.00000,13.00000,959.00000,1,Baik
2026-09-06T10:39:12Z,2026-09-06 17:39:12,2996,25.90000,48.70000,0.00031,1.70043,19.00000,13.00000,960.00000,1,Baik
2026-09-06T10:39:32Z,2026-09-06 17:39:32,2997,25.90000,48.60000,0.00031,1.70043,19.00000,13.00000,959.00000,1,Baik
2026-09-06T10:39:52Z,2026-09-06 17:39:52,2998,25.90000,48.60000,0.00031,1.70043,19.00000,13.00000,953.00000,1,Baik
2026-09-06T10:40:12Z,2026-09-06 17:40:12,2999,25.90000,48.50000,0.00031,1.71095,19.00000,13.00000,960.00000,1,Baik
2026-09-06T10:40:32Z,2026-09-06 17:40:32,3000,25.90000,48.50000,0.00031,1.71883,20.00000,13.00000,957.00000,1,Baik
2026-09-06T10:40:52Z,2026-09-06 17:40:52,3001,25.90000,48.50000,0.00031,1.71883,20.00000,13.00000,955.00000,1,Baik
2026-09-06T10:41:12Z,2026-09-06 17:41:12,3002,25.90000,48.40000,0.00031,1.72717,20.00000,13.00000,895.00000,1,Baik
2026-09-06T10:41:32Z,2026-09-06 17:41:32,3003,25.80000,48.40000,0.00031,1.72717,20.00000,13.00000,959.00000,1,Baik
2026-09-06T10:41:52Z,2026-09-06 17:41:52,3004,25.80000,48.40000,0.00031,1.72717,20.00000,13.00000,958.00000,1,Baik
2026-09-06T10:42:12Z,2026-09-06 17:42:12,3005,25.80000,48.40000,0.00031,1.72717,20.00000,13.00000,958.00000,1,Baik
2026-09-06T10:42:32Z,2026-09-06 17:42:32,3006,25.80000,48.30000,0.00031,1.76319,20.00000,13.00000,961.00000,1,Baik
2026-09-06T10:42:52Z,2026-09-06 17:42:52,3007,25.80000,48.30000,0.00031,1.76319,20.00000,13.00000,956.00000,1,Baik
2026-09-06T10:43:12Z,2026-09-06 17:43:12,3008,25.70000,48.30000,0.00031,1.76319,20.00000,13.00000,955.00000,1,Baik
2026-09-06T10:43:32Z,2026-09-06 17:43:32,3009,25.70000,48.30000,0.00031,1.76319,20.00000,13.00000,960.00000,1,Baik
2026-09-06T10:43:52Z,2026-09-06 17:43:52,3010,25.70000,48.30000,0.00031,1.76319,20.00000,13.00000,957.00000,1,Baik
2026-09-06T10:44:12Z,2026-09-06 17:44:12,3011,25.70000,48.20000,0.00031,1.76319,20.00000,13.00000,960.00000,1,Baik
2026-09-06T10:44:32Z,2026-09-06 17:44:32,3012,25.70000,48.10000,0.00031,1.76319,20.00000,13.00000,960.00000,1,Baik
2026-09-06T10:44:52Z,2026-09-06 17:44:52,3013,25.60000,48.00000,0.00031,1.75247,20.00000,13.00000,957.00000,1,Baik
2026-09-06T10:45:12Z,2026-09-06 17:45:12,3014,25.60000,48.10000,0.00031,1.77341,20.00000,13.00000,961.00000,1,Baik
2026-09-06T10:45:32Z,2026-09-06 17:45:32,3015,25.60000,48.00000,0.00031,1.75247,20.00000,13.00000,963.00000,1,Baik
2026-09-06T10:45:52Z,2026-09-06 17:45:52,3016,25.60000,48.00000,0.00031,1.75247,20.00000,13.00000,960.00000,1,Baik
2026-09-06T10:46:12Z,2026-09-06 17:46:12,3017,25.60000,48.00000,0.00031,1.76090,20.00000,13.00000,962.00000,1,Baik
2026-09-06T10:46:32Z,2026-09-06 17:46:32,3018,25.60000,48.00000,0.00031,1.76090,20.00000,13.00000,956.00000,1,Baik
2026-09-06T10:46:52Z,2026-09-06 17:46:52,3019,25.50000,48.00000,0.00031,1.76090,20.00000,13.00000,960.00000,1,Baik
2026-09-06T10:47:12Z,2026-09-06 17:47:12,3020,25.50000,47.90000,0.00031,1.76090,20.00000,13.00000,969.00000,1,Baik
2026-09-06T10:47:32Z,2026-09-06 17:47:32,3021,25.50000,48.00000,0.00031,1.76435,20.00000,13.00000,961.00000,1,Baik
2026-09-06T10:47:52Z,2026-09-06 17:47:52,3022,25.50000,47.90000,0.00031,1.76090,20.00000,13.00000,951.00000,1,Baik
2026-09-06T10:48:12Z,2026-09-06 17:48:12,3023,25.50000,47.90000,0.00031,1.76435,20.00000,13.00000,958.00000,1,Baik
2026-09-06T10:48:32Z,2026-09-06 17:48:32,3024,25.50000,47.80000,0.00031,1.76852,20.00000,13.00000,960.00000,1,Baik
2026-09-06T10:48:52Z,2026-09-06 17:48:52,3025,25.50000,47.80000,0.00031,1.76090,20.00000,13.00000,959.00000,1,Baik
2026-09-06T10:49:12Z,2026-09-06 17:49:12,3026,25.50000,47.80000,0.00031,1.76090,20.00000,13.00000,959.00000,1,Baik
2026-09-06T10:49:32Z,2026-09-06 17:49:32,3027,25.50000,47.70000,0.00031,1.76090,20.00000,13.00000,956.00000,1,Baik
2026-09-06T10:49:52Z,2026-09-06 17:49:52,3028,25.50000,47.70000,0.00031,1.76090,20.00000,13.00000,947.00000,1,Baik
2026-09-06T10:50:12Z,2026-09-06 17:50:12,3029,25.50000,47.70000,0.00031,1.76090,20.00000,13.00000,950.00000,1,Baik
2026-09-06T10:50:32Z,2026-09-06 17:50:32,3030,25.50000,47.60000,0.00031,1.77958,20.00000,13.00000,947.00000,1,Baik
2026-09-06T10:50:52Z,2026-09-06 17:50:52,3031,25.40000,47.70000,0.00031,1.77958,20.00000,13.00000,947.00000,1,Baik
2026-09-06T10:51:12Z,2026-09-06 17:51:12,3032,25.50000,47.60000,0.00031,1.77958,20.00000,13.00000,947.00000,1,Baik
2026-09-06T10:51:32Z,2026-09-06 17:51:32,3033,25.40000,47.60000,0.00031,1.77958,20.00000,13.00000,947.00000,1,Baik
2026-09-06T10:51:52Z,2026-09-06 17:51:52,3034,25.40000,47.50000,0.00031,1.77958,20.00000,13.00000,947.00000,1,Baik
2026-09-06T10:52:12Z,2026-09-06 17:52:12,3035,25.40000,47.60000,0.00031,1.77958,20.00000,13.00000,947.00000,1,Baik
2026-09-06T10:52:32Z,2026-09-06 17:52:32,3036,25.40000,47.60000,0.00031,1.77958,20.00000,13.00000,949.00000,1,Baik
2026-09-06T10:52:52Z,2026-09-06 17:52:52,3037,25.40000,47.50000,0.00031,1.77958,20.00000,13.00000,945.00000,1,Baik
2026-09-06T10:53:12Z,2026-09-06 17:53:12,3038,25.40000,47.50000,0.00031,1.75580,20.00000,13.00000,946.00000,1,Baik
2026-09-06T10:53:32Z,2026-09-06 17:53:32,3039,25.40000,47.50000,0.00031,1.74043,20.00000,13.00000,945.00000,1,Baik
2026-09-06T10:53:52Z,2026-09-06 17:53:52,3040,25.40000,47.40000,0.00031,2.64062,30.00000,13.00000,946.00000,1,Baik
2026-09-06T10:54:12Z,2026-09-06 17:54:12,3041,25.40000,47.50000,0.00031,1.75580,20.00000,13.00000,944.00000,1,Baik
2026-09-06T10:54:32Z,2026-09-06 17:54:32,3042,25.40000,47.40000,0.00031,1.72040,20.00000,13.00000,944.00000,1,Baik
2026-09-06T10:54:52Z,2026-09-06 17:54:52,3043,25.40000,47.40000,0.00031,1.70503,19.00000,13.00000,944.00000,1,Baik
2026-09-06T10:55:12Z,2026-09-06 17:55:12,3044,25.40000,47.30000,0.00031,1.70503,19.00000,13.00000,942.00000,1,Baik
2026-09-06T10:55:32Z,2026-09-06 17:55:32,3045,25.40000,47.20000,0.00031,1.70661,19.00000,13.00000,943.00000,1,Baik
2026-09-06T10:55:52Z,2026-09-06 17:55:52,3046,25.40000,47.20000,0.00031,1.70661,19.00000,13.00000,942.00000,1,Baik
2026-09-06T10:56:12Z,2026-09-06 17:56:12,3047,25.40000,47.30000,0.00031,1.70661,19.00000,13.00000,939.00000,1,Baik
2026-09-06T10:56:32Z,2026-09-06 17:56:32,3048,25.40000,47.20000,0.00031,1.71910,20.00000,13.00000,937.00000,1,Baik
2026-09-06T10:56:52Z,2026-09-06 17:56:52,3049,25.40000,47.20000,0.00031,1.70683,19.00000,13.00000,934.00000,1,Baik
2026-09-06T10:57:12Z,2026-09-06 17:57:12,3050,25.40000,47.30000,0.00031,1.70683,19.00000,13.00000,934.00000,1,Baik
2026-09-06T10:57:32Z,2026-09-06 17:57:32,3051,25.40000,47.20000,0.00031,1.57120,18.00000,13.00000,931.00000,1,Baik
2026-09-06T10:57:52Z,2026-09-06 17:57:52,3052,25.40000,47.20000,0.00031,1.69507,19.00000,13.00000,935.00000,1,Baik
2026-09-06T10:58:12Z,2026-09-06 17:58:12,3053,25.40000,47.20000,0.00031,1.57120,18.00000,13.00000,930.00000,1,Baik
2026-09-06T10:58:32Z,2026-09-06 17:58:32,3054,25.40000,47.20000,0.00031,1.60637,18.00000,13.00000,933.00000,1,Baik
2026-09-06T10:58:52Z,2026-09-06 17:58:52,3055,25.40000,47.10000,0.00031,1.57250,18.00000,13.00000,939.00000,1,Baik
2026-09-06T10:59:12Z,2026-09-06 17:59:12,3056,25.40000,47.10000,0.00031,1.54938,18.00000,13.00000,932.00000,1,Baik
2026-09-06T10:59:32Z,2026-09-06 17:59:32,3057,25.40000,47.10000,0.00031,1.63439,19.00000,13.00000,923.00000,1,Baik
2026-09-06T10:59:52Z,2026-09-06 17:59:52,3058,25.40000,47.10000,0.00031,1.58455,18.00000,13.00000,928.00000,1,Baik
2026-09-06T11:00:12Z,2026-09-06 18:00:12,3059,25.30000,47.20000,0.00031,1.65621,19.00000,13.00000,929.00000,1,Baik
2026-09-06T11:00:32Z,2026-09-06 18:00:32,3060,25.30000,47.10000,0.00031,1.58455,18.00000,13.00000,931.00000,1,Baik
2026-09-06T11:00:52Z,2026-09-06 18:00:52,3061,25.30000,47.10000,0.00031,1.57250,18.00000,13.00000,930.00000,1,Baik
2026-09-06T11:01:12Z,2026-09-06 18:01:12,3062,25.30000,47.10000,0.00031,1.54938,18.00000,13.00000,928.00000,1,Baik
2026-09-06T11:01:32Z,2026-09-06 18:01:32,3063,25.30000,47.10000,0.00031,1.67326,19.00000,13.00000,935.00000,1,Baik
2026-09-06T11:01:52Z,2026-09-06 18:01:52,3064,25.30000,47.20000,0.00031,1.65621,19.00000,13.00000,935.00000,1,Baik
2026-09-06T11:02:12Z,2026-09-06 18:02:12,3065,25.30000,47.10000,0.00031,1.57250,18.00000,13.00000,930.00000,1,Baik
2026-09-06T11:02:32Z,2026-09-06 18:02:32,3066,25.30000,47.10000,0.00031,1.62298,18.00000,13.00000,937.00000,1,Baik
2026-09-06T11:02:52Z,2026-09-06 18:02:52,3067,25.30000,47.10000,0.00031,1.54938,18.00000,13.00000,931.00000,1,Baik
2026-09-06T11:03:12Z,2026-09-06 18:03:12,3068,25.30000,47.10000,0.00031,1.54938,18.00000,13.00000,929.00000,1,Baik
2026-09-06T11:03:32Z,2026-09-06 18:03:32,3069,25.30000,47.10000,0.00031,1.58455,18.00000,13.00000,928.00000,1,Baik
2026-09-06T11:03:52Z,2026-09-06 18:03:52,3070,25.30000,47.10000,0.00031,1.62298,18.00000,13.00000,929.00000,1,Baik
2026-09-06T11:04:12Z,2026-09-06 18:04:12,3071,25.30000,47.10000,0.00031,1.62298,18.00000,13.00000,930.00000,1,Baik
2026-09-06T11:04:32Z,2026-09-06 18:04:32,3072,25.30000,47.10000,0.00031,1.54938,18.00000,13.00000,930.00000,1,Baik
2026-09-06T11:04:52Z,2026-09-06 18:04:52,3073,25.20000,47.00000,0.00031,1.53807,17.00000,13.00000,929.00000,1,Baik
2026-09-06T11:05:12Z,2026-09-06 18:05:12,3074,25.20000,47.10000,0.00031,1.68501,19.00000,13.00000,929.00000,1,Baik
2026-09-06T11:05:32Z,2026-09-06 18:05:32,3075,25.20000,47.00000,0.00031,1.62308,18.00000,13.00000,933.00000,1,Baik
2026-09-06T11:05:52Z,2026-09-06 18:05:52,3076,25.20000,47.10000,0.00031,1.62298,18.00000,13.00000,933.00000,1,Baik
2026-09-06T11:06:12Z,2026-09-06 18:06:12,3077,25.20000,47.00000,0.00031,1.53807,17.00000,13.00000,933.00000,1,Baik
2026-09-06T11:06:32Z,2026-09-06 18:06:32,3078,25.20000,47.10000,0.00031,1.57250,18.00000,13.00000,927.00000,1,Baik
2026-09-06T11:06:52Z,2026-09-06 18:06:52,3079,25.20000,47.10000,0.00031,1.54938,18.00000,13.00000,930.00000,1,Baik
2026-09-06T11:07:12Z,2026-09-06 18:07:12,3080,25.20000,47.10000,0.00031,1.57250,18.00000,13.00000,930.00000,1,Baik
2026-09-06T11:07:32Z,2026-09-06 18:07:32,3081,25.20000,47.10000,0.00031,1.63439,19.00000,13.00000,931.00000,1,Baik
2026-09-06T11:07:52Z,2026-09-06 18:07:52,3082,25.20000,47.00000,0.00031,1.57324,18.00000,13.00000,937.00000,1,Baik
2026-09-06T11:08:12Z,2026-09-06 18:08:12,3083,25.20000,47.00000,0.00031,1.53807,17.00000,13.00000,938.00000,1,Baik
2026-09-06T11:08:32Z,2026-09-06 18:08:32,3084,25.20000,47.00000,0.00031,1.57324,18.00000,13.00000,931.00000,1,Baik
2026-09-06T11:08:52Z,2026-09-06 18:08:52,3085,25.20000,47.00000,0.00031,1.53807,17.00000,13.00000,935.00000,1,Baik
2026-09-06T11:09:12Z,2026-09-06 18:09:12,3086,25.20000,46.90000,0.00031,1.53807,17.00000,13.00000,933.00000,1,Baik
2026-09-06T11:09:32Z,2026-09-06 18:09:32,3087,25.20000,46.90000,0.00031,1.53807,17.00000,13.00000,931.00000,1,Baik
2026-09-06T11:09:52Z,2026-09-06 18:09:52,3088,25.20000,47.00000,0.00031,1.62308,18.00000,13.00000,935.00000,1,Baik
2026-09-06T11:10:12Z,2026-09-06 18:10:12,3089,25.20000,46.90000,0.00031,1.57324,18.00000,13.00000,933.00000,1,Baik
2026-09-06T11:10:32Z,2026-09-06 18:10:32,3090,25.20000,47.00000,0.00031,1.62308,18.00000,13.00000,939.00000,1,Baik
2026-09-06T11:10:52Z,2026-09-06 18:10:52,3091,25.20000,47.00000,0.00031,1.53807,17.00000,13.00000,933.00000,1,Baik
2026-09-06T11:11:12Z,2026-09-06 18:11:12,3092,25.10000,46.90000,0.00031,1.57324,18.00000,13.00000,932.00000,1,Baik
2026-09-06T11:11:32Z,2026-09-06 18:11:32,3093,25.20000,46.90000,0.00031,1.62308,18.00000,13.00000,937.00000,1,Baik
2026-09-06T11:11:52Z,2026-09-06 18:11:52,3094,25.10000,46.90000,0.00031,1.62308,18.00000,13.00000,934.00000,1,Baik
2026-09-06T11:12:12Z,2026-09-06 18:12:12,3095,25.10000,47.00000,0.00031,1.68501,19.00000,13.00000,938.00000,1,Baik
2026-09-06T11:12:32Z,2026-09-06 18:12:32,3096,25.10000,46.90000,0.00031,1.53807,17.00000,13.00000,937.00000,1,Baik
2026-09-06T11:12:52Z,2026-09-06 18:12:52,3097,25.10000,46.90000,0.00031,1.67326,19.00000,13.00000,933.00000,1,Baik
2026-09-06T11:13:12Z,2026-09-06 18:13:12,3098,25.10000,46.90000,0.00031,1.69728,19.00000,13.00000,937.00000,1,Baik
2026-09-06T11:13:32Z,2026-09-06 18:13:32,3099,25.10000,46.90000,0.00031,1.68501,19.00000,13.00000,935.00000,1,Baik
2026-09-06T11:13:52Z,2026-09-06 18:13:52,3100,25.10000,47.00000,0.00031,1.68501,19.00000,13.00000,936.00000,1,Baik
2026-09-06T11:14:12Z,2026-09-06 18:14:12,3101,25.10000,46.90000,0.00031,1.62308,18.00000,13.00000,935.00000,1,Baik
2026-09-06T11:14:32Z,2026-09-06 18:14:32,3102,25.10000,46.90000,0.00031,1.62308,18.00000,13.00000,934.00000,1,Baik
2026-09-06T11:14:52Z,2026-09-06 18:14:52,3103,25.10000,46.90000,0.00031,1.68501,19.00000,13.00000,935.00000,1,Baik
2026-09-06T11:15:12Z,2026-09-06 18:15:12,3104,25.10000,47.00000,0.00031,1.61168,18.00000,13.00000,935.00000,1,Baik
2026-09-06T11:15:32Z,2026-09-06 18:15:32,3105,25.10000,46.80000,0.00031,1.51532,17.00000,13.00000,933.00000,1,Baik
2026-09-06T11:15:52Z,2026-09-06 18:15:52,3106,25.10000,46.80000,0.00031,1.68501,19.00000,13.00000,935.00000,1,Baik
2026-09-06T11:16:12Z,2026-09-06 18:16:12,3107,25.10000,46.80000,0.00031,1.68501,19.00000,13.00000,934.00000,1,Baik
2026-09-06T11:16:32Z,2026-09-06 18:16:32,3108,25.00000,46.80000,0.00031,1.69728,19.00000,13.00000,942.00000,1,Baik
2026-09-06T11:16:52Z,2026-09-06 18:16:52,3109,25.00000,46.90000,0.00031,1.68501,19.00000,13.00000,937.00000,1,Baik
2026-09-06T11:17:12Z,2026-09-06 18:17:12,3110,25.10000,47.60000,0.00031,1.74201,20.00000,13.00000,940.00000,1,Baik
2026-09-06T11:17:32Z,2026-09-06 18:17:32,3111,25.10000,48.60000,0.00031,1.71853,20.00000,13.00000,944.00000,1,Baik
2026-09-06T11:17:52Z,2026-09-06 18:17:52,3112,25.10000,48.70000,0.00031,1.71853,20.00000,13.00000,944.00000,1,Baik
2026-09-06T11:18:12Z,2026-09-06 18:18:12,3113,25.10000,48.70000,0.00031,1.71853,20.00000,13.00000,945.00000,1,Baik
2026-09-06T11:18:32Z,2026-09-06 18:18:32,3114,25.10000,48.70000,0.00031,1.71853,20.00000,13.00000,947.00000,1,Baik
2026-09-06T11:18:52Z,2026-09-06 18:18:52,3115,25.10000,48.60000,0.00031,1.71853,20.00000,13.00000,944.00000,1,Baik
2026-09-06T11:19:12Z,2026-09-06 18:19:12,3116,25.10000,48.80000,0.00031,1.71853,20.00000,13.00000,943.00000,1,Baik
2026-09-06T11:19:32Z,2026-09-06 18:19:32,3117,25.10000,48.80000,0.00031,1.71853,20.00000,13.00000,941.00000,1,Baik
2026-09-06T11:19:52Z,2026-09-06 18:19:52,3118,25.10000,48.80000,0.00031,1.70316,19.00000,13.00000,938.00000,1,Baik
2026-09-06T11:20:12Z,2026-09-06 18:20:12,3119,25.10000,48.90000,0.00031,1.69430,19.00000,13.00000,939.00000,1,Baik
2026-09-06T11:20:32Z,2026-09-06 18:20:32,3120,25.10000,49.00000,0.00031,1.68410,19.00000,13.00000,942.00000,1,Baik
2026-09-06T11:20:52Z,2026-09-06 18:20:52,3121,25.10000,49.10000,0.00031,1.68410,19.00000,13.00000,944.00000,1,Baik
2026-09-06T11:21:12Z,2026-09-06 18:21:12,3122,25.10000,49.20000,0.00031,1.67622,19.00000,13.00000,946.00000,1,Baik
2026-09-06T11:21:32Z,2026-09-06 18:21:32,3123,25.10000,49.30000,0.00031,1.68410,19.00000,13.00000,943.00000,1,Baik
2026-09-06T11:21:52Z,2026-09-06 18:21:52,3124,25.10000,49.40000,189.25754,1.67625,239.00000,50.00000,942.00000,4,Sangat Tidak Sehat
2026-09-06T11:22:13Z,2026-09-06 18:22:13,3125,25.10000,49.80000,0.00031,1.72219,20.00000,13.00000,944.00000,1,Baik
2026-09-06T11:22:33Z,2026-09-06 18:22:33,3126,25.20000,49.80000,0.00031,1.72219,20.00000,13.00000,947.00000,1,Baik
