Timestamp_UTC,Timestamp_WIB,Entry_ID,Suhu_C,Kelembapan_RH_Persen,PM25_Calibrated_ug_m3,CO_Calibrated_ppm,ISPU_Final,Kipas_PWM_Persen,Raw_VOC_ADC,Kategori_ISPU_Kode,Kategori_ISPU_Teks
2026-09-08T06:14:07Z,2026-09-08 13:14:07,1,28.20000,69.50000,8.45670,8.24934,88.00000,15.00000,2863.00000,2,Sedang
2026-09-08T06:14:27Z,2026-09-08 13:14:27,2,28.20000,68.90000,9.77438,8.26100,89.00000,15.00000,2838.00000,2,Sedang
2026-09-08T06:14:47Z,2026-09-08 13:14:47,3,28.20000,68.10000,9.83874,8.40315,90.00000,15.00000,2781.00000,2,Sedang
2026-09-08T06:15:07Z,2026-09-08 13:15:07,4,28.10000,67.50000,9.83874,8.49412,91.00000,15.00000,2704.00000,2,Sedang
2026-09-08T06:15:27Z,2026-09-08 13:15:27,5,28.10000,66.80000,9.60984,8.17360,88.00000,15.00000,2679.00000,2,Sedang
2026-09-08T06:15:47Z,2026-09-08 13:15:47,6,28.10000,66.30000,9.83874,8.24927,88.00000,15.00000,2665.00000,2,Sedang
2026-09-08T06:16:07Z,2026-09-08 13:16:07,7,28.00000,65.70000,9.83874,7.74981,83.00000,15.00000,2640.00000,2,Sedang
2026-09-08T06:16:27Z,2026-09-08 13:16:27,8,28.00000,65.30000,9.83874,7.65811,83.00000,15.00000,2627.00000,2,Sedang
2026-09-08T06:16:47Z,2026-09-08 13:16:47,9,28.00000,64.90000,9.77438,7.34939,79.00000,15.00000,2619.00000,2,Sedang
2026-09-08T06:17:07Z,2026-09-08 13:17:07,10,27.90000,64.50000,9.77438,7.41588,80.00000,15.00000,2603.00000,2,Sedang
2026-09-08T06:17:27Z,2026-09-08 13:17:27,11,27.90000,64.10000,9.83874,7.34011,79.00000,15.00000,2559.00000,2,Sedang
2026-09-08T06:17:47Z,2026-09-08 13:17:47,12,27.90000,63.70000,9.77438,7.35289,80.00000,15.00000,2557.00000,2,Sedang
2026-09-08T06:18:07Z,2026-09-08 13:18:07,13,27.80000,63.40000,9.77438,7.29366,79.00000,15.00000,2543.00000,2,Sedang
2026-09-08T06:18:27Z,2026-09-08 13:18:27,14,27.80000,63.40000,9.83874,7.34511,79.00000,15.00000,2534.00000,2,Sedang
2026-09-08T06:18:47Z,2026-09-08 13:18:47,15,27.80000,64.00000,9.83874,7.21168,78.00000,15.00000,2501.00000,2,Sedang
2026-09-08T06:19:07Z,2026-09-08 13:19:07,16,27.80000,64.80000,10.81327,7.36888,80.00000,15.00000,2509.00000,2,Sedang
2026-09-08T06:19:27Z,2026-09-08 13:19:27,17,27.80000,65.70000,9.83874,7.40174,80.00000,15.00000,2489.00000,2,Sedang
2026-09-08T06:19:47Z,2026-09-08 13:19:47,18,27.90000,66.50000,10.38560,7.46708,81.00000,15.00000,2480.00000,2,Sedang
2026-09-08T06:20:07Z,2026-09-08 13:20:07,19,27.90000,67.20000,9.83874,7.46708,81.00000,15.00000,2502.00000,2,Sedang
2026-09-08T06:20:27Z,2026-09-08 13:20:27,20,27.90000,67.70000,16.46506,7.41152,80.00000,15.00000,2473.00000,2,Sedang
2026-09-08T06:20:47Z,2026-09-08 13:20:47,21,28.00000,68.10000,9.83874,7.18882,78.00000,15.00000,2464.00000,2,Sedang
2026-09-08T06:21:07Z,2026-09-08 13:21:07,22,28.00000,68.50000,9.83874,6.88959,75.00000,15.00000,2463.00000,2,Sedang
2026-09-08T06:21:27Z,2026-09-08 13:21:27,23,28.10000,68.90000,9.77438,6.88959,75.00000,15.00000,2450.00000,2,Sedang
2026-09-08T06:21:47Z,2026-09-08 13:21:47,24,28.20000,69.20000,9.25203,6.57217,72.00000,15.00000,2442.00000,2,Sedang
2026-09-08T06:22:07Z,2026-09-08 13:22:07,25,28.20000,69.30000,9.83874,6.57217,72.00000,15.00000,2438.00000,2,Sedang
2026-09-08T06:22:27Z,2026-09-08 13:22:27,26,28.20000,69.30000,9.60984,6.61315,72.00000,15.00000,2427.00000,2,Sedang
2026-09-08T06:22:47Z,2026-09-08 13:22:47,27,28.30000,69.50000,9.77438,6.45889,71.00000,15.00000,2410.00000,2,Sedang
2026-09-08T06:23:07Z,2026-09-08 13:23:07,28,28.30000,69.30000,9.49904,6.45889,71.00000,15.00000,2397.00000,2,Sedang
2026-09-08T06:23:27Z,2026-09-08 13:23:27,29,28.30000,69.00000,5.58267,6.34301,69.00000,15.00000,2451.00000,2,Sedang
2026-09-08T06:23:47Z,2026-09-08 13:23:47,30,28.30000,68.60000,9.55517,6.30968,69.00000,15.00000,2375.00000,2,Sedang
2026-09-08T06:24:07Z,2026-09-08 13:24:07,31,28.30000,67.90000,9.83874,6.28168,69.00000,15.00000,2352.00000,2,Sedang
2026-09-08T06:24:27Z,2026-09-08 13:24:27,32,28.30000,67.50000,9.49904,6.12234,67.00000,15.00000,2339.00000,2,Sedang
2026-09-08T06:24:47Z,2026-09-08 13:24:47,33,28.30000,67.00000,20.00233,6.08979,67.00000,15.00000,2319.00000,2,Sedang
2026-09-08T06:25:07Z,2026-09-08 13:25:07,34,28.30000,66.30000,9.60984,6.08979,67.00000,15.00000,2303.00000,2,Sedang
2026-09-08T06:25:27Z,2026-09-08 13:25:27,35,28.30000,65.70000,7.43446,5.70628,63.00000,15.00000,2283.00000,2,Sedang
2026-09-08T06:25:47Z,2026-09-08 13:25:47,36,28.30000,65.20000,20.00233,5.43137,60.00000,15.00000,2267.00000,2,Sedang
2026-09-08T06:26:07Z,2026-09-08 13:26:07,37,28.30000,64.60000,19.66900,5.54822,61.00000,15.00000,2244.00000,2,Sedang
2026-09-08T06:26:27Z,2026-09-08 13:26:27,38,28.20000,64.20000,5.94764,5.51330,61.00000,15.00000,2230.00000,2,Sedang
2026-09-08T06:26:47Z,2026-09-08 13:26:47,39,28.20000,63.70000,19.66900,5.52796,61.00000,15.00000,2192.00000,2,Sedang
2026-09-08T06:27:07Z,2026-09-08 13:27:07,40,28.20000,63.20000,9.83874,5.38823,60.00000,15.00000,2186.00000,2,Sedang
2026-09-08T06:27:27Z,2026-09-08 13:27:27,41,28.10000,62.90000,9.83874,5.38823,60.00000,15.00000,2176.00000,2,Sedang
2026-09-08T06:27:47Z,2026-09-08 13:27:47,42,28.10000,62.50000,18.15164,5.36530,60.00000,15.00000,2160.00000,2,Sedang
2026-09-08T06:28:07Z,2026-09-08 13:28:07,43,28.00000,62.20000,20.00233,5.29514,59.00000,15.00000,2143.00000,2,Sedang
2026-09-08T06:28:27Z,2026-09-08 13:28:27,44,28.00000,61.90000,9.83874,5.27180,59.00000,15.00000,2159.00000,2,Sedang
2026-09-08T06:28:47Z,2026-09-08 13:28:47,45,28.00000,61.60000,9.83874,5.27831,59.00000,15.00000,2142.00000,2,Sedang
2026-09-08T06:29:07Z,2026-09-08 13:29:07,46,28.00000,61.80000,2.32198,5.27831,59.00000,15.00000,2128.00000,2,Sedang
2026-09-08T06:29:27Z,2026-09-08 13:29:27,47,28.00000,62.30000,9.83874,5.24386,58.00000,15.00000,2145.00000,2,Sedang
2026-09-08T06:29:47Z,2026-09-08 13:29:47,48,27.90000,63.10000,20.00233,5.24386,58.00000,15.00000,2155.00000,2,Sedang
2026-09-08T06:30:07Z,2026-09-08 13:30:07,49,28.00000,64.10000,9.77438,5.22584,58.00000,15.00000,2165.00000,2,Sedang
2026-09-08T06:30:27Z,2026-09-08 13:30:27,50,28.00000,64.90000,19.66900,5.22584,58.00000,15.00000,2161.00000,2,Sedang
2026-09-08T06:30:47Z,2026-09-08 13:30:47,51,28.10000,65.60000,20.00233,5.28484,59.00000,15.00000,2160.00000,2,Sedang
2026-09-08T06:31:07Z,2026-09-08 13:31:07,52,28.10000,65.90000,1.28644,5.38829,60.00000,15.00000,2159.00000,2,Sedang
2026-09-08T06:31:27Z,2026-09-08 13:31:27,53,28.20000,66.30000,9.83874,5.33550,59.00000,15.00000,2162.00000,2,Sedang
2026-09-08T06:31:47Z,2026-09-08 13:31:47,54,28.20000,66.60000,7.43446,5.33550,59.00000,15.00000,2165.00000,2,Sedang
2026-09-08T06:32:07Z,2026-09-08 13:32:07,55,28.30000,66.90000,9.83874,5.43327,60.00000,15.00000,2160.00000,2,Sedang
2026-09-08T06:32:27Z,2026-09-08 13:32:27,56,28.40000,67.30000,20.00233,5.32838,59.00000,15.00000,2160.00000,2,Sedang
2026-09-08T06:32:47Z,2026-09-08 13:32:47,57,28.50000,67.40000,0.03245,5.32838,59.00000,15.00000,2158.00000,2,Sedang
2026-09-08T06:33:07Z,2026-09-08 13:33:07,58,28.50000,67.70000,7.21002,5.32838,59.00000,15.00000,2147.00000,2,Sedang
2026-09-08T06:33:27Z,2026-09-08 13:33:27,59,28.50000,67.70000,7.27148,5.32838,59.00000,15.00000,2141.00000,2,Sedang
2026-09-08T06:33:47Z,2026-09-08 13:33:47,60,28.60000,67.40000,9.25203,5.27599,59.00000,15.00000,2128.00000,2,Sedang
2026-09-08T06:34:07Z,2026-09-08 13:34:07,61,28.60000,67.20000,9.83874,5.29694,59.00000,15.00000,2128.00000,2,Sedang
2026-09-08T06:34:27Z,2026-09-08 13:34:27,62,28.60000,66.80000,9.83874,5.25478,59.00000,15.00000,2129.00000,2,Sedang
2026-09-08T06:34:47Z,2026-09-08 13:34:47,63,28.60000,66.30000,7.27148,5.25478,59.00000,15.00000,2118.00000,2,Sedang
2026-09-08T06:35:07Z,2026-09-08 13:35:07,64,28.60000,65.90000,9.75359,5.20856,58.00000,15.00000,2112.00000,2,Sedang
2026-09-08T06:35:27Z,2026-09-08 13:35:27,65,28.60000,65.40000,5.96748,5.22029,58.00000,15.00000,2106.00000,2,Sedang
2026-09-08T06:35:47Z,2026-09-08 13:35:47,66,28.60000,64.90000,9.83874,4.46552,51.00000,15.00000,2091.00000,2,Sedang
2026-09-08T06:36:07Z,2026-09-08 13:36:07,67,28.60000,64.30000,9.75359,4.41935,50.00000,15.00000,2080.00000,1,Baik
2026-09-08T06:36:27Z,2026-09-08 13:36:27,68,28.50000,63.70000,9.77438,4.41935,50.00000,15.00000,2073.00000,1,Baik
2026-09-08T06:36:47Z,2026-09-08 13:36:47,69,28.50000,63.30000,9.49904,4.39622,50.00000,15.00000,2052.00000,1,Baik
2026-09-08T06:37:07Z,2026-09-08 13:37:07,70,28.40000,62.90000,7.21002,4.39622,50.00000,15.00000,2046.00000,1,Baik
2026-09-08T06:37:27Z,2026-09-08 13:37:27,71,28.40000,62.40000,1.76583,4.38370,50.00000,15.00000,2034.00000,1,Baik
2026-09-08T06:37:47Z,2026-09-08 13:37:47,72,28.40000,61.90000,5.11837,4.38370,50.00000,15.00000,2029.00000,1,Baik
2026-09-08T06:38:07Z,2026-09-08 13:38:07,73,28.30000,61.50000,19.66900,4.40964,56.00000,15.00000,2017.00000,2,Sedang
2026-09-08T06:38:27Z,2026-09-08 13:38:27,74,28.30000,61.20000,9.49904,4.44773,50.00000,15.00000,2007.00000,1,Baik
2026-09-08T06:38:47Z,2026-09-08 13:38:47,75,28.20000,61.00000,1.76583,4.42220,50.00000,15.00000,1999.00000,1,Baik
2026-09-08T06:39:07Z,2026-09-08 13:39:07,76,28.20000,60.70000,1.28644,4.44472,50.00000,15.00000,1989.00000,1,Baik
2026-09-08T06:39:27Z,2026-09-08 13:39:27,77,28.10000,60.60000,2.82732,4.42220,50.00000,15.00000,1984.00000,1,Baik
2026-09-08T06:39:47Z,2026-09-08 13:39:47,78,28.10000,61.00000,29.61749,4.42220,68.00000,15.00000,1984.00000,2,Sedang
2026-09-08T06:40:07Z,2026-09-08 13:40:07,79,28.10000,61.70000,19.66900,4.42220,56.00000,15.00000,1983.00000,2,Sedang
2026-09-08T06:40:27Z,2026-09-08 13:40:27,80,28.10000,62.70000,12.46077,4.44472,50.00000,15.00000,1981.00000,1,Baik
2026-09-08T06:40:47Z,2026-09-08 13:40:47,81,28.10000,63.70000,10.81327,4.45724,51.00000,15.00000,1984.00000,2,Sedang
2026-09-08T06:41:07Z,2026-09-08 13:41:07,82,28.20000,64.40000,20.00233,4.53103,56.00000,15.00000,1979.00000,2,Sedang
2026-09-08T06:41:27Z,2026-09-08 13:41:27,83,28.20000,64.90000,50.06794,4.57719,93.00000,15.00000,1982.00000,2,Sedang
2026-09-08T06:41:47Z,2026-09-08 13:41:47,84,28.20000,65.40000,9.83874,4.57719,52.00000,15.00000,1986.00000,2,Sedang
2026-09-08T06:42:07Z,2026-09-08 13:42:07,85,28.30000,65.90000,15.98849,4.53632,51.00000,15.00000,1984.00000,2,Sedang
2026-09-08T06:42:27Z,2026-09-08 13:42:27,86,28.30000,66.30000,9.83874,4.53632,51.00000,15.00000,1984.00000,2,Sedang
2026-09-08T06:42:47Z,2026-09-08 13:42:47,87,28.40000,66.70000,26.31552,4.56385,64.00000,15.00000,1979.00000,2,Sedang
2026-09-08T06:43:07Z,2026-09-08 13:43:07,88,28.40000,66.80000,20.00233,4.56385,56.00000,15.00000,1980.00000,2,Sedang
2026-09-08T06:43:27Z,2026-09-08 13:43:27,89,28.50000,67.00000,9.83874,4.54495,51.00000,15.00000,1977.00000,2,Sedang
2026-09-08T06:43:47Z,2026-09-08 13:43:47,90,28.50000,67.20000,9.49904,4.54495,51.00000,15.00000,1970.00000,2,Sedang
2026-09-08T06:44:07Z,2026-09-08 13:44:07,91,28.50000,67.10000,0.71033,4.54495,51.00000,15.00000,1970.00000,2,Sedang
2026-09-08T06:44:27Z,2026-09-08 13:44:27,92,28.60000,66.80000,0.02327,4.40044,50.00000,15.00000,1967.00000,1,Baik
2026-09-08T06:44:47Z,2026-09-08 13:44:47,93,28.60000,66.40000,0.71033,4.40044,50.00000,15.00000,1961.00000,1,Baik
2026-09-08T06:45:07Z,2026-09-08 13:45:07,94,28.60000,65.90000,8.45670,4.21527,48.00000,15.00000,1954.00000,1,Baik
2026-09-08T06:45:27Z,2026-09-08 13:45:27,95,28.50000,65.40000,15.65516,4.14015,51.00000,15.00000,1947.00000,2,Sedang
2026-09-08T06:45:47Z,2026-09-08 13:45:47,96,28.50000,65.00000,9.77438,4.11387,47.00000,15.00000,1946.00000,1,Baik
2026-09-08T06:46:07Z,2026-09-08 13:46:07,97,28.50000,64.40000,9.59363,4.06770,46.00000,15.00000,1939.00000,1,Baik
2026-09-08T06:46:27Z,2026-09-08 13:46:27,98,28.40000,64.00000,0.71033,4.03478,46.00000,15.00000,1935.00000,1,Baik
2026-09-08T06:46:47Z,2026-09-08 13:46:47,99,28.40000,63.50000,20.00233,4.03478,56.00000,15.00000,1922.00000,2,Sedang
2026-09-08T06:47:07Z,2026-09-08 13:47:07,100,28.40000,62.90000,28.95083,4.03478,67.00000,15.00000,1921.00000,2,Sedang
2026-09-08T06:47:27Z,2026-09-08 13:47:27,101,28.30000,62.50000,10.38560,4.10496,47.00000,15.00000,1906.00000,1,Baik
2026-09-08T06:47:47Z,2026-09-08 13:47:47,102,28.30000,62.20000,8.45670,4.17621,47.00000,15.00000,1904.00000,1,Baik
2026-09-08T06:48:07Z,2026-09-08 13:48:07,103,28.20000,61.80000,0.05372,4.15905,47.00000,15.00000,1893.00000,1,Baik
2026-09-08T06:48:27Z,2026-09-08 13:48:27,104,28.20000,61.40000,9.49904,4.04367,46.00000,13.00000,1883.00000,1,Baik
2026-09-08T06:48:47Z,2026-09-08 13:48:47,105,28.10000,61.00000,0.71033,3.96788,45.00000,13.00000,1874.00000,1,Baik
2026-09-08T06:49:07Z,2026-09-08 13:49:07,106,28.10000,60.60000,9.83874,3.89605,44.00000,13.00000,1868.00000,1,Baik
2026-09-08T06:49:27Z,2026-09-08 13:49:27,107,28.10000,60.20000,0.04043,3.89605,44.00000,13.00000,1862.00000,1,Baik
2026-09-08T06:49:47Z,2026-09-08 13:49:47,108,28.00000,60.00000,1.99117,3.89605,44.00000,13.00000,1855.00000,1,Baik
2026-09-08T06:50:07Z,2026-09-08 13:50:07,109,28.00000,59.90000,12.46077,4.12504,47.00000,13.00000,1845.00000,1,Baik
2026-09-08T06:50:27Z,2026-09-08 13:50:27,110,28.00000,60.50000,9.83874,4.12504,47.00000,13.00000,1843.00000,1,Baik
2026-09-08T06:50:47Z,2026-09-08 13:50:47,111,28.00000,61.20000,9.25203,3.89605,44.00000,13.00000,1849.00000,1,Baik
2026-09-08T06:51:07Z,2026-09-08 13:51:07,112,27.90000,62.10000,2.32198,3.88298,44.00000,13.00000,1853.00000,1,Baik
2026-09-08T06:51:27Z,2026-09-08 13:51:27,113,28.00000,63.00000,0.03245,4.01715,46.00000,13.00000,1853.00000,1,Baik
2026-09-08T06:51:47Z,2026-09-08 13:51:47,114,28.00000,63.70000,9.83874,3.94532,45.00000,13.00000,1850.00000,1,Baik
2026-09-08T06:52:07Z,2026-09-08 13:52:07,115,28.00000,64.30000,7.27148,4.03727,46.00000,15.00000,1847.00000,1,Baik
2026-09-08T06:52:27Z,2026-09-08 13:52:27,116,28.10000,64.80000,0.92514,4.08344,46.00000,15.00000,1846.00000,1,Baik
2026-09-08T06:52:47Z,2026-09-08 13:52:47,117,28.10000,65.20000,0.21034,4.08344,46.00000,15.00000,1842.00000,1,Baik
2026-09-08T06:53:07Z,2026-09-08 13:53:07,118,28.20000,65.50000,9.25203,4.10972,47.00000,15.00000,1849.00000,1,Baik
2026-09-08T06:53:27Z,2026-09-08 13:53:27,119,28.30000,65.90000,9.25203,4.20749,48.00000,15.00000,1841.00000,1,Baik
2026-09-08T06:53:47Z,2026-09-08 13:53:47,120,28.30000,66.00000,5.94764,4.20749,48.00000,15.00000,1850.00000,1,Baik
2026-09-08T06:54:07Z,2026-09-08 13:54:07,121,28.30000,66.00000,0.92514,4.39860,50.00000,15.00000,1841.00000,1,Baik
2026-09-08T06:54:27Z,2026-09-08 13:54:27,122,28.40000,66.20000,8.45670,4.43671,50.00000,15.00000,1842.00000,1,Baik
2026-09-08T06:54:47Z,2026-09-08 13:54:47,123,28.40000,66.10000,0.04043,4.43671,50.00000,15.00000,1837.00000,1,Baik
2026-09-08T06:55:07Z,2026-09-08 13:55:07,124,28.50000,65.80000,1.42947,4.38311,50.00000,15.00000,1830.00000,1,Baik
2026-09-08T06:55:27Z,2026-09-08 13:55:27,125,28.50000,65.20000,9.83874,4.18794,48.00000,15.00000,1823.00000,1,Baik
2026-09-08T06:55:47Z,2026-09-08 13:55:47,126,28.40000,64.80000,0.00618,4.04708,46.00000,15.00000,1819.00000,1,Baik
2026-09-08T06:56:07Z,2026-09-08 13:56:07,127,28.50000,64.50000,0.04043,4.04708,46.00000,15.00000,1809.00000,1,Baik
2026-09-08T06:56:27Z,2026-09-08 13:56:27,128,28.40000,63.80000,1.31471,3.87099,44.00000,13.00000,1806.00000,1,Baik
2026-09-08T06:56:47Z,2026-09-08 13:56:47,129,28.40000,63.40000,0.00618,3.85318,44.00000,13.00000,1797.00000,1,Baik
2026-09-08T06:57:07Z,2026-09-08 13:57:07,130,28.40000,62.70000,0.61023,3.86985,44.00000,13.00000,1790.00000,1,Baik
2026-09-08T06:57:27Z,2026-09-08 13:57:27,131,28.30000,62.20000,0.00061,3.90922,44.00000,13.00000,1785.00000,1,Baik
2026-09-08T06:57:47Z,2026-09-08 13:57:47,132,28.30000,61.80000,17.87387,3.90922,54.00000,15.00000,1776.00000,2,Sedang
2026-09-08T06:58:07Z,2026-09-08 13:58:07,133,28.20000,61.40000,20.13489,3.86533,57.00000,15.00000,1771.00000,2,Sedang
2026-09-08T06:58:27Z,2026-09-08 13:58:27,134,28.10000,61.00000,16.26627,3.86146,52.00000,15.00000,1765.00000,2,Sedang
2026-09-08T06:58:47Z,2026-09-08 13:58:47,135,28.10000,60.60000,19.66900,3.86146,56.00000,15.00000,1761.00000,2,Sedang
2026-09-08T06:59:07Z,2026-09-08 13:59:07,136,28.00000,60.20000,26.98113,3.90992,65.00000,15.00000,1757.00000,2,Sedang
2026-09-08T06:59:27Z,2026-09-08 13:59:27,137,28.00000,59.70000,9.25203,3.90992,44.00000,13.00000,1743.00000,1,Baik
2026-09-08T06:59:47Z,2026-09-08 13:59:47,138,27.90000,59.50000,7.28583,3.87734,44.00000,13.00000,1750.00000,1,Baik
2026-09-08T07:00:07Z,2026-09-08 14:00:07,139,27.90000,59.20000,8.26925,3.87734,44.00000,13.00000,1735.00000,1,Baik
2026-09-08T07:00:27Z,2026-09-08 14:00:27,140,27.80000,59.10000,0.95822,3.89042,44.00000,13.00000,1729.00000,1,Baik
2026-09-08T07:00:47Z,2026-09-08 14:00:47,141,27.80000,59.20000,0.00430,3.89042,44.00000,13.00000,1722.00000,1,Baik
2026-09-08T07:01:07Z,2026-09-08 14:01:07,142,27.80000,59.60000,9.55517,3.89042,44.00000,13.00000,1721.00000,1,Baik
2026-09-08T07:01:27Z,2026-09-08 14:01:27,143,27.80000,60.20000,9.49904,3.89042,44.00000,13.00000,1729.00000,1,Baik
2026-09-08T07:01:47Z,2026-09-08 14:01:47,144,27.80000,61.20000,9.83874,3.89042,44.00000,13.00000,1727.00000,1,Baik
2026-09-08T07:02:07Z,2026-09-08 14:02:07,145,27.90000,61.90000,1.85481,3.87734,44.00000,13.00000,1729.00000,1,Baik
2026-09-08T07:02:27Z,2026-09-08 14:02:27,146,27.90000,62.70000,9.55517,3.89685,44.00000,13.00000,1734.00000,1,Baik
2026-09-08T07:02:47Z,2026-09-08 14:02:47,147,27.90000,63.20000,1.85481,3.89685,44.00000,13.00000,1735.00000,1,Baik
2026-09-08T07:03:07Z,2026-09-08 14:03:07,148,28.00000,63.60000,19.66900,3.90992,56.00000,15.00000,1737.00000,2,Sedang
2026-09-08T07:03:27Z,2026-09-08 14:03:27,149,28.10000,64.00000,9.83874,3.90783,44.00000,13.00000,1741.00000,1,Baik
2026-09-08T07:03:47Z,2026-09-08 14:03:47,150,28.10000,64.40000,19.66900,3.94284,56.00000,15.00000,1739.00000,2,Sedang
2026-09-08T07:04:07Z,2026-09-08 14:04:07,151,28.20000,64.60000,18.79952,3.89438,55.00000,15.00000,1744.00000,2,Sedang
2026-09-08T07:04:27Z,2026-09-08 14:04:27,152,28.20000,64.70000,9.59363,3.89438,44.00000,13.00000,1742.00000,1,Baik
2026-09-08T07:04:47Z,2026-09-08 14:04:47,153,28.30000,64.90000,19.66900,3.93827,56.00000,15.00000,1745.00000,2,Sedang
2026-09-08T07:05:07Z,2026-09-08 14:05:07,154,28.30000,65.00000,20.00233,3.94214,56.00000,15.00000,1746.00000,2,Sedang
2026-09-08T07:05:27Z,2026-09-08 14:05:27,155,28.30000,64.90000,9.25203,3.93827,45.00000,13.00000,1744.00000,1,Baik
2026-09-08T07:05:47Z,2026-09-08 14:05:47,156,28.40000,64.50000,17.87387,3.92332,54.00000,15.00000,1745.00000,2,Sedang
2026-09-08T07:06:07Z,2026-09-08 14:06:07,157,28.40000,64.20000,17.63023,3.91945,53.00000,15.00000,1743.00000,2,Sedang
2026-09-08T07:06:27Z,2026-09-08 14:06:27,158,28.40000,63.80000,20.85728,3.93499,57.00000,15.00000,1735.00000,2,Sedang
2026-09-08T07:06:47Z,2026-09-08 14:06:47,159,28.40000,63.20000,9.83874,3.93499,45.00000,13.00000,1735.00000,1,Baik
2026-09-08T07:07:07Z,2026-09-08 14:07:07,160,28.30000,62.70000,9.49904,3.95381,45.00000,13.00000,1718.00000,1,Baik
2026-09-08T07:07:27Z,2026-09-08 14:07:27,161,28.30000,62.20000,9.55517,3.96565,45.00000,13.00000,1712.00000,1,Baik
2026-09-08T07:07:47Z,2026-09-08 14:07:47,162,28.30000,61.70000,0.02327,3.96565,45.00000,13.00000,1705.00000,1,Baik
2026-09-08T07:08:07Z,2026-09-08 14:08:07,163,28.20000,61.20000,0.03245,3.95832,45.00000,13.00000,1699.00000,1,Baik
2026-09-08T07:08:27Z,2026-09-08 14:08:27,164,28.20000,60.80000,1.28644,3.95832,45.00000,13.00000,1695.00000,1,Baik
2026-09-08T07:08:47Z,2026-09-08 14:08:47,165,28.10000,60.40000,0.04043,3.96632,45.00000,13.00000,1683.00000,1,Baik
2026-09-08T07:09:07Z,2026-09-08 14:09:07,166,28.10000,60.10000,6.50849,3.93798,45.00000,13.00000,1678.00000,1,Baik
2026-09-08T07:09:27Z,2026-09-08 14:09:27,167,28.00000,59.50000,20.00233,3.93798,56.00000,15.00000,1677.00000,2,Sedang
2026-09-08T07:09:47Z,2026-09-08 14:09:47,168,28.00000,59.30000,8.38698,3.91454,44.00000,13.00000,1669.00000,1,Baik
2026-09-08T07:10:07Z,2026-09-08 14:10:07,169,27.90000,59.00000,9.57271,3.86429,44.00000,13.00000,1665.00000,1,Baik
2026-09-08T07:10:27Z,2026-09-08 14:10:27,170,27.80000,58.60000,0.35295,3.85530,44.00000,13.00000,1661.00000,1,Baik
2026-09-08T07:10:47Z,2026-09-08 14:10:47,171,27.80000,58.40000,8.78896,3.89653,44.00000,13.00000,1657.00000,1,Baik
2026-09-08T07:11:07Z,2026-09-08 14:11:07,172,27.70000,58.10000,20.00233,3.81060,56.00000,15.00000,1651.00000,2,Sedang
2026-09-08T07:11:27Z,2026-09-08 14:11:27,173,27.70000,58.60000,9.83685,3.87874,44.00000,13.00000,1649.00000,1,Baik
2026-09-08T07:11:47Z,2026-09-08 14:11:47,174,27.70000,59.10000,9.55517,3.86297,44.00000,13.00000,1658.00000,1,Baik
2026-09-08T07:12:07Z,2026-09-08 14:12:07,175,27.70000,60.00000,9.49904,3.94967,45.00000,13.00000,1660.00000,1,Baik
2026-09-08T07:12:27Z,2026-09-08 14:12:27,176,27.70000,60.80000,6.71310,3.94967,45.00000,13.00000,1664.00000,1,Baik
2026-09-08T07:12:47Z,2026-09-08 14:12:47,177,27.70000,61.60000,9.83874,3.92915,45.00000,13.00000,1674.00000,1,Baik
2026-09-08T07:13:07Z,2026-09-08 14:13:07,178,27.80000,62.20000,9.25203,3.89791,44.00000,13.00000,1675.00000,1,Baik
2026-09-08T07:13:27Z,2026-09-08 14:13:27,179,27.80000,62.60000,9.83874,3.91679,45.00000,13.00000,1670.00000,1,Baik
2026-09-08T07:13:47Z,2026-09-08 14:13:47,180,27.90000,63.00000,9.60984,3.90371,44.00000,13.00000,1677.00000,1,Baik
2026-09-08T07:14:07Z,2026-09-08 14:14:07,181,27.90000,63.40000,0.03245,3.90371,44.00000,13.00000,1672.00000,1,Baik
2026-09-08T07:14:27Z,2026-09-08 14:14:27,182,28.00000,63.60000,5.06160,3.98684,45.00000,13.00000,1674.00000,1,Baik
2026-09-08T07:14:47Z,2026-09-08 14:14:47,183,28.10000,63.90000,9.83874,3.96632,45.00000,13.00000,1674.00000,1,Baik
2026-09-08T07:15:07Z,2026-09-08 14:15:07,184,28.10000,64.10000,0.92514,3.96632,45.00000,13.00000,1670.00000,1,Baik
2026-09-08T07:15:27Z,2026-09-08 14:15:27,185,28.10000,64.30000,9.25203,3.99123,45.00000,13.00000,1677.00000,1,Baik
2026-09-08T07:15:47Z,2026-09-08 14:15:47,186,28.10000,64.50000,20.10908,3.98684,57.00000,15.00000,1674.00000,2,Sedang
2026-09-08T07:16:07Z,2026-09-08 14:16:07,187,28.20000,64.30000,7.43446,3.93798,45.00000,13.00000,1667.00000,1,Baik
2026-09-08T07:16:27Z,2026-09-08 14:16:27,188,28.20000,64.20000,16.32183,3.93798,52.00000,15.00000,1666.00000,2,Sedang
2026-09-08T07:16:47Z,2026-09-08 14:16:47,189,28.20000,63.90000,0.03245,3.93798,45.00000,13.00000,1673.00000,1,Baik
2026-09-08T07:17:07Z,2026-09-08 14:17:07,190,28.10000,63.40000,9.49904,3.93798,45.00000,13.00000,1665.00000,1,Baik
2026-09-08T07:17:27Z,2026-09-08 14:17:27,191,28.10000,63.00000,0.03245,3.93798,45.00000,13.00000,1663.00000,1,Baik
2026-09-08T07:17:47Z,2026-09-08 14:17:47,192,28.10000,62.60000,20.13489,3.65005,57.00000,15.00000,1648.00000,2,Sedang
2026-09-08T07:18:07Z,2026-09-08 14:18:07,193,28.10000,62.00000,20.00233,3.67932,56.00000,15.00000,1638.00000,2,Sedang
2026-09-08T07:18:27Z,2026-09-08 14:18:27,194,28.10000,61.50000,9.83874,3.65005,41.00000,13.00000,1642.00000,1,Baik
2026-09-08T07:18:47Z,2026-09-08 14:18:47,195,28.10000,61.10000,0.00061,3.65005,41.00000,13.00000,1639.00000,1,Baik
2026-09-08T07:19:07Z,2026-09-08 14:19:07,196,28.00000,60.40000,0.00061,3.67932,42.00000,13.00000,1632.00000,1,Baik
2026-09-08T07:19:27Z,2026-09-08 14:19:27,197,28.00000,60.00000,8.39659,3.65005,41.00000,13.00000,1634.00000,1,Baik
2026-09-08T07:19:47Z,2026-09-08 14:19:47,198,27.90000,59.60000,0.02327,3.66830,42.00000,13.00000,1622.00000,1,Baik
2026-09-08T07:20:07Z,2026-09-08 14:20:07,199,27.90000,59.30000,9.25203,3.66830,42.00000,13.00000,1629.00000,1,Baik
2026-09-08T07:20:27Z,2026-09-08 14:20:27,200,27.90000,58.80000,0.92514,3.66830,42.00000,13.00000,1615.00000,1,Baik
2026-09-08T07:20:47Z,2026-09-08 14:20:47,201,27.80000,58.50000,9.58231,3.65931,42.00000,13.00000,1616.00000,1,Baik
2026-09-08T07:21:07Z,2026-09-08 14:21:07,202,27.80000,58.20000,8.43683,3.65931,42.00000,13.00000,1609.00000,1,Baik
2026-09-08T07:21:27Z,2026-09-08 14:21:27,203,27.70000,57.90000,1.56396,3.65931,42.00000,13.00000,1602.00000,1,Baik
2026-09-08T07:21:47Z,2026-09-08 14:21:47,204,27.70000,57.70000,0.03245,3.73338,42.00000,13.00000,1598.00000,1,Baik
2026-09-08T07:22:07Z,2026-09-08 14:22:07,205,27.70000,58.10000,0.00618,3.73338,42.00000,13.00000,1602.00000,1,Baik
2026-09-08T07:22:27Z,2026-09-08 14:22:27,206,27.60000,58.30000,9.58231,3.72854,42.00000,13.00000,1605.00000,1,Baik
2026-09-08T07:22:47Z,2026-09-08 14:22:47,207,27.60000,58.80000,0.00618,3.64354,41.00000,13.00000,1603.00000,1,Baik
2026-09-08T07:23:07Z,2026-09-08 14:23:07,208,27.70000,60.10000,0.66399,3.64354,41.00000,13.00000,1611.00000,1,Baik
2026-09-08T07:23:27Z,2026-09-08 14:23:27,209,27.70000,60.90000,9.60984,3.65456,42.00000,13.00000,1614.00000,1,Baik
2026-09-08T07:23:47Z,2026-09-08 14:23:47,210,27.70000,61.30000,0.02327,3.64354,41.00000,13.00000,1610.00000,1,Baik
2026-09-08T07:24:07Z,2026-09-08 14:24:07,211,27.80000,61.90000,0.00618,3.64354,41.00000,13.00000,1611.00000,1,Baik
2026-09-08T07:24:27Z,2026-09-08 14:24:27,212,27.80000,62.50000,0.02327,3.58628,41.00000,13.00000,1615.00000,1,Baik
2026-09-08T07:24:47Z,2026-09-08 14:24:47,213,27.80000,63.00000,0.74341,3.64354,41.00000,13.00000,1613.00000,1,Baik
2026-09-08T07:25:07Z,2026-09-08 14:25:07,214,27.90000,63.30000,9.55517,3.66830,42.00000,13.00000,1616.00000,1,Baik
2026-09-08T07:25:27Z,2026-09-08 14:25:27,215,27.90000,63.60000,0.02327,3.66255,42.00000,13.00000,1623.00000,1,Baik
2026-09-08T07:25:47Z,2026-09-08 14:25:47,216,27.90000,63.80000,39.36037,3.65153,80.00000,15.00000,1615.00000,2,Sedang
2026-09-08T07:26:07Z,2026-09-08 14:26:07,217,28.00000,64.00000,0.21034,3.66255,42.00000,13.00000,1619.00000,1,Baik
2026-09-08T07:26:27Z,2026-09-08 14:26:27,218,28.00000,64.00000,8.10457,3.65153,41.00000,13.00000,1614.00000,1,Baik
2026-09-08T07:26:47Z,2026-09-08 14:26:47,219,28.00000,64.00000,0.00061,3.66255,42.00000,13.00000,1619.00000,1,Baik
2026-09-08T07:27:07Z,2026-09-08 14:27:07,220,28.00000,63.80000,1.85481,3.65153,41.00000,13.00000,1615.00000,1,Baik
2026-09-08T07:27:27Z,2026-09-08 14:27:27,221,28.00000,63.60000,5.06160,3.65153,41.00000,13.00000,1618.00000,1,Baik
2026-09-08T07:27:47Z,2026-09-08 14:27:47,222,28.00000,63.20000,18.15164,3.73753,54.00000,15.00000,1607.00000,2,Sedang
2026-09-08T07:28:07Z,2026-09-08 14:28:07,223,28.00000,62.90000,9.83874,3.77122,43.00000,13.00000,1602.00000,1,Baik
2026-09-08T07:28:27Z,2026-09-08 14:28:27,224,28.00000,62.50000,10.81327,3.77122,43.00000,13.00000,1600.00000,1,Baik
2026-09-08T07:28:47Z,2026-09-08 14:28:47,225,28.00000,62.30000,9.83874,3.77122,43.00000,13.00000,1599.00000,1,Baik
2026-09-08T07:29:07Z,2026-09-08 14:29:07,226,27.90000,62.00000,9.83874,3.77122,43.00000,13.00000,1597.00000,1,Baik
2026-09-08T07:29:27Z,2026-09-08 14:29:27,227,27.90000,61.70000,0.02327,3.62937,41.00000,13.00000,1595.00000,1,Baik
2026-09-08T07:29:47Z,2026-09-08 14:29:47,228,27.90000,61.40000,20.00233,3.77114,56.00000,15.00000,1590.00000,2,Sedang
2026-09-08T07:30:07Z,2026-09-08 14:30:07,229,27.90000,60.80000,9.83874,3.58628,41.00000,13.00000,1584.00000,1,Baik
2026-09-08T07:30:27Z,2026-09-08 14:30:27,230,27.90000,60.40000,9.49904,3.58628,41.00000,13.00000,1581.00000,1,Baik
2026-09-08T07:30:47Z,2026-09-08 14:30:47,231,27.90000,60.00000,19.66900,3.55537,56.00000,15.00000,1578.00000,2,Sedang
2026-09-08T07:31:07Z,2026-09-08 14:31:07,232,27.80000,59.60000,20.00233,3.44861,56.00000,15.00000,1570.00000,2,Sedang
2026-09-08T07:31:27Z,2026-09-08 14:31:27,233,27.80000,59.30000,9.77438,3.44861,39.00000,13.00000,1563.00000,1,Baik
2026-09-08T07:31:47Z,2026-09-08 14:31:47,234,27.70000,58.90000,1.56396,3.51936,40.00000,13.00000,1556.00000,1,Baik
2026-09-08T07:32:07Z,2026-09-08 14:32:07,235,27.70000,58.40000,0.00618,3.51936,40.00000,13.00000,1558.00000,1,Baik
2026-09-08T07:32:27Z,2026-09-08 14:32:27,236,27.60000,58.50000,0.04043,3.68715,42.00000,13.00000,1563.00000,1,Baik
2026-09-08T07:32:47Z,2026-09-08 14:32:47,237,27.60000,58.90000,1.56396,3.64354,41.00000,13.00000,1565.00000,1,Baik
2026-09-08T07:33:07Z,2026-09-08 14:33:07,238,27.60000,59.70000,0.03344,3.68715,42.00000,13.00000,1567.00000,1,Baik
2026-09-08T07:33:27Z,2026-09-08 14:33:27,239,27.60000,60.30000,1.20267,3.73338,42.00000,13.00000,1570.00000,1,Baik
2026-09-08T07:33:47Z,2026-09-08 14:33:47,240,27.70000,61.20000,9.49904,3.62937,41.00000,13.00000,1570.00000,1,Baik
2026-09-08T07:34:07Z,2026-09-08 14:34:07,241,27.70000,61.90000,21.19708,3.73338,58.00000,15.00000,1553.00000,2,Sedang
2026-09-08T07:34:27Z,2026-09-08 14:34:27,242,27.80000,62.50000,20.00233,3.73330,56.00000,15.00000,1579.00000,2,Sedang
2026-09-08T07:34:47Z,2026-09-08 14:34:47,243,27.80000,62.80000,9.59363,3.63880,41.00000,13.00000,1589.00000,1,Baik
2026-09-08T07:35:07Z,2026-09-08 14:35:07,244,27.90000,63.20000,7.43446,3.66830,42.00000,13.00000,1590.00000,1,Baik
2026-09-08T07:35:27Z,2026-09-08 14:35:27,245,27.90000,63.50000,40.04967,3.74875,81.00000,15.00000,1591.00000,2,Sedang
2026-09-08T07:35:47Z,2026-09-08 14:35:47,246,28.00000,63.80000,1.28644,3.73198,42.00000,13.00000,1593.00000,1,Baik
2026-09-08T07:36:07Z,2026-09-08 14:36:07,247,28.00000,64.00000,7.21002,3.63328,41.00000,13.00000,1599.00000,1,Baik
2026-09-08T07:36:27Z,2026-09-08 14:36:27,248,28.10000,64.20000,1.28644,3.73198,42.00000,13.00000,1600.00000,1,Baik
2026-09-08T07:36:47Z,2026-09-08 14:36:47,249,28.10000,64.40000,0.21034,3.63328,41.00000,13.00000,1599.00000,1,Baik
2026-09-08T07:37:07Z,2026-09-08 14:37:07,250,28.10000,64.30000,9.75359,3.66255,42.00000,13.00000,1597.00000,1,Baik
2026-09-08T07:37:27Z,2026-09-08 14:37:27,251,28.10000,64.10000,9.25203,3.66255,42.00000,13.00000,1603.00000,1,Baik
2026-09-08T07:37:47Z,2026-09-08 14:37:47,252,28.10000,63.70000,5.94764,3.64679,41.00000,13.00000,1601.00000,1,Baik
2026-09-08T07:38:07Z,2026-09-08 14:38:07,253,28.10000,63.30000,1.52072,3.66830,42.00000,13.00000,1598.00000,1,Baik
2026-09-08T07:38:27Z,2026-09-08 14:38:27,254,28.20000,62.90000,0.03245,3.66830,42.00000,13.00000,1587.00000,1,Baik
2026-09-08T07:38:47Z,2026-09-08 14:38:47,255,28.20000,62.40000,0.02327,3.73189,42.00000,13.00000,1584.00000,1,Baik
2026-09-08T07:39:07Z,2026-09-08 14:39:07,256,28.10000,62.10000,0.02327,3.58628,41.00000,13.00000,1579.00000,1,Baik
2026-09-08T07:39:27Z,2026-09-08 14:39:27,257,28.10000,61.60000,0.00031,3.56861,41.00000,13.00000,1567.00000,1,Baik
2026-09-08T07:39:47Z,2026-09-08 14:39:47,258,28.10000,61.40000,0.00618,3.44861,39.00000,13.00000,1557.00000,1,Baik
2026-09-08T07:40:07Z,2026-09-08 14:40:07,259,28.00000,61.10000,9.83874,3.46870,39.00000,13.00000,1553.00000,1,Baik
2026-09-08T07:40:27Z,2026-09-08 14:40:27,260,28.00000,60.80000,30.34133,3.46870,69.00000,15.00000,1552.00000,2,Sedang
2026-09-08T07:40:47Z,2026-09-08 14:40:47,261,28.00000,60.50000,9.83874,3.46870,39.00000,13.00000,1535.00000,1,Baik
2026-09-08T07:41:07Z,2026-09-08 14:41:07,262,27.90000,60.30000,20.00233,3.44861,56.00000,15.00000,1535.00000,2,Sedang
2026-09-08T07:41:27Z,2026-09-08 14:41:27,263,27.90000,59.70000,20.00233,3.44861,56.00000,15.00000,1535.00000,2,Sedang
2026-09-08T07:41:47Z,2026-09-08 14:41:47,264,27.80000,59.30000,25.67558,3.44861,63.00000,15.00000,1534.00000,2,Sedang
2026-09-08T07:42:07Z,2026-09-08 14:42:07,265,27.70000,59.00000,20.00233,3.44861,56.00000,15.00000,1521.00000,2,Sedang
2026-09-08T07:42:27Z,2026-09-08 14:42:27,266,27.70000,58.50000,0.02327,3.44861,39.00000,13.00000,1521.00000,1,Baik
2026-09-08T07:42:47Z,2026-09-08 14:42:47,267,27.70000,58.30000,9.92200,3.44861,39.00000,13.00000,1520.00000,1,Baik
2026-09-08T07:43:07Z,2026-09-08 14:43:07,268,27.60000,58.60000,20.85728,3.44861,57.00000,15.00000,1520.00000,2,Sedang
2026-09-08T07:43:27Z,2026-09-08 14:43:27,269,27.60000,59.10000,35.26384,3.44861,75.00000,15.00000,1522.00000,2,Sedang
2026-09-08T07:43:47Z,2026-09-08 14:43:47,270,27.60000,59.80000,8.38698,3.44861,39.00000,13.00000,1529.00000,1,Baik
2026-09-08T07:44:07Z,2026-09-08 14:44:07,271,27.60000,60.70000,20.00233,3.46870,56.00000,15.00000,1535.00000,2,Sedang
2026-09-08T07:44:27Z,2026-09-08 14:44:27,272,27.70000,61.40000,0.02327,3.44861,39.00000,13.00000,1534.00000,1,Baik
2026-09-08T07:44:47Z,2026-09-08 14:44:47,273,27.70000,62.00000,20.00233,3.45715,56.00000,15.00000,1531.00000,2,Sedang
2026-09-08T07:45:07Z,2026-09-08 14:45:07,274,27.70000,62.50000,9.83874,3.45715,39.00000,13.00000,1534.00000,1,Baik
2026-09-08T07:45:27Z,2026-09-08 14:45:27,275,27.80000,62.90000,9.83874,3.45715,39.00000,13.00000,1534.00000,1,Baik
2026-09-08T07:45:47Z,2026-09-08 14:45:47,276,27.80000,63.30000,0.95822,3.45715,39.00000,13.00000,1535.00000,1,Baik
2026-09-08T07:46:07Z,2026-09-08 14:46:07,277,27.80000,63.70000,0.02327,3.45715,39.00000,13.00000,1535.00000,1,Baik
2026-09-08T07:46:27Z,2026-09-08 14:46:27,278,27.90000,63.90000,0.02261,3.45715,39.00000,13.00000,1535.00000,1,Baik
2026-09-08T07:46:47Z,2026-09-08 14:46:47,279,27.90000,63.90000,18.24134,3.45715,54.00000,15.00000,1535.00000,2,Sedang
2026-09-08T07:47:07Z,2026-09-08 14:47:07,280,28.00000,64.10000,9.83874,3.45715,39.00000,13.00000,1535.00000,1,Baik
2026-09-08T07:47:27Z,2026-09-08 14:47:27,281,28.00000,64.20000,0.92514,3.45715,39.00000,13.00000,1535.00000,1,Baik
2026-09-08T07:47:47Z,2026-09-08 14:47:47,282,28.10000,64.10000,0.03245,3.45715,39.00000,13.00000,1535.00000,1,Baik
2026-09-08T07:48:07Z,2026-09-08 14:48:07,283,28.10000,63.90000,0.00031,3.45715,39.00000,13.00000,1535.00000,1,Baik
2026-09-08T07:48:27Z,2026-09-08 14:48:27,284,28.10000,63.60000,0.03245,3.45715,39.00000,13.00000,1535.00000,1,Baik
2026-09-08T07:48:47Z,2026-09-08 14:48:47,285,28.10000,63.10000,0.04043,3.45715,39.00000,13.00000,1535.00000,1,Baik
2026-09-08T07:49:07Z,2026-09-08 14:49:07,286,28.10000,62.70000,0.00031,3.45715,39.00000,13.00000,1531.00000,1,Baik
2026-09-08T07:49:27Z,2026-09-08 14:49:27,287,28.10000,62.30000,0.71033,3.45715,39.00000,13.00000,1527.00000,1,Baik
2026-09-08T07:49:47Z,2026-09-08 14:49:47,288,28.10000,61.90000,0.00031,3.44861,39.00000,13.00000,1523.00000,1,Baik
2026-09-08T07:50:07Z,2026-09-08 14:50:07,289,28.00000,61.50000,0.00061,3.44861,39.00000,13.00000,1520.00000,1,Baik
2026-09-08T07:50:27Z,2026-09-08 14:50:27,290,28.00000,61.00000,0.00031,3.44861,39.00000,13.00000,1518.00000,1,Baik
2026-09-08T07:50:47Z,2026-09-08 14:50:47,291,27.90000,60.90000,9.83874,3.44861,39.00000,13.00000,1509.00000,1,Baik
2026-09-08T07:51:07Z,2026-09-08 14:51:07,292,27.90000,60.60000,0.03245,3.44861,39.00000,13.00000,1505.00000,1,Baik
2026-09-08T07:51:27Z,2026-09-08 14:51:27,293,27.90000,60.30000,9.49904,3.44861,39.00000,13.00000,1503.00000,1,Baik
2026-09-08T07:51:47Z,2026-09-08 14:51:47,294,27.80000,60.10000,0.02327,3.44861,39.00000,13.00000,1503.00000,1,Baik
2026-09-08T07:52:07Z,2026-09-08 14:52:07,295,27.80000,60.00000,0.00618,3.44861,39.00000,13.00000,1491.00000,1,Baik
2026-09-08T07:52:27Z,2026-09-08 14:52:27,296,27.80000,59.70000,0.02327,3.44861,39.00000,13.00000,1498.00000,1,Baik
2026-09-08T07:52:47Z,2026-09-08 14:52:47,297,27.80000,59.40000,20.00233,3.44861,56.00000,15.00000,1488.00000,2,Sedang
2026-09-08T07:53:07Z,2026-09-08 14:53:07,298,27.70000,59.10000,18.59262,3.44861,55.00000,15.00000,1488.00000,2,Sedang
2026-09-08T07:53:27Z,2026-09-08 14:53:27,299,27.70000,58.90000,9.62739,3.44861,39.00000,13.00000,1488.00000,1,Baik
2026-09-08T07:53:47Z,2026-09-08 14:53:47,300,27.70000,58.80000,3.41646,3.44861,39.00000,13.00000,1491.00000,1,Baik
2026-09-08T07:54:07Z,2026-09-08 14:54:07,301,27.60000,58.70000,0.03245,3.44861,39.00000,13.00000,1484.00000,1,Baik
2026-09-08T07:54:27Z,2026-09-08 14:54:27,302,27.60000,58.40000,0.21034,3.44861,39.00000,13.00000,1488.00000,1,Baik
2026-09-08T07:54:47Z,2026-09-08 14:54:47,303,27.60000,58.10000,29.91387,3.44861,69.00000,15.00000,1487.00000,2,Sedang
2026-09-08T07:55:07Z,2026-09-08 14:55:07,304,27.50000,58.00000,20.00233,3.44861,56.00000,15.00000,1473.00000,2,Sedang
2026-09-08T07:55:27Z,2026-09-08 14:55:27,305,27.50000,57.80000,0.04043,3.44861,39.00000,13.00000,1475.00000,1,Baik
2026-09-08T07:55:47Z,2026-09-08 14:55:47,306,27.50000,57.70000,0.03245,3.45707,39.00000,13.00000,1469.00000,1,Baik
2026-09-08T07:56:07Z,2026-09-08 14:56:07,307,27.40000,57.60000,0.00061,3.45707,39.00000,13.00000,1465.00000,1,Baik
2026-09-08T07:56:27Z,2026-09-08 14:56:27,308,27.40000,57.50000,0.04043,3.45707,39.00000,13.00000,1462.00000,1,Baik
2026-09-08T07:56:47Z,2026-09-08 14:56:47,309,27.40000,57.40000,3.39375,3.45707,39.00000,13.00000,1460.00000,1,Baik
2026-09-08T07:57:07Z,2026-09-08 14:57:07,310,27.30000,57.20000,9.92200,3.50754,40.00000,13.00000,1455.00000,1,Baik
2026-09-08T07:57:27Z,2026-09-08 14:57:27,311,27.30000,57.10000,18.81458,3.36762,55.00000,15.00000,1456.00000,2,Sedang
2026-09-08T07:57:47Z,2026-09-08 14:57:47,312,27.30000,57.00000,0.03245,3.28411,37.00000,13.00000,1450.00000,1,Baik
2026-09-08T07:58:07Z,2026-09-08 14:58:07,313,27.20000,57.00000,20.00233,3.45663,56.00000,15.00000,1447.00000,2,Sedang
2026-09-08T07:58:27Z,2026-09-08 14:58:27,314,27.20000,56.80000,8.33513,3.36762,38.00000,13.00000,1446.00000,1,Baik
2026-09-08T07:58:47Z,2026-09-08 14:58:47,315,27.20000,56.70000,20.00233,3.45663,56.00000,15.00000,1446.00000,2,Sedang
2026-09-08T07:59:07Z,2026-09-08 14:59:07,316,27.10000,56.60000,9.92200,3.36762,38.00000,13.00000,1445.00000,1,Baik
2026-09-08T07:59:27Z,2026-09-08 14:59:27,317,27.10000,56.50000,9.92200,3.50754,40.00000,13.00000,1445.00000,1,Baik
2026-09-08T07:59:47Z,2026-09-08 14:59:47,318,27.10000,56.30000,9.92200,3.36762,38.00000,13.00000,1439.00000,1,Baik
2026-09-08T08:00:07Z,2026-09-08 15:00:07,319,27.10000,56.20000,9.92200,3.35681,38.00000,13.00000,1440.00000,1,Baik
2026-09-08T08:00:27Z,2026-09-08 15:00:27,320,27.10000,56.00000,0.00031,3.33911,38.00000,13.00000,1441.00000,1,Baik
2026-09-08T08:00:47Z,2026-09-08 15:00:47,321,27.10000,55.90000,0.00031,3.26307,37.00000,13.00000,1424.00000,1,Baik
2026-09-08T08:01:07Z,2026-09-08 15:01:07,322,27.10000,55.80000,9.33530,3.32803,38.00000,13.00000,1434.00000,1,Baik
2026-09-08T08:01:27Z,2026-09-08 15:01:27,323,27.00000,55.60000,0.04043,3.33911,38.00000,13.00000,1429.00000,1,Baik
2026-09-08T08:01:47Z,2026-09-08 15:01:47,324,27.00000,55.50000,0.00430,3.32803,38.00000,13.00000,1434.00000,1,Baik
2026-09-08T08:02:07Z,2026-09-08 15:02:07,325,27.00000,55.50000,20.00233,3.32803,56.00000,15.00000,1433.00000,2,Sedang
2026-09-08T08:02:27Z,2026-09-08 15:02:27,326,27.00000,55.40000,9.92200,3.29986,37.00000,13.00000,1427.00000,1,Baik
2026-09-08T08:02:47Z,2026-09-08 15:02:47,327,26.90000,55.40000,9.69311,3.33911,38.00000,13.00000,1425.00000,1,Baik
2026-09-08T08:03:07Z,2026-09-08 15:03:07,328,26.90000,55.40000,1.75790,3.33911,38.00000,13.00000,1429.00000,1,Baik
2026-09-08T08:03:27Z,2026-09-08 15:03:27,329,26.90000,55.40000,3.32708,3.50754,40.00000,13.00000,1426.00000,1,Baik
2026-09-08T08:03:47Z,2026-09-08 15:03:47,330,26.90000,55.40000,0.00031,3.36762,38.00000,13.00000,1435.00000,1,Baik
2026-09-08T08:04:07Z,2026-09-08 15:04:07,331,26.90000,55.40000,0.02327,3.50754,40.00000,13.00000,1424.00000,1,Baik
2026-09-08T08:04:27Z,2026-09-08 15:04:27,332,26.90000,55.40000,3.32708,3.46335,39.00000,13.00000,1443.00000,1,Baik
2026-09-08T08:04:47Z,2026-09-08 15:04:47,333,26.90000,55.30000,18.11831,3.45663,54.00000,15.00000,1429.00000,2,Sedang
2026-09-08T08:05:07Z,2026-09-08 15:05:07,334,26.90000,55.20000,18.45164,3.35681,55.00000,15.00000,1410.00000,2,Sedang
2026-09-08T08:05:27Z,2026-09-08 15:05:27,335,26.90000,55.20000,21.79551,3.35681,59.00000,15.00000,1424.00000,2,Sedang
2026-09-08T08:05:47Z,2026-09-08 15:05:47,336,26.90000,55.10000,21.79551,3.50754,59.00000,15.00000,1434.00000,2,Sedang
2026-09-08T08:06:08Z,2026-09-08 15:06:08,337,26.90000,55.00000,9.92200,3.45663,39.00000,13.00000,1435.00000,1,Baik
2026-09-08T08:06:27Z,2026-09-08 15:06:27,338,26.90000,55.00000,0.00031,3.50754,40.00000,13.00000,1429.00000,1,Baik
2026-09-08T08:06:47Z,2026-09-08 15:06:47,339,26.80000,54.80000,0.03245,3.50754,40.00000,13.00000,1441.00000,1,Baik
2026-09-08T08:07:07Z,2026-09-08 15:07:07,340,26.80000,54.80000,0.12044,3.50754,40.00000,13.00000,1439.00000,1,Baik
2026-09-08T08:07:27Z,2026-09-08 15:07:27,341,26.80000,54.80000,2.72164,3.32803,38.00000,13.00000,1430.00000,1,Baik
2026-09-08T08:07:47Z,2026-09-08 15:07:47,342,26.80000,54.70000,1.56241,3.32803,38.00000,13.00000,1424.00000,1,Baik
2026-09-08T08:08:07Z,2026-09-08 15:08:07,343,26.80000,54.70000,0.02327,3.32803,38.00000,13.00000,1429.00000,1,Baik
2026-09-08T08:08:27Z,2026-09-08 15:08:27,344,26.80000,54.60000,0.00618,3.29986,37.00000,13.00000,1422.00000,1,Baik
2026-09-08T08:08:47Z,2026-09-08 15:08:47,345,26.70000,54.50000,20.46168,3.32803,57.00000,15.00000,1423.00000,2,Sedang
2026-09-08T08:09:08Z,2026-09-08 15:09:08,346,26.70000,54.50000,30.99318,3.28437,70.00000,15.00000,1424.00000,2,Sedang
2026-09-08T08:09:27Z,2026-09-08 15:09:27,347,26.70000,54.30000,0.00618,3.28437,37.00000,13.00000,1427.00000,1,Baik
2026-09-08T08:09:47Z,2026-09-08 15:09:47,348,26.70000,54.20000,0.04043,3.29986,37.00000,13.00000,1424.00000,1,Baik
2026-09-08T08:10:08Z,2026-09-08 15:10:08,349,26.70000,54.40000,0.00618,3.27926,37.00000,13.00000,1414.00000,1,Baik
2026-09-08T08:10:27Z,2026-09-08 15:10:27,350,26.70000,54.30000,2.91220,3.27926,37.00000,13.00000,1437.00000,1,Baik
2026-09-08T08:10:47Z,2026-09-08 15:10:47,351,26.70000,54.20000,0.00061,3.22382,37.00000,13.00000,1410.00000,1,Baik
2026-09-08T08:11:07Z,2026-09-08 15:11:07,352,26.60000,54.20000,0.00031,3.23200,37.00000,13.00000,1415.00000,1,Baik
2026-09-08T08:11:27Z,2026-09-08 15:11:27,353,26.70000,54.40000,10.01322,3.26829,37.00000,13.00000,1411.00000,1,Baik
2026-09-08T08:11:47Z,2026-09-08 15:11:47,354,26.70000,58.10000,20.00233,3.50754,56.00000,15.00000,1426.00000,2,Sedang
2026-09-08T08:12:07Z,2026-09-08 15:12:07,355,26.70000,59.40000,0.00061,3.50754,40.00000,13.00000,1427.00000,1,Baik
2026-09-08T08:12:27Z,2026-09-08 15:12:27,356,26.70000,60.70000,19.07730,3.45707,55.00000,15.00000,1441.00000,2,Sedang
2026-09-08T08:12:47Z,2026-09-08 15:12:47,357,26.80000,62.40000,19.66900,3.45715,56.00000,15.00000,1458.00000,2,Sedang
2026-09-08T08:13:07Z,2026-09-08 15:13:07,358,26.80000,63.10000,6.44643,3.45715,39.00000,13.00000,1457.00000,1,Baik
2026-09-08T08:13:28Z,2026-09-08 15:13:28,359,26.90000,64.10000,13.40522,3.45715,43.00000,13.00000,1472.00000,1,Baik
2026-09-08T08:13:47Z,2026-09-08 15:13:47,360,26.90000,64.20000,17.54405,3.45715,53.00000,15.00000,1464.00000,2,Sedang
2026-09-08T08:14:07Z,2026-09-08 15:14:07,361,27.00000,64.60000,7.43446,3.45715,39.00000,13.00000,1479.00000,1,Baik
2026-09-08T08:14:27Z,2026-09-08 15:14:27,362,27.00000,64.80000,19.66900,3.45715,56.00000,15.00000,1482.00000,2,Sedang
2026-09-08T08:14:47Z,2026-09-08 15:14:47,363,27.10000,64.50000,17.40950,3.45715,53.00000,15.00000,1488.00000,2,Sedang
2026-09-08T08:15:08Z,2026-09-08 15:15:08,364,27.10000,63.80000,19.66900,3.45715,56.00000,15.00000,1480.00000,2,Sedang
2026-09-08T08:15:28Z,2026-09-08 15:15:28,365,27.10000,63.30000,0.00031,3.45715,39.00000,13.00000,1479.00000,1,Baik
2026-09-08T08:15:47Z,2026-09-08 15:15:47,366,27.10000,62.70000,0.05372,3.45715,39.00000,13.00000,1475.00000,1,Baik
2026-09-08T08:16:07Z,2026-09-08 15:16:07,367,27.10000,62.30000,2.98469,3.45715,39.00000,13.00000,1485.00000,1,Baik
2026-09-08T08:16:28Z,2026-09-08 15:16:28,368,27.10000,61.80000,0.03245,3.44861,39.00000,13.00000,1474.00000,1,Baik
2026-09-08T08:16:47Z,2026-09-08 15:16:47,369,27.10000,61.60000,0.00031,3.44861,39.00000,13.00000,1472.00000,1,Baik
2026-09-08T08:17:07Z,2026-09-08 15:17:07,370,27.10000,61.30000,2.11919,3.44861,39.00000,13.00000,1472.00000,1,Baik
2026-09-08T08:17:28Z,2026-09-08 15:17:28,371,27.00000,61.00000,0.00061,3.44861,39.00000,13.00000,1470.00000,1,Baik
2026-09-08T08:17:47Z,2026-09-08 15:17:47,372,27.10000,60.80000,0.00031,3.44861,39.00000,13.00000,1472.00000,1,Baik
2026-09-08T08:18:08Z,2026-09-08 15:18:08,373,27.00000,60.60000,0.04043,3.44861,39.00000,13.00000,1471.00000,1,Baik
2026-09-08T08:18:28Z,2026-09-08 15:18:28,374,27.00000,60.50000,19.07730,3.44861,55.00000,15.00000,1461.00000,2,Sedang
2026-09-08T08:18:47Z,2026-09-08 15:18:47,375,27.00000,60.30000,18.51912,3.44861,55.00000,15.00000,1458.00000,2,Sedang
2026-09-08T08:19:07Z,2026-09-08 15:19:07,376,26.90000,60.30000,19.66900,3.44861,56.00000,15.00000,1464.00000,2,Sedang
2026-09-08T08:19:28Z,2026-09-08 15:19:28,377,26.90000,60.20000,9.75359,3.44861,39.00000,13.00000,1461.00000,1,Baik
2026-09-08T08:19:48Z,2026-09-08 15:19:48,378,26.90000,60.10000,3.39375,3.44861,39.00000,13.00000,1460.00000,1,Baik
2026-09-08T08:20:08Z,2026-09-08 15:20:08,379,26.90000,60.10000,2.76214,3.44861,39.00000,13.00000,1457.00000,1,Baik
2026-09-08T08:20:28Z,2026-09-08 15:20:28,380,26.90000,60.00000,0.00031,3.44861,39.00000,13.00000,1463.00000,1,Baik
2026-09-08T08:20:48Z,2026-09-08 15:20:48,381,26.90000,60.10000,0.00618,3.44861,39.00000,13.00000,1465.00000,1,Baik
2026-09-08T08:21:07Z,2026-09-08 15:21:07,382,26.90000,60.10000,0.02327,3.44861,39.00000,13.00000,1459.00000,1,Baik
2026-09-08T08:21:28Z,2026-09-08 15:21:28,383,26.90000,60.00000,0.00031,3.44861,39.00000,13.00000,1455.00000,1,Baik
2026-09-08T08:21:48Z,2026-09-08 15:21:48,384,26.90000,60.10000,0.90464,3.44861,39.00000,13.00000,1461.00000,1,Baik
2026-09-08T08:22:08Z,2026-09-08 15:22:08,385,26.90000,60.10000,0.00061,3.44861,39.00000,13.00000,1459.00000,1,Baik
2026-09-08T08:22:28Z,2026-09-08 15:22:28,386,27.00000,60.10000,25.67558,3.44861,63.00000,15.00000,1457.00000,2,Sedang
2026-09-08T08:22:48Z,2026-09-08 15:22:48,387,27.00000,60.00000,20.00233,3.44861,56.00000,15.00000,1454.00000,2,Sedang
2026-09-08T08:23:08Z,2026-09-08 15:23:08,388,27.00000,59.90000,10.38560,3.44861,39.00000,13.00000,1424.00000,1,Baik
2026-09-08T08:23:27Z,2026-09-08 15:23:27,389,27.10000,59.70000,2.11919,3.44861,39.00000,13.00000,1459.00000,1,Baik
2026-09-08T08:23:48Z,2026-09-08 15:23:48,390,27.10000,59.60000,6.72951,3.44861,39.00000,13.00000,1455.00000,1,Baik
2026-09-08T08:24:07Z,2026-09-08 15:24:07,391,27.10000,59.50000,9.83874,3.44861,39.00000,13.00000,1454.00000,1,Baik
2026-09-08T08:24:27Z,2026-09-08 15:24:27,392,27.10000,59.40000,3.39375,3.44861,39.00000,13.00000,1451.00000,1,Baik
2026-09-08T08:24:48Z,2026-09-08 15:24:48,393,27.10000,59.30000,18.07524,3.44861,54.00000,15.00000,1447.00000,2,Sedang
2026-09-08T08:25:08Z,2026-09-08 15:25:08,394,27.10000,59.10000,2.92643,3.44861,39.00000,13.00000,1449.00000,1,Baik
2026-09-08T08:25:28Z,2026-09-08 15:25:28,395,27.10000,59.00000,0.00031,3.44861,39.00000,13.00000,1447.00000,1,Baik
2026-09-08T08:25:48Z,2026-09-08 15:25:48,396,27.10000,58.80000,20.00233,3.44861,56.00000,15.00000,1446.00000,2,Sedang
2026-09-08T08:26:08Z,2026-09-08 15:26:08,397,27.10000,58.60000,9.92200,3.44861,39.00000,13.00000,1449.00000,1,Baik
2026-09-08T08:26:28Z,2026-09-08 15:26:28,398,27.10000,58.50000,18.15164,3.44861,54.00000,15.00000,1442.00000,2,Sedang
2026-09-08T08:26:48Z,2026-09-08 15:26:48,399,27.00000,58.30000,9.92200,3.44861,39.00000,13.00000,1443.00000,1,Baik
2026-09-08T08:27:08Z,2026-09-08 15:27:08,400,27.00000,58.10000,9.85765,3.44861,39.00000,13.00000,1442.00000,1,Baik
2026-09-08T08:27:28Z,2026-09-08 15:27:28,401,27.00000,58.00000,0.00031,3.44861,39.00000,13.00000,1450.00000,1,Baik
2026-09-08T08:27:48Z,2026-09-08 15:27:48,402,27.00000,57.70000,3.41646,3.44861,39.00000,13.00000,1443.00000,1,Baik
2026-09-08T08:28:08Z,2026-09-08 15:28:08,403,27.00000,57.70000,0.00618,3.44861,39.00000,13.00000,1447.00000,1,Baik
2026-09-08T08:28:28Z,2026-09-08 15:28:28,404,26.90000,57.50000,0.00430,3.45707,39.00000,13.00000,1433.00000,1,Baik
2026-09-08T08:28:48Z,2026-09-08 15:28:48,405,26.90000,57.30000,0.12044,3.45707,39.00000,13.00000,1437.00000,1,Baik
2026-09-08T08:29:08Z,2026-09-08 15:29:08,406,26.90000,57.20000,0.00031,3.45707,39.00000,13.00000,1435.00000,1,Baik
2026-09-08T08:29:28Z,2026-09-08 15:29:28,407,26.80000,57.10000,0.00031,3.45707,39.00000,13.00000,1437.00000,1,Baik
2026-09-08T08:29:48Z,2026-09-08 15:29:48,408,26.80000,57.00000,0.12044,3.45707,39.00000,13.00000,1438.00000,1,Baik
2026-09-08T08:30:08Z,2026-09-08 15:30:08,409,26.80000,56.70000,0.00430,3.45707,39.00000,13.00000,1430.00000,1,Baik
2026-09-08T08:30:28Z,2026-09-08 15:30:28,410,26.70000,56.70000,22.45774,3.45707,59.00000,15.00000,1429.00000,2,Sedang
2026-09-08T08:30:48Z,2026-09-08 15:30:48,411,26.70000,56.60000,10.80519,3.45707,39.00000,13.00000,1427.00000,1,Baik
2026-09-08T08:31:08Z,2026-09-08 15:31:08,412,26.70000,56.50000,10.25832,3.46335,39.00000,13.00000,1424.00000,1,Baik
2026-09-08T08:31:28Z,2026-09-08 15:31:28,413,26.70000,56.30000,0.00031,3.44861,39.00000,13.00000,1431.00000,1,Baik
2026-09-08T08:31:48Z,2026-09-08 15:31:48,414,26.60000,56.30000,0.12044,3.45707,39.00000,13.00000,1427.00000,1,Baik
2026-09-08T08:32:08Z,2026-09-08 15:32:08,415,26.60000,56.30000,0.00031,3.45707,39.00000,13.00000,1424.00000,1,Baik
2026-09-08T08:32:28Z,2026-09-08 15:32:28,416,26.60000,56.10000,39.31316,3.45707,80.00000,15.00000,1420.00000,2,Sedang
2026-09-08T08:32:48Z,2026-09-08 15:32:48,417,26.60000,56.00000,11.41570,3.45707,39.00000,13.00000,1423.00000,1,Baik
2026-09-08T08:33:08Z,2026-09-08 15:33:08,418,26.50000,55.90000,10.25832,3.45707,39.00000,13.00000,1421.00000,1,Baik
2026-09-08T08:33:28Z,2026-09-08 15:33:28,419,26.50000,55.90000,0.00031,3.45707,39.00000,13.00000,1431.00000,1,Baik
2026-09-08T08:33:48Z,2026-09-08 15:33:48,420,26.40000,55.90000,0.00618,3.45707,39.00000,13.00000,1425.00000,1,Baik
2026-09-08T08:34:08Z,2026-09-08 15:34:08,421,26.30000,56.00000,0.00031,3.45707,39.00000,13.00000,1424.00000,1,Baik
2026-09-08T08:34:28Z,2026-09-08 15:34:28,422,26.30000,56.00000,0.00031,3.45707,39.00000,13.00000,1425.00000,1,Baik
2026-09-08T08:34:48Z,2026-09-08 15:34:48,423,26.30000,56.00000,0.00618,3.45707,39.00000,13.00000,1421.00000,1,Baik
2026-09-08T08:35:08Z,2026-09-08 15:35:08,424,26.20000,56.20000,0.03245,3.45707,39.00000,13.00000,1423.00000,1,Baik
2026-09-08T08:35:28Z,2026-09-08 15:35:28,425,26.20000,56.20000,20.00233,3.44861,56.00000,15.00000,1425.00000,2,Sedang
2026-09-08T08:35:48Z,2026-09-08 15:35:48,426,26.20000,56.30000,19.66900,3.45707,56.00000,15.00000,1424.00000,2,Sedang
2026-09-08T08:36:08Z,2026-09-08 15:36:08,427,26.20000,56.40000,3.41646,3.44861,39.00000,13.00000,1423.00000,1,Baik
2026-09-08T08:36:28Z,2026-09-08 15:36:28,428,26.10000,56.60000,20.00233,3.45707,56.00000,15.00000,1423.00000,2,Sedang
2026-09-08T08:36:48Z,2026-09-08 15:36:48,429,26.10000,56.50000,20.46168,3.44861,57.00000,15.00000,1426.00000,2,Sedang
2026-09-08T08:37:08Z,2026-09-08 15:37:08,430,26.10000,56.60000,0.00061,3.45707,39.00000,13.00000,1424.00000,1,Baik
2026-09-08T08:37:28Z,2026-09-08 15:37:28,431,26.10000,56.80000,10.25832,3.45707,39.00000,13.00000,1429.00000,1,Baik
2026-09-08T08:37:48Z,2026-09-08 15:37:48,432,26.10000,56.90000,10.25832,3.45707,39.00000,13.00000,1424.00000,1,Baik
2026-09-08T08:38:08Z,2026-09-08 15:38:08,433,26.10000,56.80000,10.25832,3.45707,39.00000,13.00000,1424.00000,1,Baik
2026-09-08T08:38:28Z,2026-09-08 15:38:28,434,26.10000,57.00000,19.66900,3.44861,56.00000,15.00000,1429.00000,2,Sedang
2026-09-08T08:38:48Z,2026-09-08 15:38:48,435,26.10000,56.90000,9.97476,3.44861,39.00000,13.00000,1431.00000,1,Baik
2026-09-08T08:39:08Z,2026-09-08 15:39:08,436,26.10000,57.10000,49.11077,3.44861,92.00000,15.00000,1428.00000,2,Sedang
2026-09-08T08:39:28Z,2026-09-08 15:39:28,437,26.10000,57.20000,10.25832,3.45707,39.00000,13.00000,1429.00000,1,Baik
2026-09-08T08:39:48Z,2026-09-08 15:39:48,438,26.10000,57.30000,0.12044,3.45707,39.00000,13.00000,1431.00000,1,Baik
2026-09-08T08:40:08Z,2026-09-08 15:40:08,439,26.10000,57.30000,18.87039,3.44861,55.00000,15.00000,1429.00000,2,Sedang
2026-09-08T08:40:28Z,2026-09-08 15:40:28,440,26.10000,57.50000,18.38644,3.44861,54.00000,15.00000,1437.00000,2,Sedang
2026-09-08T08:40:48Z,2026-09-08 15:40:48,441,26.10000,57.50000,0.00031,3.44861,39.00000,13.00000,1440.00000,1,Baik
2026-09-08T08:41:08Z,2026-09-08 15:41:08,442,26.10000,57.70000,19.66900,3.44861,56.00000,15.00000,1432.00000,2,Sedang
2026-09-08T08:41:28Z,2026-09-08 15:41:28,443,26.20000,57.90000,0.00031,3.44861,39.00000,13.00000,1449.00000,1,Baik
2026-09-08T08:41:48Z,2026-09-08 15:41:48,444,26.10000,57.80000,0.00031,3.44861,39.00000,13.00000,1453.00000,1,Baik
2026-09-08T08:42:08Z,2026-09-08 15:42:08,445,26.20000,58.00000,0.00031,3.44861,39.00000,13.00000,1441.00000,1,Baik
2026-09-08T08:42:28Z,2026-09-08 15:42:28,446,26.20000,58.10000,26.25790,3.44861,64.00000,15.00000,1451.00000,2,Sedang
2026-09-08T08:42:48Z,2026-09-08 15:42:48,447,26.20000,58.20000,18.87039,3.44861,55.00000,15.00000,1455.00000,2,Sedang
2026-09-08T08:43:08Z,2026-09-08 15:43:08,448,26.30000,58.20000,18.07524,3.44861,54.00000,15.00000,1452.00000,2,Sedang
2026-09-08T08:43:28Z,2026-09-08 15:43:28,449,26.30000,58.30000,0.02327,3.44861,39.00000,13.00000,1458.00000,1,Baik
2026-09-08T08:43:48Z,2026-09-08 15:43:48,450,26.40000,58.20000,0.03245,3.44861,39.00000,13.00000,1459.00000,1,Baik
2026-09-08T08:44:08Z,2026-09-08 15:44:08,451,26.40000,58.10000,1.96492,3.44861,39.00000,13.00000,1430.00000,1,Baik
2026-09-08T08:44:28Z,2026-09-08 15:44:28,452,26.40000,58.10000,20.85728,3.44861,57.00000,15.00000,1469.00000,2,Sedang
2026-09-08T08:44:48Z,2026-09-08 15:44:48,453,26.50000,58.10000,10.25832,3.44861,39.00000,13.00000,1466.00000,1,Baik
2026-09-08T08:45:08Z,2026-09-08 15:45:08,454,26.40000,58.00000,10.19397,3.44861,39.00000,13.00000,1463.00000,1,Baik
2026-09-08T08:45:28Z,2026-09-08 15:45:28,455,26.50000,57.90000,0.00031,3.44861,39.00000,13.00000,1475.00000,1,Baik
2026-09-08T08:45:48Z,2026-09-08 15:45:48,456,26.50000,57.80000,0.03245,3.44861,39.00000,13.00000,1472.00000,1,Baik
2026-09-08T08:46:08Z,2026-09-08 15:46:08,457,26.50000,57.70000,0.00031,3.44861,39.00000,13.00000,1472.00000,1,Baik
2026-09-08T08:46:28Z,2026-09-08 15:46:28,458,26.50000,57.70000,29.83871,3.44861,69.00000,15.00000,1471.00000,2,Sedang
2026-09-08T08:46:48Z,2026-09-08 15:46:48,459,26.50000,57.50000,6.72951,3.44861,39.00000,13.00000,1470.00000,1,Baik
2026-09-08T08:47:08Z,2026-09-08 15:47:08,460,26.50000,57.40000,0.00031,3.44861,39.00000,13.00000,1472.00000,1,Baik
2026-09-08T08:47:28Z,2026-09-08 15:47:28,461,26.50000,57.30000,0.00031,3.44861,39.00000,13.00000,1473.00000,1,Baik
2026-09-08T08:47:48Z,2026-09-08 15:47:48,462,26.50000,57.20000,0.00031,3.44861,39.00000,13.00000,1472.00000,1,Baik
2026-09-08T08:48:08Z,2026-09-08 15:48:08,463,26.50000,57.10000,0.03245,3.44861,39.00000,13.00000,1478.00000,1,Baik
2026-09-08T08:48:28Z,2026-09-08 15:48:28,464,26.40000,57.00000,10.25832,3.44861,39.00000,13.00000,1473.00000,1,Baik
2026-09-08T08:48:48Z,2026-09-08 15:48:48,465,26.40000,57.00000,18.25189,3.44861,54.00000,15.00000,1467.00000,2,Sedang
2026-09-08T08:49:08Z,2026-09-08 15:49:08,466,26.40000,56.90000,2.91706,3.44861,39.00000,13.00000,1470.00000,1,Baik
2026-09-08T08:49:28Z,2026-09-08 15:49:28,467,26.40000,56.80000,0.00061,3.44861,39.00000,13.00000,1482.00000,1,Baik
2026-09-08T08:49:48Z,2026-09-08 15:49:48,468,26.40000,56.70000,0.00031,3.44861,39.00000,13.00000,1472.00000,1,Baik
2026-09-08T08:50:08Z,2026-09-08 15:50:08,469,26.30000,56.60000,0.00031,3.44861,39.00000,13.00000,1479.00000,1,Baik
2026-09-08T08:50:28Z,2026-09-08 15:50:28,470,26.30000,56.60000,20.00233,3.44861,56.00000,15.00000,1472.00000,2,Sedang
2026-09-08T08:50:48Z,2026-09-08 15:50:48,471,26.30000,56.50000,10.25832,3.44861,39.00000,13.00000,1469.00000,1,Baik
2026-09-08T08:51:08Z,2026-09-08 15:51:08,472,26.30000,56.30000,14.01955,3.44861,45.00000,13.00000,1468.00000,1,Baik
2026-09-08T08:51:28Z,2026-09-08 15:51:28,473,26.20000,56.20000,0.00031,3.44861,39.00000,13.00000,1473.00000,1,Baik
2026-09-08T08:51:48Z,2026-09-08 15:51:48,474,26.20000,56.20000,0.00031,3.44861,39.00000,13.00000,1471.00000,1,Baik
2026-09-08T08:52:08Z,2026-09-08 15:52:08,475,26.20000,56.00000,0.00031,3.44861,39.00000,13.00000,1474.00000,1,Baik
2026-09-08T08:52:28Z,2026-09-08 15:52:28,476,26.20000,55.90000,20.00233,3.44861,56.00000,15.00000,1469.00000,2,Sedang
2026-09-08T08:52:48Z,2026-09-08 15:52:48,477,26.20000,55.90000,10.25832,3.44861,39.00000,13.00000,1471.00000,1,Baik
2026-09-08T08:53:08Z,2026-09-08 15:53:08,478,26.10000,55.80000,10.25832,3.44861,39.00000,13.00000,1468.00000,1,Baik
2026-09-08T08:53:28Z,2026-09-08 15:53:28,479,26.10000,56.00000,0.00061,3.44861,39.00000,13.00000,1472.00000,1,Baik
2026-09-08T08:53:48Z,2026-09-08 15:53:48,480,26.00000,55.90000,0.00031,3.44861,39.00000,13.00000,1468.00000,1,Baik
2026-09-08T08:54:08Z,2026-09-08 15:54:08,481,26.00000,56.00000,10.19397,3.44861,39.00000,13.00000,1472.00000,1,Baik
2026-09-08T08:54:28Z,2026-09-08 15:54:28,482,25.90000,55.90000,0.00031,3.44861,39.00000,13.00000,1473.00000,1,Baik
2026-09-08T08:54:48Z,2026-09-08 15:54:48,483,25.90000,56.00000,18.07524,3.44861,54.00000,15.00000,1457.00000,2,Sedang
2026-09-08T08:55:08Z,2026-09-08 15:55:08,484,25.90000,55.90000,6.72951,3.44861,39.00000,13.00000,1469.00000,1,Baik
2026-09-08T08:55:28Z,2026-09-08 15:55:28,485,25.80000,55.90000,0.00430,3.44861,39.00000,13.00000,1472.00000,1,Baik
2026-09-08T08:55:48Z,2026-09-08 15:55:48,486,25.80000,56.10000,0.00031,3.44861,39.00000,13.00000,1468.00000,1,Baik
2026-09-08T08:56:08Z,2026-09-08 15:56:08,487,25.80000,56.10000,0.00031,3.44861,39.00000,13.00000,1472.00000,1,Baik
2026-09-08T08:56:28Z,2026-09-08 15:56:28,488,25.80000,56.00000,20.00233,3.44861,56.00000,15.00000,1466.00000,2,Sedang
2026-09-08T08:56:48Z,2026-09-08 15:56:48,489,25.70000,56.10000,10.19397,3.44861,39.00000,13.00000,1472.00000,1,Baik
2026-09-08T08:57:08Z,2026-09-08 15:57:08,490,25.70000,56.20000,10.25832,3.44861,39.00000,13.00000,1470.00000,1,Baik
2026-09-08T08:57:28Z,2026-09-08 15:57:28,491,25.70000,56.30000,10.25832,3.44861,39.00000,13.00000,1507.00000,1,Baik
2026-09-08T08:57:48Z,2026-09-08 15:57:48,492,25.70000,56.50000,18.38644,3.44861,54.00000,15.00000,1471.00000,2,Sedang
2026-09-08T08:58:08Z,2026-09-08 15:58:08,493,25.70000,56.50000,10.25832,3.44861,39.00000,13.00000,1471.00000,1,Baik
2026-09-08T08:58:28Z,2026-09-08 15:58:28,494,25.70000,56.50000,0.00061,3.44861,39.00000,13.00000,1479.00000,1,Baik
2026-09-08T08:58:48Z,2026-09-08 15:58:48,495,25.70000,56.60000,0.00031,3.44861,39.00000,13.00000,1477.00000,1,Baik
2026-09-08T08:59:08Z,2026-09-08 15:59:08,496,25.70000,56.60000,0.03245,3.44861,39.00000,13.00000,1478.00000,1,Baik
2026-09-08T08:59:28Z,2026-09-08 15:59:28,497,25.70000,56.80000,20.00233,3.44861,56.00000,15.00000,1478.00000,2,Sedang
2026-09-08T08:59:48Z,2026-09-08 15:59:48,498,25.70000,56.70000,18.87039,3.44861,55.00000,15.00000,1474.00000,2,Sedang
2026-09-08T09:00:09Z,2026-09-08 16:00:09,499,25.70000,56.90000,2.22542,3.44861,39.00000,13.00000,1478.00000,1,Baik
2026-09-08T09:00:28Z,2026-09-08 16:00:28,500,25.70000,56.90000,0.00061,3.44861,39.00000,13.00000,1481.00000,1,Baik
2026-09-08T09:00:48Z,2026-09-08 16:00:48,501,25.70000,56.90000,0.00031,3.44861,39.00000,13.00000,1481.00000,1,Baik
2026-09-08T09:01:08Z,2026-09-08 16:01:08,502,25.80000,57.00000,0.00031,3.46870,39.00000,13.00000,1488.00000,1,Baik
2026-09-08T09:01:28Z,2026-09-08 16:01:28,503,25.80000,57.10000,20.00233,3.46870,56.00000,15.00000,1483.00000,2,Sedang
2026-09-08T09:01:48Z,2026-09-08 16:01:48,504,25.80000,57.20000,20.00233,3.44861,56.00000,15.00000,1485.00000,2,Sedang
2026-09-08T09:02:08Z,2026-09-08 16:02:08,505,25.80000,57.30000,8.33513,3.44861,39.00000,13.00000,1482.00000,1,Baik
2026-09-08T09:02:28Z,2026-09-08 16:02:28,506,25.80000,57.30000,2.06129,3.46870,39.00000,13.00000,1490.00000,1,Baik
2026-09-08T09:02:48Z,2026-09-08 16:02:48,507,25.80000,57.50000,0.00031,3.44861,39.00000,13.00000,1484.00000,1,Baik
2026-09-08T09:03:08Z,2026-09-08 16:03:08,508,25.90000,57.50000,0.00031,3.46870,39.00000,13.00000,1490.00000,1,Baik
2026-09-08T09:03:28Z,2026-09-08 16:03:28,509,25.90000,57.80000,20.00233,3.46870,56.00000,15.00000,1486.00000,2,Sedang
2026-09-08T09:03:48Z,2026-09-08 16:03:48,510,25.90000,58.00000,10.25832,3.47328,39.00000,13.00000,1498.00000,1,Baik
2026-09-08T09:04:08Z,2026-09-08 16:04:08,511,26.00000,58.10000,2.72708,3.47641,40.00000,13.00000,1491.00000,1,Baik
2026-09-08T09:04:28Z,2026-09-08 16:04:28,512,26.00000,58.10000,0.00031,3.47641,40.00000,13.00000,1498.00000,1,Baik
2026-09-08T09:04:48Z,2026-09-08 16:04:48,513,26.00000,58.20000,0.00430,3.47641,40.00000,13.00000,1488.00000,1,Baik
2026-09-08T09:05:08Z,2026-09-08 16:05:08,514,26.00000,58.30000,0.02327,3.50732,40.00000,13.00000,1505.00000,1,Baik
2026-09-08T09:05:28Z,2026-09-08 16:05:28,515,26.10000,58.50000,0.00031,3.48965,40.00000,13.00000,1497.00000,1,Baik
2026-09-08T09:05:48Z,2026-09-08 16:05:48,516,26.10000,58.50000,0.00031,3.50732,40.00000,13.00000,1505.00000,1,Baik
2026-09-08T09:06:08Z,2026-09-08 16:06:08,517,26.10000,58.60000,0.03344,3.48965,40.00000,13.00000,1507.00000,1,Baik
2026-09-08T09:06:28Z,2026-09-08 16:06:28,518,26.10000,58.80000,20.00233,3.47328,56.00000,15.00000,1498.00000,2,Sedang
2026-09-08T09:06:48Z,2026-09-08 16:06:48,519,26.20000,58.70000,10.25832,3.50732,40.00000,13.00000,1504.00000,1,Baik
2026-09-08T09:07:08Z,2026-09-08 16:07:08,520,26.20000,58.80000,0.00618,3.48965,40.00000,13.00000,1497.00000,1,Baik
2026-09-08T09:07:28Z,2026-09-08 16:07:28,521,26.20000,58.80000,0.00061,3.50732,40.00000,13.00000,1509.00000,1,Baik
2026-09-08T09:07:48Z,2026-09-08 16:07:48,522,26.30000,58.90000,0.00031,3.48965,40.00000,13.00000,1507.00000,1,Baik
2026-09-08T09:08:08Z,2026-09-08 16:08:08,523,26.30000,59.00000,0.00031,3.46870,39.00000,13.00000,1513.00000,1,Baik
2026-09-08T09:08:28Z,2026-09-08 16:08:28,524,26.30000,59.10000,0.02327,3.48965,40.00000,13.00000,1510.00000,1,Baik
2026-09-08T09:08:48Z,2026-09-08 16:08:48,525,26.30000,59.10000,0.00618,3.48965,40.00000,13.00000,1514.00000,1,Baik
2026-09-08T09:09:08Z,2026-09-08 16:09:08,526,26.40000,59.20000,0.00618,3.50732,40.00000,13.00000,1517.00000,1,Baik
2026-09-08T09:09:28Z,2026-09-08 16:09:28,527,26.40000,59.10000,0.00618,3.47641,40.00000,13.00000,1514.00000,1,Baik
2026-09-08T09:09:48Z,2026-09-08 16:09:48,528,26.40000,59.30000,0.00031,3.50732,40.00000,13.00000,1516.00000,1,Baik
2026-09-08T09:10:08Z,2026-09-08 16:10:08,529,26.40000,59.30000,0.02327,3.50732,40.00000,13.00000,1519.00000,1,Baik
2026-09-08T09:10:28Z,2026-09-08 16:10:28,530,26.40000,59.30000,0.00031,3.48965,40.00000,13.00000,1513.00000,1,Baik
2026-09-08T09:10:48Z,2026-09-08 16:10:48,531,26.40000,59.40000,0.00031,3.48965,40.00000,13.00000,1494.00000,1,Baik
2026-09-08T09:11:08Z,2026-09-08 16:11:08,532,26.40000,59.40000,0.00618,3.50732,40.00000,13.00000,1487.00000,1,Baik
2026-09-08T09:11:28Z,2026-09-08 16:11:28,533,26.40000,59.50000,20.00233,3.47641,56.00000,15.00000,1506.00000,2,Sedang
2026-09-08T09:11:48Z,2026-09-08 16:11:48,534,26.40000,59.60000,19.66900,3.47641,56.00000,15.00000,1495.00000,2,Sedang
2026-09-08T09:12:08Z,2026-09-08 16:12:08,535,26.40000,59.50000,3.06041,3.47641,40.00000,13.00000,1517.00000,1,Baik
2026-09-08T09:12:28Z,2026-09-08 16:12:28,536,26.50000,59.60000,0.00618,3.48965,40.00000,13.00000,1529.00000,1,Baik
2026-09-08T09:12:48Z,2026-09-08 16:12:48,537,26.50000,59.70000,0.00031,3.48965,40.00000,13.00000,1531.00000,1,Baik
2026-09-08T09:13:08Z,2026-09-08 16:13:08,538,26.50000,59.60000,0.00031,3.48965,40.00000,13.00000,1523.00000,1,Baik
2026-09-08T09:13:28Z,2026-09-08 16:13:28,539,26.50000,59.70000,22.12441,3.48965,59.00000,15.00000,1519.00000,2,Sedang
2026-09-08T09:13:48Z,2026-09-08 16:13:48,540,26.50000,59.80000,20.00233,3.50732,56.00000,15.00000,1504.00000,2,Sedang
2026-09-08T09:14:08Z,2026-09-08 16:14:08,541,26.50000,59.90000,10.17505,3.50732,40.00000,13.00000,1534.00000,1,Baik
2026-09-08T09:14:28Z,2026-09-08 16:14:28,542,26.50000,59.90000,0.00430,3.50732,40.00000,13.00000,1534.00000,1,Baik
2026-09-08T09:14:48Z,2026-09-08 16:14:48,543,26.50000,59.90000,0.00031,3.50732,40.00000,13.00000,1527.00000,1,Baik
2026-09-08T09:15:08Z,2026-09-08 16:15:08,544,26.50000,60.00000,2.91706,3.50732,40.00000,13.00000,1535.00000,1,Baik
2026-09-08T09:15:28Z,2026-09-08 16:15:28,545,26.50000,60.00000,0.00031,3.48965,40.00000,13.00000,1505.00000,1,Baik
2026-09-08T09:15:48Z,2026-09-08 16:15:48,546,26.50000,60.00000,2.36034,3.48965,40.00000,13.00000,1520.00000,1,Baik
2026-09-08T09:16:08Z,2026-09-08 16:16:08,547,26.50000,60.10000,0.00031,3.50732,40.00000,13.00000,1535.00000,1,Baik
2026-09-08T09:16:28Z,2026-09-08 16:16:28,548,26.60000,60.10000,18.51912,3.53639,55.00000,15.00000,1516.00000,2,Sedang
2026-09-08T09:16:48Z,2026-09-08 16:16:48,549,26.50000,60.10000,18.11831,3.48965,54.00000,15.00000,1520.00000,2,Sedang
2026-09-08T09:17:08Z,2026-09-08 16:17:08,550,26.60000,60.20000,8.39659,3.53639,40.00000,13.00000,1535.00000,1,Baik
2026-09-08T09:17:28Z,2026-09-08 16:17:28,551,26.60000,60.20000,0.00061,3.51872,40.00000,13.00000,1520.00000,1,Baik
2026-09-08T09:17:48Z,2026-09-08 16:17:48,552,26.60000,60.20000,0.00031,3.51872,40.00000,13.00000,1525.00000,1,Baik
2026-09-08T09:18:08Z,2026-09-08 16:18:08,553,26.60000,60.30000,6.72951,3.53639,40.00000,13.00000,1555.00000,1,Baik
2026-09-08T09:18:28Z,2026-09-08 16:18:28,554,26.60000,60.40000,0.00031,3.51872,40.00000,13.00000,1535.00000,1,Baik
2026-09-08T09:18:48Z,2026-09-08 16:18:48,555,26.60000,60.40000,0.00061,3.51872,40.00000,13.00000,1535.00000,1,Baik
2026-09-08T09:19:08Z,2026-09-08 16:19:08,556,26.50000,60.50000,6.72951,3.48965,40.00000,13.00000,1535.00000,1,Baik
2026-09-08T09:19:28Z,2026-09-08 16:19:28,557,26.50000,60.50000,0.00061,3.48965,40.00000,13.00000,1535.00000,1,Baik
2026-09-08T09:19:48Z,2026-09-08 16:19:48,558,26.50000,60.40000,0.04043,3.48965,40.00000,13.00000,1525.00000,1,Baik
2026-09-08T09:20:08Z,2026-09-08 16:20:08,559,26.50000,60.50000,8.26925,3.50732,40.00000,13.00000,1527.00000,1,Baik
2026-09-08T09:20:28Z,2026-09-08 16:20:28,560,26.50000,60.40000,0.02327,3.50732,40.00000,13.00000,1527.00000,1,Baik
2026-09-08T09:20:48Z,2026-09-08 16:20:48,561,26.60000,60.40000,0.00031,3.51872,40.00000,13.00000,1535.00000,1,Baik
2026-09-08T09:21:08Z,2026-09-08 16:21:08,562,26.60000,60.50000,19.66900,3.51872,56.00000,15.00000,1535.00000,2,Sedang
2026-09-08T09:21:28Z,2026-09-08 16:21:28,563,26.60000,60.50000,3.39375,3.53639,40.00000,13.00000,1558.00000,1,Baik
2026-09-08T09:21:48Z,2026-09-08 16:21:48,564,26.60000,60.50000,10.17505,3.51872,40.00000,13.00000,1535.00000,1,Baik
2026-09-08T09:22:08Z,2026-09-08 16:22:08,565,26.60000,60.50000,7.28583,3.53639,40.00000,13.00000,1535.00000,1,Baik
2026-09-08T09:22:28Z,2026-09-08 16:22:28,566,26.60000,60.50000,0.00031,3.53639,40.00000,13.00000,1535.00000,1,Baik
2026-09-08T09:22:48Z,2026-09-08 16:22:48,567,26.60000,60.50000,0.00031,3.53639,40.00000,13.00000,1535.00000,1,Baik
2026-09-08T09:23:08Z,2026-09-08 16:23:08,568,26.70000,60.30000,6.72951,3.58628,41.00000,13.00000,1535.00000,1,Baik
2026-09-08T09:23:28Z,2026-09-08 16:23:28,569,26.70000,60.20000,0.00061,3.56861,41.00000,13.00000,1535.00000,1,Baik
2026-09-08T09:23:48Z,2026-09-08 16:23:48,570,26.70000,60.00000,0.03344,3.58628,41.00000,13.00000,1535.00000,1,Baik
2026-09-08T09:24:08Z,2026-09-08 16:24:08,571,26.70000,59.90000,0.02327,3.58628,41.00000,13.00000,1521.00000,1,Baik
2026-09-08T09:24:28Z,2026-09-08 16:24:28,572,26.70000,59.80000,20.00233,3.56861,56.00000,15.00000,1523.00000,2,Sedang
2026-09-08T09:24:48Z,2026-09-08 16:24:48,573,26.70000,59.70000,18.64521,3.51936,55.00000,15.00000,1520.00000,2,Sedang
2026-09-08T09:25:08Z,2026-09-08 16:25:08,574,26.70000,59.50000,19.66900,3.51936,56.00000,15.00000,1535.00000,2,Sedang
2026-09-08T09:25:28Z,2026-09-08 16:25:28,575,26.60000,59.40000,0.04043,3.46870,39.00000,13.00000,1524.00000,1,Baik
2026-09-08T09:25:48Z,2026-09-08 16:25:48,576,26.60000,59.20000,0.00061,3.44861,39.00000,13.00000,1519.00000,1,Baik
2026-09-08T09:26:08Z,2026-09-08 16:26:08,577,26.60000,59.10000,0.00031,3.46870,39.00000,13.00000,1535.00000,1,Baik
2026-09-08T09:26:28Z,2026-09-08 16:26:28,578,26.60000,58.90000,0.00031,3.44861,39.00000,13.00000,1521.00000,1,Baik
2026-09-08T09:26:48Z,2026-09-08 16:26:48,579,26.60000,58.80000,0.00061,3.46870,39.00000,13.00000,1553.00000,1,Baik
2026-09-08T09:27:08Z,2026-09-08 16:27:08,580,26.60000,58.70000,0.04043,3.46870,39.00000,13.00000,1554.00000,1,Baik
2026-09-08T09:27:28Z,2026-09-08 16:27:28,581,26.50000,58.40000,0.04043,3.46870,39.00000,13.00000,1535.00000,1,Baik
2026-09-08T09:27:48Z,2026-09-08 16:27:48,582,26.50000,58.20000,0.00031,3.44861,39.00000,13.00000,1535.00000,1,Baik
2026-09-08T09:28:08Z,2026-09-08 16:28:08,583,26.50000,58.10000,0.05372,3.44861,39.00000,13.00000,1531.00000,1,Baik
2026-09-08T09:28:28Z,2026-09-08 16:28:28,584,26.40000,57.90000,9.33530,3.44861,39.00000,13.00000,1526.00000,1,Baik
2026-09-08T09:28:48Z,2026-09-08 16:28:48,585,26.40000,57.80000,9.91863,3.44861,39.00000,13.00000,1520.00000,1,Baik
2026-09-08T09:29:08Z,2026-09-08 16:29:08,586,26.30000,57.50000,6.72951,3.44861,39.00000,13.00000,1514.00000,1,Baik
2026-09-08T09:29:28Z,2026-09-08 16:29:28,587,26.30000,57.50000,9.91863,3.44861,39.00000,13.00000,1517.00000,1,Baik
2026-09-08T09:29:48Z,2026-09-08 16:29:48,588,26.30000,57.40000,18.87039,3.44861,55.00000,15.00000,1516.00000,2,Sedang
2026-09-08T09:30:08Z,2026-09-08 16:30:08,589,26.30000,57.10000,19.66900,3.44861,56.00000,15.00000,1562.00000,2,Sedang
2026-09-08T09:30:28Z,2026-09-08 16:30:28,590,26.20000,57.00000,2.53503,3.44861,39.00000,13.00000,1514.00000,1,Baik
2026-09-08T09:30:48Z,2026-09-08 16:30:48,591,26.20000,56.90000,0.00618,3.44861,39.00000,13.00000,1514.00000,1,Baik
2026-09-08T09:31:08Z,2026-09-08 16:31:08,592,26.10000,56.80000,0.00031,3.44861,39.00000,13.00000,1495.00000,1,Baik
2026-09-08T09:31:28Z,2026-09-08 16:31:28,593,26.10000,56.60000,0.00031,3.44861,39.00000,13.00000,1498.00000,1,Baik
2026-09-08T09:31:48Z,2026-09-08 16:31:48,594,26.10000,56.50000,0.00031,3.44861,39.00000,13.00000,1493.00000,1,Baik
2026-09-08T09:32:08Z,2026-09-08 16:32:08,595,26.00000,56.40000,0.03245,3.44861,39.00000,13.00000,1491.00000,1,Baik
2026-09-08T09:32:28Z,2026-09-08 16:32:28,596,26.00000,56.30000,0.02261,3.44861,39.00000,13.00000,1478.00000,1,Baik
2026-09-08T09:32:48Z,2026-09-08 16:32:48,597,26.00000,56.10000,8.44644,3.44861,39.00000,13.00000,1488.00000,1,Baik
2026-09-08T09:33:08Z,2026-09-08 16:33:08,598,25.90000,56.00000,2.22542,3.44861,39.00000,13.00000,1481.00000,1,Baik
2026-09-08T09:33:28Z,2026-09-08 16:33:28,599,25.80000,56.10000,0.00031,3.44861,39.00000,13.00000,1475.00000,1,Baik
2026-09-08T09:33:48Z,2026-09-08 16:33:48,600,25.80000,56.20000,0.00031,3.44861,39.00000,13.00000,1477.00000,1,Baik
2026-09-08T09:34:08Z,2026-09-08 16:34:08,601,25.70000,56.20000,0.00031,3.44861,39.00000,13.00000,1472.00000,1,Baik
2026-09-08T09:34:28Z,2026-09-08 16:34:28,602,25.70000,56.20000,25.89679,3.44861,64.00000,15.00000,1473.00000,2,Sedang
2026-09-08T09:34:48Z,2026-09-08 16:34:48,603,25.60000,56.00000,10.25832,3.44861,39.00000,13.00000,1468.00000,1,Baik
2026-09-08T09:35:08Z,2026-09-08 16:35:08,604,25.60000,56.20000,0.02261,3.44861,39.00000,13.00000,1467.00000,1,Baik
2026-09-08T09:35:28Z,2026-09-08 16:35:28,605,25.60000,56.20000,0.00618,3.44861,39.00000,13.00000,1471.00000,1,Baik
2026-09-08T09:35:48Z,2026-09-08 16:35:48,606,25.60000,56.30000,0.00061,3.44861,39.00000,13.00000,1463.00000,1,Baik
2026-09-08T09:36:08Z,2026-09-08 16:36:08,607,25.50000,56.40000,0.00031,3.44861,39.00000,13.00000,1463.00000,1,Baik
2026-09-08T09:36:28Z,2026-09-08 16:36:28,608,25.50000,56.50000,0.03245,3.44861,39.00000,13.00000,1465.00000,1,Baik
2026-09-08T09:36:48Z,2026-09-08 16:36:48,609,25.50000,56.40000,10.25832,3.44861,39.00000,13.00000,1456.00000,1,Baik
2026-09-08T09:37:08Z,2026-09-08 16:37:08,610,25.50000,56.30000,2.22542,3.44861,39.00000,13.00000,1463.00000,1,Baik
2026-09-08T09:37:28Z,2026-09-08 16:37:28,611,25.50000,56.40000,0.00061,3.44861,39.00000,13.00000,1458.00000,1,Baik
2026-09-08T09:37:48Z,2026-09-08 16:37:48,612,25.50000,56.40000,0.00031,3.44861,39.00000,13.00000,1456.00000,1,Baik
2026-09-08T09:38:08Z,2026-09-08 16:38:08,613,25.50000,56.40000,0.00031,3.44861,39.00000,13.00000,1456.00000,1,Baik
2026-09-08T09:38:28Z,2026-09-08 16:38:28,614,25.50000,56.60000,29.17204,3.44861,68.00000,15.00000,1453.00000,2,Sedang
2026-09-08T09:38:48Z,2026-09-08 16:38:48,615,25.50000,56.70000,20.00233,3.44861,56.00000,15.00000,1455.00000,2,Sedang
2026-09-08T09:39:08Z,2026-09-08 16:39:08,616,25.50000,56.70000,10.25832,3.45707,39.00000,13.00000,1454.00000,1,Baik
2026-09-08T09:39:28Z,2026-09-08 16:39:28,617,25.50000,56.70000,0.02327,3.44861,39.00000,13.00000,1454.00000,1,Baik
2026-09-08T09:39:48Z,2026-09-08 16:39:48,618,25.50000,56.80000,0.00031,3.44861,39.00000,13.00000,1453.00000,1,Baik
2026-09-08T09:40:08Z,2026-09-08 16:40:08,619,25.50000,56.90000,0.00618,3.44861,39.00000,13.00000,1451.00000,1,Baik
2026-09-08T09:40:28Z,2026-09-08 16:40:28,620,25.60000,56.90000,0.02327,3.44861,39.00000,13.00000,1455.00000,1,Baik
2026-09-08T09:40:48Z,2026-09-08 16:40:48,621,25.60000,57.00000,0.00031,3.44861,39.00000,13.00000,1451.00000,1,Baik
2026-09-08T09:41:08Z,2026-09-08 16:41:08,622,25.60000,57.00000,0.00031,3.44861,39.00000,13.00000,1453.00000,1,Baik
2026-09-08T09:41:28Z,2026-09-08 16:41:28,623,25.60000,57.20000,0.00031,3.44861,39.00000,13.00000,1445.00000,1,Baik
2026-09-08T09:41:48Z,2026-09-08 16:41:48,624,25.70000,57.20000,0.00031,3.44861,39.00000,13.00000,1445.00000,1,Baik
2026-09-08T09:42:08Z,2026-09-08 16:42:08,625,25.60000,57.20000,0.02327,3.44861,39.00000,13.00000,1453.00000,1,Baik
2026-09-08T09:42:28Z,2026-09-08 16:42:28,626,25.70000,57.40000,23.14609,3.44861,60.00000,15.00000,1447.00000,2,Sedang
2026-09-08T09:42:48Z,2026-09-08 16:42:48,627,25.70000,57.60000,10.25832,3.44861,39.00000,13.00000,1443.00000,1,Baik
2026-09-08T09:43:08Z,2026-09-08 16:43:08,628,25.70000,57.60000,9.33530,3.44861,39.00000,13.00000,1451.00000,1,Baik
2026-09-08T09:43:28Z,2026-09-08 16:43:28,629,25.70000,57.70000,0.00031,3.44861,39.00000,13.00000,1455.00000,1,Baik
2026-09-08T09:43:48Z,2026-09-08 16:43:48,630,25.80000,57.80000,0.03245,3.44861,39.00000,13.00000,1447.00000,1,Baik
2026-09-08T09:44:08Z,2026-09-08 16:44:08,631,25.80000,58.00000,0.00031,3.44861,39.00000,13.00000,1451.00000,1,Baik
2026-09-08T09:44:28Z,2026-09-08 16:44:28,632,25.80000,58.00000,47.79268,3.44861,91.00000,15.00000,1451.00000,2,Sedang
2026-09-08T09:44:48Z,2026-09-08 16:44:48,633,25.90000,58.20000,10.01322,3.44861,39.00000,13.00000,1447.00000,1,Baik
2026-09-08T09:45:08Z,2026-09-08 16:45:08,634,25.90000,58.20000,20.00233,3.44861,56.00000,15.00000,1453.00000,2,Sedang
2026-09-08T09:45:28Z,2026-09-08 16:45:28,635,25.90000,58.30000,20.00233,3.44861,56.00000,15.00000,1456.00000,2,Sedang
2026-09-08T09:45:48Z,2026-09-08 16:45:48,636,25.90000,58.40000,10.25832,3.44861,39.00000,13.00000,1450.00000,1,Baik
2026-09-08T09:46:08Z,2026-09-08 16:46:08,637,26.00000,58.60000,19.66900,3.44861,56.00000,15.00000,1449.00000,2,Sedang
2026-09-08T09:46:28Z,2026-09-08 16:46:28,638,26.00000,58.60000,10.25832,3.44861,39.00000,13.00000,1450.00000,1,Baik
2026-09-08T09:46:48Z,2026-09-08 16:46:48,639,26.00000,58.60000,10.25832,3.44861,39.00000,13.00000,1440.00000,1,Baik
2026-09-08T09:47:08Z,2026-09-08 16:47:08,640,26.10000,58.70000,10.25832,3.44861,39.00000,13.00000,1424.00000,1,Baik
2026-09-08T09:47:28Z,2026-09-08 16:47:28,641,26.10000,58.80000,2.53503,3.44861,39.00000,13.00000,1439.00000,1,Baik
2026-09-08T09:47:48Z,2026-09-08 16:47:48,642,26.10000,58.70000,19.66900,3.44861,56.00000,15.00000,1446.00000,2,Sedang
2026-09-08T09:48:08Z,2026-09-08 16:48:08,643,26.20000,58.80000,9.96337,3.44861,39.00000,13.00000,1443.00000,1,Baik
2026-09-08T09:48:28Z,2026-09-08 16:48:28,644,26.20000,58.80000,0.00031,3.44861,39.00000,13.00000,1460.00000,1,Baik
2026-09-08T09:48:48Z,2026-09-08 16:48:48,645,26.20000,58.80000,0.00061,3.44861,39.00000,13.00000,1458.00000,1,Baik
2026-09-08T09:49:08Z,2026-09-08 16:49:08,646,26.20000,58.90000,0.03344,3.44861,39.00000,13.00000,1445.00000,1,Baik
2026-09-08T09:49:28Z,2026-09-08 16:49:28,647,26.30000,58.90000,0.00031,3.44861,39.00000,13.00000,1456.00000,1,Baik
2026-09-08T09:49:48Z,2026-09-08 16:49:48,648,26.30000,59.00000,0.00430,3.44861,39.00000,13.00000,1461.00000,1,Baik
2026-09-08T09:50:08Z,2026-09-08 16:50:08,649,26.30000,59.10000,0.00031,3.44861,39.00000,13.00000,1461.00000,1,Baik
2026-09-08T09:50:28Z,2026-09-08 16:50:28,650,26.30000,59.20000,0.03245,3.44861,39.00000,13.00000,1462.00000,1,Baik
2026-09-08T09:50:48Z,2026-09-08 16:50:48,651,26.30000,59.10000,20.00233,3.44861,56.00000,15.00000,1459.00000,2,Sedang
2026-09-08T09:51:08Z,2026-09-08 16:51:08,652,26.30000,59.10000,0.00031,3.44861,39.00000,13.00000,1456.00000,1,Baik
2026-09-08T09:51:28Z,2026-09-08 16:51:28,653,26.30000,59.10000,0.00031,3.44861,39.00000,13.00000,1319.00000,1,Baik
2026-09-08T09:51:48Z,2026-09-08 16:51:48,654,26.40000,59.20000,0.00061,3.44861,39.00000,13.00000,1466.00000,1,Baik
2026-09-08T09:52:08Z,2026-09-08 16:52:08,655,26.30000,59.30000,0.00031,3.44861,39.00000,13.00000,1468.00000,1,Baik
2026-09-08T09:52:28Z,2026-09-08 16:52:28,656,26.30000,59.30000,20.00233,3.44861,56.00000,15.00000,1466.00000,2,Sedang
2026-09-08T09:52:48Z,2026-09-08 16:52:48,657,26.30000,59.40000,17.94634,3.44861,54.00000,15.00000,1464.00000,2,Sedang
2026-09-08T09:53:08Z,2026-09-08 16:53:08,658,26.40000,59.40000,10.17505,3.44861,39.00000,13.00000,1462.00000,1,Baik
2026-09-08T09:53:28Z,2026-09-08 16:53:28,659,26.30000,59.50000,0.00061,3.44861,39.00000,13.00000,1461.00000,1,Baik
2026-09-08T09:53:48Z,2026-09-08 16:53:48,660,26.40000,59.50000,0.00031,3.44861,39.00000,13.00000,1464.00000,1,Baik
2026-09-08T09:54:08Z,2026-09-08 16:54:08,661,26.40000,59.60000,0.00031,3.44861,39.00000,13.00000,1467.00000,1,Baik
2026-09-08T09:54:28Z,2026-09-08 16:54:28,662,26.40000,59.60000,0.00031,3.44861,39.00000,13.00000,1467.00000,1,Baik
2026-09-08T09:54:48Z,2026-09-08 16:54:48,663,26.40000,59.60000,7.28583,3.44861,39.00000,13.00000,1467.00000,1,Baik
2026-09-08T09:55:08Z,2026-09-08 16:55:08,664,26.40000,59.60000,0.00031,3.44861,39.00000,13.00000,1463.00000,1,Baik
2026-09-08T09:55:28Z,2026-09-08 16:55:28,665,26.40000,59.70000,0.00031,3.44861,39.00000,13.00000,1471.00000,1,Baik
2026-09-08T09:55:48Z,2026-09-08 16:55:48,666,26.40000,59.80000,0.00031,3.44861,39.00000,13.00000,1472.00000,1,Baik
2026-09-08T09:56:08Z,2026-09-08 16:56:08,667,26.40000,59.90000,0.00031,3.44861,39.00000,13.00000,1472.00000,1,Baik
2026-09-08T09:56:28Z,2026-09-08 16:56:28,668,26.40000,59.90000,20.00233,3.44861,56.00000,15.00000,1470.00000,2,Sedang
2026-09-08T09:56:48Z,2026-09-08 16:56:48,669,26.40000,59.90000,10.17505,3.44861,39.00000,13.00000,1471.00000,1,Baik
2026-09-08T09:57:08Z,2026-09-08 16:57:08,670,26.30000,59.90000,0.04043,3.44861,39.00000,13.00000,1463.00000,1,Baik
2026-09-08T09:57:28Z,2026-09-08 16:57:28,671,26.40000,59.90000,0.00603,3.44861,39.00000,13.00000,1477.00000,1,Baik
2026-09-08T09:57:48Z,2026-09-08 16:57:48,672,26.30000,60.00000,0.00031,3.44861,39.00000,13.00000,1477.00000,1,Baik
2026-09-08T09:58:08Z,2026-09-08 16:58:08,673,26.40000,60.10000,0.00031,3.44861,39.00000,13.00000,1472.00000,1,Baik
2026-09-08T09:58:28Z,2026-09-08 16:58:28,674,26.40000,60.10000,0.00031,3.44861,39.00000,13.00000,1473.00000,1,Baik
2026-09-08T09:58:48Z,2026-09-08 16:58:48,675,26.40000,60.10000,0.00031,3.44861,39.00000,13.00000,1471.00000,1,Baik
2026-09-08T09:59:08Z,2026-09-08 16:59:08,676,26.40000,60.10000,0.00031,3.44861,39.00000,13.00000,1471.00000,1,Baik
2026-09-08T09:59:28Z,2026-09-08 16:59:28,677,26.40000,60.10000,0.00031,3.44861,39.00000,13.00000,1473.00000,1,Baik
2026-09-08T09:59:48Z,2026-09-08 16:59:48,678,26.40000,60.00000,0.00031,3.44861,39.00000,13.00000,1470.00000,1,Baik
2026-09-08T10:00:08Z,2026-09-08 17:00:08,679,26.40000,60.00000,0.00618,3.44861,39.00000,13.00000,1473.00000,1,Baik
2026-09-08T10:00:28Z,2026-09-08 17:00:28,680,26.40000,60.10000,0.02327,3.44861,39.00000,13.00000,1472.00000,1,Baik
2026-09-08T10:00:48Z,2026-09-08 17:00:48,681,26.40000,60.10000,0.03245,3.44861,39.00000,13.00000,1473.00000,1,Baik
2026-09-08T10:01:08Z,2026-09-08 17:01:08,682,26.40000,60.10000,0.00061,3.44861,39.00000,13.00000,1470.00000,1,Baik
2026-09-08T10:01:28Z,2026-09-08 17:01:28,683,26.40000,60.10000,0.00618,3.44861,39.00000,13.00000,1472.00000,1,Baik
2026-09-08T10:01:48Z,2026-09-08 17:01:48,684,26.50000,60.10000,0.00031,3.44861,39.00000,13.00000,1467.00000,1,Baik
2026-09-08T10:02:08Z,2026-09-08 17:02:08,685,26.50000,60.10000,0.00430,3.44861,39.00000,13.00000,1474.00000,1,Baik
2026-09-08T10:02:28Z,2026-09-08 17:02:28,686,26.50000,60.30000,20.46168,3.44861,57.00000,15.00000,1472.00000,2,Sedang
2026-09-08T10:02:48Z,2026-09-08 17:02:48,687,26.50000,60.20000,18.34976,3.44861,54.00000,15.00000,1469.00000,2,Sedang
2026-09-08T10:03:08Z,2026-09-08 17:03:08,688,26.50000,60.00000,9.25203,3.44861,39.00000,13.00000,1466.00000,1,Baik
2026-09-08T10:03:28Z,2026-09-08 17:03:28,689,26.60000,59.80000,10.17505,3.44861,39.00000,13.00000,1466.00000,1,Baik
2026-09-08T10:03:48Z,2026-09-08 17:03:48,690,26.60000,59.70000,10.17505,3.44861,39.00000,13.00000,1465.00000,1,Baik
2026-09-08T10:04:08Z,2026-09-08 17:04:08,691,26.60000,59.60000,0.00061,3.44861,39.00000,13.00000,1468.00000,1,Baik
2026-09-08T10:04:28Z,2026-09-08 17:04:28,692,26.60000,59.50000,0.02327,3.44861,39.00000,13.00000,1472.00000,1,Baik
2026-09-08T10:04:48Z,2026-09-08 17:04:48,693,26.60000,59.30000,0.00031,3.44861,39.00000,13.00000,1464.00000,1,Baik
2026-09-08T10:05:08Z,2026-09-08 17:05:08,694,26.60000,59.20000,0.00031,3.44861,39.00000,13.00000,1467.00000,1,Baik
2026-09-08T10:05:28Z,2026-09-08 17:05:28,695,26.50000,58.90000,0.00031,3.44861,39.00000,13.00000,1462.00000,1,Baik
2026-09-08T10:05:48Z,2026-09-08 17:05:48,696,26.50000,58.80000,0.00061,3.44861,39.00000,13.00000,1462.00000,1,Baik
2026-09-08T10:06:08Z,2026-09-08 17:06:08,697,26.50000,58.60000,0.12044,3.44861,39.00000,13.00000,1466.00000,1,Baik
2026-09-08T10:06:28Z,2026-09-08 17:06:28,698,26.50000,58.50000,21.81377,3.44861,59.00000,15.00000,1456.00000,2,Sedang
2026-09-08T10:06:48Z,2026-09-08 17:06:48,699,26.50000,58.20000,0.03245,3.44861,39.00000,13.00000,1456.00000,1,Baik
2026-09-08T10:07:08Z,2026-09-08 17:07:08,700,26.40000,58.10000,0.00618,3.44861,39.00000,13.00000,1456.00000,1,Baik
2026-09-08T10:07:28Z,2026-09-08 17:07:28,701,26.40000,57.90000,10.25832,3.44861,39.00000,13.00000,1455.00000,1,Baik
2026-09-08T10:07:48Z,2026-09-08 17:07:48,702,26.40000,57.70000,20.00233,3.44861,56.00000,15.00000,1450.00000,2,Sedang
2026-09-08T10:08:08Z,2026-09-08 17:08:08,703,26.40000,57.60000,10.25832,3.44861,39.00000,13.00000,1450.00000,1,Baik
2026-09-08T10:08:28Z,2026-09-08 17:08:28,704,26.30000,57.40000,0.00031,3.44861,39.00000,13.00000,1453.00000,1,Baik
2026-09-08T10:08:48Z,2026-09-08 17:08:48,705,26.30000,57.20000,0.04043,3.44861,39.00000,13.00000,1448.00000,1,Baik
2026-09-08T10:09:08Z,2026-09-08 17:09:08,706,26.30000,56.90000,0.00618,3.44861,39.00000,13.00000,1439.00000,1,Baik
2026-09-08T10:09:28Z,2026-09-08 17:09:28,707,26.20000,56.80000,0.00031,3.45707,39.00000,13.00000,1439.00000,1,Baik
2026-09-08T10:09:48Z,2026-09-08 17:09:48,708,26.20000,56.60000,0.02327,3.45707,39.00000,13.00000,1438.00000,1,Baik
2026-09-08T10:10:08Z,2026-09-08 17:10:08,709,26.10000,56.40000,0.00618,3.45707,39.00000,13.00000,1442.00000,1,Baik
2026-09-08T10:10:28Z,2026-09-08 17:10:28,710,26.10000,56.40000,0.02327,3.45707,39.00000,13.00000,1439.00000,1,Baik
2026-09-08T10:10:48Z,2026-09-08 17:10:48,711,26.10000,56.20000,21.49551,3.46335,58.00000,15.00000,1427.00000,2,Sedang
2026-09-08T10:11:08Z,2026-09-08 17:11:08,712,26.00000,56.00000,18.38644,3.46335,54.00000,15.00000,1429.00000,2,Sedang
2026-09-08T10:11:28Z,2026-09-08 17:11:28,713,26.00000,56.00000,10.25832,3.46335,39.00000,13.00000,1430.00000,1,Baik
2026-09-08T10:11:48Z,2026-09-08 17:11:48,714,26.00000,55.70000,10.25832,3.45707,39.00000,13.00000,1426.00000,1,Baik
2026-09-08T10:12:08Z,2026-09-08 17:12:08,715,25.90000,55.70000,27.16901,3.45707,65.00000,15.00000,1427.00000,2,Sedang
2026-09-08T10:12:28Z,2026-09-08 17:12:28,716,25.90000,55.50000,19.66900,3.50754,56.00000,15.00000,1424.00000,2,Sedang
2026-09-08T10:12:48Z,2026-09-08 17:12:48,717,25.80000,55.60000,10.17317,3.50754,40.00000,13.00000,1424.00000,1,Baik
2026-09-08T10:13:08Z,2026-09-08 17:13:08,718,25.70000,55.60000,2.22542,3.50754,40.00000,13.00000,1423.00000,1,Baik
2026-09-08T10:13:28Z,2026-09-08 17:13:28,719,25.70000,55.60000,0.00603,3.50754,40.00000,13.00000,1429.00000,1,Baik
2026-09-08T10:13:48Z,2026-09-08 17:13:48,720,25.60000,55.70000,0.12044,3.50754,40.00000,13.00000,1424.00000,1,Baik
2026-09-08T10:14:08Z,2026-09-08 17:14:08,721,25.60000,55.70000,0.00031,3.46335,39.00000,13.00000,1427.00000,1,Baik
2026-09-08T10:14:28Z,2026-09-08 17:14:28,722,25.50000,55.70000,20.00233,3.33911,56.00000,15.00000,1418.00000,2,Sedang
2026-09-08T10:14:48Z,2026-09-08 17:14:48,723,25.50000,55.70000,10.25832,3.36762,38.00000,13.00000,1415.00000,1,Baik
2026-09-08T10:15:08Z,2026-09-08 17:15:08,724,25.40000,55.90000,10.25832,3.36762,38.00000,13.00000,1415.00000,1,Baik
2026-09-08T10:15:28Z,2026-09-08 17:15:28,725,25.50000,56.10000,0.00031,3.46335,39.00000,13.00000,1419.00000,1,Baik
2026-09-08T10:15:48Z,2026-09-08 17:15:48,726,25.40000,57.10000,0.03245,3.50754,40.00000,13.00000,1419.00000,1,Baik
2026-09-08T10:16:08Z,2026-09-08 17:16:08,727,25.50000,57.50000,0.00061,3.45707,39.00000,13.00000,1426.00000,1,Baik
2026-09-08T10:16:28Z,2026-09-08 17:16:28,728,25.50000,57.50000,0.00031,3.45707,39.00000,13.00000,1424.00000,1,Baik
2026-09-08T10:16:48Z,2026-09-08 17:16:48,729,25.50000,57.60000,0.00031,3.45707,39.00000,13.00000,1425.00000,1,Baik
2026-09-08T10:17:08Z,2026-09-08 17:17:08,730,25.50000,57.50000,0.00618,3.45707,39.00000,13.00000,1424.00000,1,Baik
2026-09-08T10:17:28Z,2026-09-08 17:17:28,731,25.50000,57.50000,0.00031,3.45707,39.00000,13.00000,1426.00000,1,Baik
2026-09-08T10:17:48Z,2026-09-08 17:17:48,732,25.50000,57.30000,0.00618,3.28411,37.00000,13.00000,1411.00000,1,Baik
2026-09-08T10:18:08Z,2026-09-08 17:18:08,733,25.50000,57.30000,0.00031,3.50754,40.00000,13.00000,1411.00000,1,Baik
2026-09-08T10:18:28Z,2026-09-08 17:18:28,734,25.50000,57.20000,0.00031,3.50754,40.00000,13.00000,1421.00000,1,Baik
2026-09-08T10:18:48Z,2026-09-08 17:18:48,735,25.50000,57.30000,0.00061,3.46335,39.00000,13.00000,1424.00000,1,Baik
2026-09-08T10:19:08Z,2026-09-08 17:19:08,736,25.50000,57.30000,0.00031,3.50754,40.00000,13.00000,1418.00000,1,Baik
2026-09-08T10:19:28Z,2026-09-08 17:19:28,737,25.50000,57.30000,20.00233,3.46335,56.00000,15.00000,1419.00000,2,Sedang
2026-09-08T10:19:48Z,2026-09-08 17:19:48,738,25.50000,57.30000,20.00233,3.50754,56.00000,15.00000,1421.00000,2,Sedang
2026-09-08T10:20:08Z,2026-09-08 17:20:08,739,25.50000,57.30000,0.12044,3.50754,40.00000,13.00000,1413.00000,1,Baik
2026-09-08T10:20:28Z,2026-09-08 17:20:28,740,25.50000,57.40000,19.66900,3.50754,56.00000,15.00000,1415.00000,2,Sedang
2026-09-08T10:20:48Z,2026-09-08 17:20:48,741,25.50000,57.40000,18.15164,3.50754,54.00000,15.00000,1414.00000,2,Sedang
2026-09-08T10:21:08Z,2026-09-08 17:21:08,742,25.50000,57.50000,0.02327,3.50754,40.00000,13.00000,1415.00000,1,Baik
2026-09-08T10:21:28Z,2026-09-08 17:21:28,743,25.50000,57.50000,0.00031,3.46335,39.00000,13.00000,1419.00000,1,Baik
2026-09-08T10:21:48Z,2026-09-08 17:21:48,744,25.50000,57.60000,0.00061,3.46335,39.00000,13.00000,1419.00000,1,Baik
2026-09-08T10:22:08Z,2026-09-08 17:22:08,745,25.50000,57.50000,0.02261,3.46335,39.00000,13.00000,1423.00000,1,Baik
2026-09-08T10:22:28Z,2026-09-08 17:22:28,746,25.50000,57.60000,22.05566,3.46335,59.00000,15.00000,1424.00000,2,Sedang
2026-09-08T10:22:48Z,2026-09-08 17:22:48,747,25.50000,57.80000,20.00233,3.46335,56.00000,15.00000,1418.00000,2,Sedang
2026-09-08T10:23:09Z,2026-09-08 17:23:09,748,25.60000,57.80000,10.25832,3.45707,39.00000,13.00000,1424.00000,1,Baik
2026-09-08T10:23:28Z,2026-09-08 17:23:28,749,25.60000,58.00000,0.00618,3.45707,39.00000,13.00000,1430.00000,1,Baik
2026-09-08T10:23:48Z,2026-09-08 17:23:48,750,25.60000,58.10000,0.03344,3.44861,39.00000,13.00000,1430.00000,1,Baik
2026-09-08T10:24:08Z,2026-09-08 17:24:08,751,25.60000,58.20000,31.75697,3.46335,71.00000,15.00000,1424.00000,2,Sedang
2026-09-08T10:24:28Z,2026-09-08 17:24:28,752,25.70000,58.30000,11.41570,3.44861,39.00000,13.00000,1429.00000,1,Baik
2026-09-08T10:24:48Z,2026-09-08 17:24:48,753,25.70000,58.30000,18.83914,3.45707,55.00000,15.00000,1424.00000,2,Sedang
2026-09-08T10:25:08Z,2026-09-08 17:25:08,754,25.70000,58.40000,0.05372,3.44861,39.00000,13.00000,1427.00000,1,Baik
2026-09-08T10:25:28Z,2026-09-08 17:25:28,755,25.80000,58.50000,0.02327,3.44861,39.00000,13.00000,1439.00000,1,Baik
2026-09-08T10:25:49Z,2026-09-08 17:25:49,756,25.80000,58.50000,0.00031,3.44861,39.00000,13.00000,1431.00000,1,Baik
2026-09-08T10:26:09Z,2026-09-08 17:26:09,757,25.80000,58.60000,50.95907,3.44861,95.00000,15.00000,1436.00000,2,Sedang
2026-09-08T10:26:28Z,2026-09-08 17:26:28,758,25.80000,58.60000,0.00031,3.44861,39.00000,13.00000,1439.00000,1,Baik
2026-09-08T10:26:48Z,2026-09-08 17:26:48,759,25.80000,58.70000,0.02327,3.44861,39.00000,13.00000,1430.00000,1,Baik
2026-09-08T10:27:09Z,2026-09-08 17:27:09,760,25.90000,58.80000,0.00061,3.44861,39.00000,13.00000,1433.00000,1,Baik
2026-09-08T10:27:28Z,2026-09-08 17:27:28,761,25.80000,58.90000,0.00031,3.44861,39.00000,13.00000,1434.00000,1,Baik
2026-09-08T10:27:48Z,2026-09-08 17:27:48,762,25.90000,58.90000,18.15164,3.44861,54.00000,15.00000,1429.00000,2,Sedang
2026-09-08T10:28:08Z,2026-09-08 17:28:08,763,25.90000,59.10000,9.83536,3.44861,39.00000,13.00000,1429.00000,1,Baik
2026-09-08T10:28:28Z,2026-09-08 17:28:28,764,25.90000,59.00000,0.00031,3.44861,39.00000,13.00000,1424.00000,1,Baik
2026-09-08T10:28:48Z,2026-09-08 17:28:48,765,25.90000,59.00000,10.12824,3.44861,39.00000,13.00000,1430.00000,1,Baik
2026-09-08T10:29:08Z,2026-09-08 17:29:08,766,25.90000,59.10000,11.33243,3.44861,39.00000,13.00000,1426.00000,1,Baik
2026-09-08T10:29:28Z,2026-09-08 17:29:28,767,25.90000,59.10000,2.24932,3.44861,39.00000,13.00000,1433.00000,1,Baik
2026-09-08T10:29:48Z,2026-09-08 17:29:48,768,25.90000,59.10000,26.64780,3.44861,65.00000,15.00000,1431.00000,2,Sedang
2026-09-08T10:30:08Z,2026-09-08 17:30:08,769,25.90000,59.20000,10.17505,3.44861,39.00000,13.00000,1430.00000,1,Baik
2026-09-08T10:30:29Z,2026-09-08 17:30:29,770,26.00000,59.30000,0.00031,3.44861,39.00000,13.00000,1424.00000,1,Baik
2026-09-08T10:30:48Z,2026-09-08 17:30:48,771,25.90000,59.20000,0.02261,3.44861,39.00000,13.00000,1424.00000,1,Baik
2026-09-08T10:31:08Z,2026-09-08 17:31:08,772,26.00000,59.30000,2.22542,3.44861,39.00000,13.00000,1425.00000,1,Baik
2026-09-08T10:31:29Z,2026-09-08 17:31:29,773,26.00000,59.40000,9.92995,3.44861,39.00000,13.00000,1424.00000,1,Baik
2026-09-08T10:31:48Z,2026-09-08 17:31:48,774,26.00000,59.40000,20.46168,3.44861,57.00000,15.00000,1418.00000,2,Sedang
2026-09-08T10:32:08Z,2026-09-08 17:32:08,775,26.00000,59.50000,0.00031,3.44861,39.00000,13.00000,1422.00000,1,Baik
2026-09-08T10:32:29Z,2026-09-08 17:32:29,776,26.10000,59.40000,22.50477,3.44861,60.00000,15.00000,1417.00000,2,Sedang
2026-09-08T10:32:48Z,2026-09-08 17:32:48,777,26.10000,59.40000,20.00233,3.44861,56.00000,15.00000,1424.00000,2,Sedang
2026-09-08T10:33:08Z,2026-09-08 17:33:08,778,26.10000,59.40000,20.00233,3.44861,56.00000,15.00000,1423.00000,2,Sedang
2026-09-08T10:33:29Z,2026-09-08 17:33:29,779,26.10000,59.40000,18.15164,3.44861,54.00000,15.00000,1431.00000,2,Sedang
2026-09-08T10:33:48Z,2026-09-08 17:33:48,780,26.10000,59.40000,9.92995,3.44861,39.00000,13.00000,1438.00000,1,Baik
2026-09-08T10:34:08Z,2026-09-08 17:34:08,781,26.10000,59.50000,0.00031,3.44861,39.00000,13.00000,1435.00000,1,Baik
2026-09-08T10:34:29Z,2026-09-08 17:34:29,782,26.10000,59.60000,10.17505,3.44861,39.00000,13.00000,1439.00000,1,Baik
2026-09-08T10:34:48Z,2026-09-08 17:34:48,783,26.10000,59.60000,9.25203,3.44861,39.00000,13.00000,1445.00000,1,Baik
2026-09-08T10:35:09Z,2026-09-08 17:35:09,784,26.10000,59.60000,18.08088,3.44861,54.00000,15.00000,1454.00000,2,Sedang
2026-09-08T10:35:29Z,2026-09-08 17:35:29,785,26.10000,59.70000,0.00430,3.44861,39.00000,13.00000,1456.00000,1,Baik
2026-09-08T10:35:48Z,2026-09-08 17:35:48,786,26.20000,59.70000,0.02327,3.44861,39.00000,13.00000,1453.00000,1,Baik
2026-09-08T10:36:09Z,2026-09-08 17:36:09,787,26.20000,59.70000,2.22542,3.44861,39.00000,13.00000,1458.00000,1,Baik
2026-09-08T10:36:29Z,2026-09-08 17:36:29,788,26.20000,59.70000,0.02261,3.44861,39.00000,13.00000,1456.00000,1,Baik
2026-09-08T10:36:49Z,2026-09-08 17:36:49,789,26.20000,59.70000,19.07730,3.44861,55.00000,15.00000,1454.00000,2,Sedang
2026-09-08T10:37:08Z,2026-09-08 17:37:08,790,26.20000,59.80000,10.17505,3.44861,39.00000,13.00000,1456.00000,1,Baik
2026-09-08T10:37:29Z,2026-09-08 17:37:29,791,26.20000,59.80000,20.00233,3.44861,56.00000,15.00000,1442.00000,2,Sedang
2026-09-08T10:37:49Z,2026-09-08 17:37:49,792,26.20000,59.70000,10.17505,3.44861,39.00000,13.00000,1424.00000,1,Baik
2026-09-08T10:38:09Z,2026-09-08 17:38:09,793,26.20000,59.80000,17.78543,3.44861,54.00000,15.00000,1429.00000,2,Sedang
2026-09-08T10:38:29Z,2026-09-08 17:38:29,794,26.20000,59.80000,19.07730,3.44861,55.00000,15.00000,1455.00000,2,Sedang
2026-09-08T10:38:49Z,2026-09-08 17:38:49,795,26.20000,59.80000,18.51912,3.44861,55.00000,15.00000,1452.00000,2,Sedang
2026-09-08T10:39:09Z,2026-09-08 17:39:09,796,26.20000,59.70000,8.73910,3.44861,39.00000,13.00000,1454.00000,1,Baik
2026-09-08T10:39:29Z,2026-09-08 17:39:29,797,26.20000,59.90000,0.04043,3.44861,39.00000,13.00000,1463.00000,1,Baik
2026-09-08T10:39:49Z,2026-09-08 17:39:49,798,26.20000,59.90000,0.00031,3.44861,39.00000,13.00000,1463.00000,1,Baik
2026-09-08T10:40:09Z,2026-09-08 17:40:09,799,26.20000,59.90000,0.00031,3.44861,39.00000,13.00000,1454.00000,1,Baik
2026-09-08T10:40:29Z,2026-09-08 17:40:29,800,26.20000,59.90000,0.02327,3.44861,39.00000,13.00000,1459.00000,1,Baik
2026-09-08T10:40:49Z,2026-09-08 17:40:49,801,26.20000,60.00000,26.03669,3.44861,64.00000,15.00000,1456.00000,2,Sedang
2026-09-08T10:41:09Z,2026-09-08 17:41:09,802,26.20000,59.90000,22.16218,3.44861,59.00000,15.00000,1457.00000,2,Sedang
2026-09-08T10:41:29Z,2026-09-08 17:41:29,803,26.20000,59.90000,0.00031,3.44861,39.00000,13.00000,1457.00000,1,Baik
2026-09-08T10:41:49Z,2026-09-08 17:41:49,804,26.20000,60.00000,2.53503,3.44861,39.00000,13.00000,1467.00000,1,Baik
2026-09-08T10:42:09Z,2026-09-08 17:42:09,805,26.20000,60.00000,0.00061,3.44861,39.00000,13.00000,1462.00000,1,Baik
2026-09-08T10:42:29Z,2026-09-08 17:42:29,806,26.20000,60.00000,0.00031,3.44861,39.00000,13.00000,1458.00000,1,Baik
2026-09-08T10:42:49Z,2026-09-08 17:42:49,807,26.20000,60.00000,0.00031,3.44861,39.00000,13.00000,1460.00000,1,Baik
2026-09-08T10:43:09Z,2026-09-08 17:43:09,808,26.20000,60.00000,0.02327,3.44861,39.00000,13.00000,1471.00000,1,Baik
2026-09-08T10:43:29Z,2026-09-08 17:43:29,809,26.20000,60.00000,0.00061,3.44861,39.00000,13.00000,1468.00000,1,Baik
2026-09-08T10:43:49Z,2026-09-08 17:43:49,810,26.20000,60.00000,0.00031,3.44861,39.00000,13.00000,1459.00000,1,Baik
2026-09-08T10:44:09Z,2026-09-08 17:44:09,811,26.20000,60.10000,0.00061,3.44861,39.00000,13.00000,1461.00000,1,Baik
2026-09-08T10:44:29Z,2026-09-08 17:44:29,812,26.20000,60.00000,1.80203,3.44861,39.00000,13.00000,1466.00000,1,Baik
2026-09-08T10:44:49Z,2026-09-08 17:44:49,813,26.20000,60.10000,0.00031,3.44861,39.00000,13.00000,1458.00000,1,Baik
2026-09-08T10:45:09Z,2026-09-08 17:45:09,814,26.20000,60.10000,0.00031,3.44861,39.00000,13.00000,1461.00000,1,Baik
2026-09-08T10:45:29Z,2026-09-08 17:45:29,815,26.20000,60.10000,0.00031,3.44861,39.00000,13.00000,1457.00000,1,Baik
2026-09-08T10:45:49Z,2026-09-08 17:45:49,816,26.20000,60.10000,11.33243,3.44861,39.00000,13.00000,1455.00000,1,Baik
2026-09-08T10:46:09Z,2026-09-08 17:46:09,817,26.20000,60.10000,0.02327,3.44861,39.00000,13.00000,1451.00000,1,Baik
2026-09-08T10:46:29Z,2026-09-08 17:46:29,818,26.20000,60.10000,20.00233,3.44861,56.00000,15.00000,1457.00000,2,Sedang
2026-09-08T10:46:49Z,2026-09-08 17:46:49,819,26.20000,60.20000,20.00233,3.44861,56.00000,15.00000,1456.00000,2,Sedang
2026-09-08T10:47:09Z,2026-09-08 17:47:09,820,26.20000,60.20000,21.85728,3.44861,59.00000,15.00000,1460.00000,2,Sedang
2026-09-08T10:47:29Z,2026-09-08 17:47:29,821,26.20000,60.20000,0.03245,3.44861,39.00000,13.00000,1456.00000,1,Baik
2026-09-08T10:47:49Z,2026-09-08 17:47:49,822,26.20000,60.20000,0.00031,3.44861,39.00000,13.00000,1457.00000,1,Baik
2026-09-08T10:48:09Z,2026-09-08 17:48:09,823,26.20000,60.20000,0.02327,3.44861,39.00000,13.00000,1456.00000,1,Baik
2026-09-08T10:48:29Z,2026-09-08 17:48:29,824,26.20000,60.20000,9.89149,3.44861,39.00000,13.00000,1456.00000,1,Baik
2026-09-08T10:48:49Z,2026-09-08 17:48:49,825,26.20000,60.20000,11.33243,3.44861,39.00000,13.00000,1456.00000,1,Baik
2026-09-08T10:49:09Z,2026-09-08 17:49:09,826,26.20000,60.20000,18.08570,3.44861,54.00000,15.00000,1457.00000,2,Sedang
2026-09-08T10:49:29Z,2026-09-08 17:49:29,827,26.20000,60.30000,10.17505,3.44861,39.00000,13.00000,1465.00000,1,Baik
2026-09-08T10:49:49Z,2026-09-08 17:49:49,828,26.20000,60.30000,10.17505,3.44861,39.00000,13.00000,1465.00000,1,Baik
2026-09-08T10:50:09Z,2026-09-08 17:50:09,829,26.20000,60.20000,0.03245,3.44861,39.00000,13.00000,1469.00000,1,Baik
2026-09-08T10:50:29Z,2026-09-08 17:50:29,830,26.20000,60.10000,2.06129,3.44861,39.00000,13.00000,1470.00000,1,Baik
2026-09-08T10:50:49Z,2026-09-08 17:50:49,831,26.20000,60.20000,10.17505,3.44861,39.00000,13.00000,1472.00000,1,Baik
2026-09-08T10:51:09Z,2026-09-08 17:51:09,832,26.20000,60.20000,2.72708,3.44861,39.00000,13.00000,1470.00000,1,Baik
2026-09-08T10:51:29Z,2026-09-08 17:51:29,833,26.20000,60.20000,20.00233,3.44861,56.00000,15.00000,1472.00000,2,Sedang
2026-09-08T10:51:49Z,2026-09-08 17:51:49,834,26.20000,60.20000,9.83536,3.44861,39.00000,13.00000,1462.00000,1,Baik
2026-09-08T10:52:09Z,2026-09-08 17:52:09,835,26.20000,60.20000,10.08990,3.44861,39.00000,13.00000,1463.00000,1,Baik
2026-09-08T10:52:29Z,2026-09-08 17:52:29,836,26.20000,60.20000,0.00031,3.44861,39.00000,13.00000,1469.00000,1,Baik
2026-09-08T10:52:49Z,2026-09-08 17:52:49,837,26.20000,60.30000,0.00618,3.44861,39.00000,13.00000,1466.00000,1,Baik
2026-09-08T10:53:09Z,2026-09-08 17:53:09,838,26.20000,60.20000,0.00031,3.44861,39.00000,13.00000,1456.00000,1,Baik
2026-09-08T10:53:29Z,2026-09-08 17:53:29,839,26.20000,60.30000,0.03245,3.44861,39.00000,13.00000,1488.00000,1,Baik
2026-09-08T10:53:49Z,2026-09-08 17:53:49,840,26.20000,60.20000,10.17505,3.44861,39.00000,13.00000,1474.00000,1,Baik
2026-09-08T10:54:09Z,2026-09-08 17:54:09,841,26.20000,60.40000,17.65088,3.44861,54.00000,15.00000,1456.00000,2,Sedang
2026-09-08T10:54:29Z,2026-09-08 17:54:29,842,26.20000,60.30000,0.02261,3.44861,39.00000,13.00000,1456.00000,1,Baik
2026-09-08T10:54:49Z,2026-09-08 17:54:49,843,26.20000,60.40000,0.00031,3.44861,39.00000,13.00000,1455.00000,1,Baik
2026-09-08T10:55:09Z,2026-09-08 17:55:09,844,26.20000,60.30000,0.02327,3.44861,39.00000,13.00000,1455.00000,1,Baik
2026-09-08T10:55:29Z,2026-09-08 17:55:29,845,26.20000,60.40000,0.00031,3.44861,39.00000,13.00000,1455.00000,1,Baik
2026-09-08T10:55:49Z,2026-09-08 17:55:49,846,26.10000,60.40000,0.02261,3.44861,39.00000,13.00000,1463.00000,1,Baik
2026-09-08T10:56:09Z,2026-09-08 17:56:09,847,26.20000,60.40000,0.12044,3.44861,39.00000,13.00000,1472.00000,1,Baik
2026-09-08T10:56:29Z,2026-09-08 17:56:29,848,26.20000,60.40000,20.46168,3.44861,57.00000,15.00000,1463.00000,2,Sedang
2026-09-08T10:56:49Z,2026-09-08 17:56:49,849,26.20000,60.40000,2.72708,3.44861,39.00000,13.00000,1472.00000,1,Baik
2026-09-08T10:57:09Z,2026-09-08 17:57:09,850,26.20000,60.40000,10.17505,3.44861,39.00000,13.00000,1465.00000,1,Baik
2026-09-08T10:57:29Z,2026-09-08 17:57:29,851,26.20000,60.30000,0.00618,3.44861,39.00000,13.00000,1479.00000,1,Baik
2026-09-08T10:57:49Z,2026-09-08 17:57:49,852,26.10000,60.20000,0.05372,3.44861,39.00000,13.00000,1472.00000,1,Baik
2026-09-08T10:58:09Z,2026-09-08 17:58:09,853,26.20000,60.30000,0.02327,3.44861,39.00000,13.00000,1461.00000,1,Baik
2026-09-08T10:58:29Z,2026-09-08 17:58:29,854,26.20000,60.30000,2.58373,3.44861,39.00000,13.00000,1475.00000,1,Baik
2026-09-08T10:58:49Z,2026-09-08 17:58:49,855,26.20000,60.40000,0.00618,3.46870,39.00000,13.00000,1475.00000,1,Baik
2026-09-08T10:59:09Z,2026-09-08 17:59:09,856,26.20000,60.40000,0.00031,3.46870,39.00000,13.00000,1472.00000,1,Baik
2026-09-08T10:59:29Z,2026-09-08 17:59:29,857,26.20000,60.40000,0.02327,3.46870,39.00000,13.00000,1487.00000,1,Baik
2026-09-08T10:59:49Z,2026-09-08 17:59:49,858,26.20000,60.40000,0.04043,3.46870,39.00000,13.00000,1475.00000,1,Baik
2026-09-08T11:00:09Z,2026-09-08 18:00:09,859,26.20000,60.50000,0.00031,3.46870,39.00000,13.00000,1451.00000,1,Baik
2026-09-08T11:00:29Z,2026-09-08 18:00:29,860,26.20000,60.70000,20.00233,3.47641,56.00000,15.00000,1475.00000,2,Sedang
2026-09-08T11:00:49Z,2026-09-08 18:00:49,861,26.20000,61.00000,10.17505,3.48965,40.00000,13.00000,1483.00000,1,Baik
2026-09-08T11:01:09Z,2026-09-08 18:01:09,862,26.20000,61.20000,10.17505,3.46870,39.00000,13.00000,1471.00000,1,Baik
2026-09-08T11:01:29Z,2026-09-08 18:01:29,863,26.20000,61.30000,1.86412,3.47328,39.00000,13.00000,1489.00000,1,Baik
2026-09-08T11:01:49Z,2026-09-08 18:01:49,864,26.20000,61.70000,0.03245,3.47328,39.00000,13.00000,1513.00000,1,Baik
2026-09-08T11:02:09Z,2026-09-08 18:02:09,865,26.20000,61.60000,0.00031,3.48965,40.00000,13.00000,1511.00000,1,Baik
2026-09-08T11:02:29Z,2026-09-08 18:02:29,866,26.20000,61.70000,0.00061,3.47328,39.00000,13.00000,1497.00000,1,Baik
2026-09-08T11:02:49Z,2026-09-08 18:02:49,867,26.20000,61.80000,0.05372,3.48965,40.00000,13.00000,1505.00000,1,Baik
2026-09-08T11:03:09Z,2026-09-08 18:03:09,868,26.20000,61.70000,5.33938,3.48965,40.00000,13.00000,1501.00000,1,Baik
2026-09-08T11:03:29Z,2026-09-08 18:03:29,869,26.20000,61.70000,0.04043,3.50732,40.00000,13.00000,1501.00000,1,Baik
2026-09-08T11:03:49Z,2026-09-08 18:03:49,870,26.30000,61.70000,2.31802,3.50732,40.00000,13.00000,1488.00000,1,Baik
2026-09-08T11:04:09Z,2026-09-08 18:04:09,871,26.30000,61.70000,0.00031,3.50732,40.00000,13.00000,1498.00000,1,Baik
2026-09-08T11:04:29Z,2026-09-08 18:04:29,872,26.30000,61.70000,2.06129,3.48965,40.00000,13.00000,1490.00000,1,Baik
2026-09-08T11:04:49Z,2026-09-08 18:04:49,873,26.30000,61.70000,2.22542,3.50732,40.00000,13.00000,1493.00000,1,Baik
2026-09-08T11:05:09Z,2026-09-08 18:05:09,874,26.30000,61.90000,10.11070,3.55041,40.00000,13.00000,1495.00000,1,Baik
2026-09-08T11:05:29Z,2026-09-08 18:05:29,875,26.30000,61.80000,2.22542,3.59515,41.00000,13.00000,1501.00000,1,Baik
2026-09-08T11:05:49Z,2026-09-08 18:05:49,876,26.30000,61.80000,2.31802,3.59515,41.00000,13.00000,1493.00000,1,Baik
2026-09-08T11:06:09Z,2026-09-08 18:06:09,877,26.30000,61.70000,0.04043,3.59656,41.00000,13.00000,1488.00000,1,Baik
2026-09-08T11:06:29Z,2026-09-08 18:06:29,878,26.30000,61.70000,0.02327,3.55041,40.00000,13.00000,1493.00000,1,Baik
2026-09-08T11:06:49Z,2026-09-08 18:06:49,879,26.30000,61.70000,9.25203,3.50732,40.00000,13.00000,1484.00000,1,Baik
2026-09-08T11:07:09Z,2026-09-08 18:07:09,880,26.30000,61.70000,0.05372,3.50732,40.00000,13.00000,1472.00000,1,Baik
2026-09-08T11:07:29Z,2026-09-08 18:07:29,881,26.30000,61.80000,2.53503,3.55041,40.00000,13.00000,1466.00000,1,Baik
2026-09-08T11:07:50Z,2026-09-08 18:07:50,882,26.40000,62.10000,0.00031,3.50732,40.00000,13.00000,1475.00000,1,Baik
2026-09-08T11:08:09Z,2026-09-08 18:08:09,883,26.40000,61.90000,0.02327,3.48965,40.00000,13.00000,1478.00000,1,Baik
2026-09-08T11:08:29Z,2026-09-08 18:08:29,884,26.40000,61.90000,0.00031,3.47641,40.00000,13.00000,1481.00000,1,Baik
2026-09-08T11:08:49Z,2026-09-08 18:08:49,885,26.40000,61.80000,0.00430,3.47328,39.00000,13.00000,1478.00000,1,Baik
2026-09-08T11:09:09Z,2026-09-08 18:09:09,886,26.40000,61.70000,0.00031,3.47641,40.00000,13.00000,1479.00000,1,Baik
2026-09-08T11:09:29Z,2026-09-08 18:09:29,887,26.40000,61.70000,0.00031,3.48965,40.00000,13.00000,1482.00000,1,Baik
2026-09-08T11:09:49Z,2026-09-08 18:09:49,888,26.40000,61.90000,0.02327,3.48965,40.00000,13.00000,1485.00000,1,Baik
2026-09-08T11:10:09Z,2026-09-08 18:10:09,889,26.40000,61.80000,10.17505,3.50732,40.00000,13.00000,1488.00000,1,Baik
2026-09-08T11:10:29Z,2026-09-08 18:10:29,890,26.40000,61.80000,2.36034,3.50732,40.00000,13.00000,1488.00000,1,Baik
2026-09-08T11:10:49Z,2026-09-08 18:10:49,891,26.40000,61.80000,0.00061,3.48965,40.00000,13.00000,1484.00000,1,Baik
2026-09-08T11:11:09Z,2026-09-08 18:11:09,892,26.40000,61.80000,0.03245,3.48965,40.00000,13.00000,1491.00000,1,Baik
2026-09-08T11:11:29Z,2026-09-08 18:11:29,893,26.40000,61.70000,0.00031,3.50732,40.00000,13.00000,1488.00000,1,Baik
2026-09-08T11:11:49Z,2026-09-08 18:11:49,894,26.40000,61.80000,0.00061,3.50732,40.00000,13.00000,1486.00000,1,Baik
2026-09-08T11:12:09Z,2026-09-08 18:12:09,895,26.40000,61.80000,10.17505,3.50732,40.00000,13.00000,1493.00000,1,Baik
2026-09-08T11:12:29Z,2026-09-08 18:12:29,896,26.40000,62.00000,0.00061,3.50732,40.00000,13.00000,1488.00000,1,Baik
2026-09-08T11:12:49Z,2026-09-08 18:12:49,897,26.50000,61.90000,10.17505,3.50732,40.00000,13.00000,1502.00000,1,Baik
2026-09-08T11:13:09Z,2026-09-08 18:13:09,898,26.50000,61.90000,22.12441,3.55041,59.00000,15.00000,1501.00000,2,Sedang
2026-09-08T11:13:29Z,2026-09-08 18:13:29,899,26.50000,61.70000,0.00618,3.55041,40.00000,13.00000,1504.00000,1,Baik
2026-09-08T11:13:49Z,2026-09-08 18:13:49,900,26.50000,61.50000,0.02327,3.59515,41.00000,13.00000,1496.00000,1,Baik
2026-09-08T11:14:09Z,2026-09-08 18:14:09,901,26.50000,61.40000,10.17505,3.59664,41.00000,13.00000,1501.00000,1,Baik
2026-09-08T11:14:29Z,2026-09-08 18:14:29,902,26.50000,61.20000,20.00233,3.50732,56.00000,15.00000,1489.00000,2,Sedang
2026-09-08T11:14:49Z,2026-09-08 18:14:49,903,26.50000,61.10000,10.17505,3.50732,40.00000,13.00000,1492.00000,1,Baik
2026-09-08T11:15:09Z,2026-09-08 18:15:09,904,26.50000,61.00000,0.02327,3.50732,40.00000,13.00000,1487.00000,1,Baik
2026-09-08T11:15:29Z,2026-09-08 18:15:29,905,26.50000,60.70000,0.02261,3.50732,40.00000,13.00000,1488.00000,1,Baik
2026-09-08T11:15:49Z,2026-09-08 18:15:49,906,26.50000,60.60000,0.03344,3.50732,40.00000,13.00000,1488.00000,1,Baik
2026-09-08T11:16:09Z,2026-09-08 18:16:09,907,26.50000,60.50000,0.02261,3.50732,40.00000,13.00000,1488.00000,1,Baik
2026-09-08T11:16:29Z,2026-09-08 18:16:29,908,26.40000,60.30000,0.00031,3.47328,39.00000,13.00000,1475.00000,1,Baik
2026-09-08T11:16:49Z,2026-09-08 18:16:49,909,26.40000,60.20000,0.00031,3.47328,39.00000,13.00000,1483.00000,1,Baik
2026-09-08T11:17:09Z,2026-09-08 18:17:09,910,26.40000,59.90000,0.00618,3.46870,39.00000,13.00000,1472.00000,1,Baik
2026-09-08T11:17:29Z,2026-09-08 18:17:29,911,26.30000,59.80000,0.02327,3.46870,39.00000,13.00000,1478.00000,1,Baik
2026-09-08T11:17:49Z,2026-09-08 18:17:49,912,26.30000,59.60000,0.00031,3.46870,39.00000,13.00000,1470.00000,1,Baik
2026-09-08T11:18:09Z,2026-09-08 18:18:09,913,26.30000,59.20000,0.02327,3.46870,39.00000,13.00000,1472.00000,1,Baik
2026-09-08T11:18:29Z,2026-09-08 18:18:29,914,26.30000,58.90000,0.00031,3.44861,39.00000,13.00000,1469.00000,1,Baik
2026-09-08T11:18:49Z,2026-09-08 18:18:49,915,26.20000,58.70000,0.00430,3.44861,39.00000,13.00000,1468.00000,1,Baik
2026-09-08T11:19:09Z,2026-09-08 18:19:09,916,26.20000,58.60000,0.00061,3.44861,39.00000,13.00000,1461.00000,1,Baik
2026-09-08T11:19:29Z,2026-09-08 18:19:29,917,26.20000,58.50000,10.25832,3.44861,39.00000,13.00000,1455.00000,1,Baik
2026-09-08T11:19:49Z,2026-09-08 18:19:49,918,26.10000,58.20000,10.25832,3.44861,39.00000,13.00000,1452.00000,1,Baik
2026-09-08T11:20:09Z,2026-09-08 18:20:09,919,26.10000,58.00000,0.00031,3.44861,39.00000,13.00000,1454.00000,1,Baik
2026-09-08T11:20:29Z,2026-09-08 18:20:29,920,26.10000,57.70000,19.66900,3.44861,56.00000,15.00000,1454.00000,2,Sedang
2026-09-08T11:20:49Z,2026-09-08 18:20:49,921,26.10000,57.60000,10.25832,3.44861,39.00000,13.00000,1450.00000,1,Baik
2026-09-08T11:21:09Z,2026-09-08 18:21:09,922,26.00000,57.40000,10.25832,3.44861,39.00000,13.00000,1448.00000,1,Baik
2026-09-08T11:21:29Z,2026-09-08 18:21:29,923,26.00000,57.30000,8.44644,3.44861,39.00000,13.00000,1445.00000,1,Baik
2026-09-08T11:21:49Z,2026-09-08 18:21:49,924,26.00000,57.10000,10.01322,3.44861,39.00000,13.00000,1446.00000,1,Baik
2026-09-08T11:22:09Z,2026-09-08 18:22:09,925,25.90000,56.80000,2.66041,3.44861,39.00000,13.00000,1442.00000,1,Baik
2026-09-08T11:22:29Z,2026-09-08 18:22:29,926,25.90000,56.60000,0.00031,3.44861,39.00000,13.00000,1442.00000,1,Baik
2026-09-08T11:22:49Z,2026-09-08 18:22:49,927,25.80000,56.50000,19.07730,3.44861,55.00000,15.00000,1442.00000,2,Sedang
2026-09-08T11:23:09Z,2026-09-08 18:23:09,928,25.70000,56.30000,29.17204,3.44861,68.00000,15.00000,1442.00000,2,Sedang
2026-09-08T11:23:29Z,2026-09-08 18:23:29,929,25.70000,56.40000,0.00031,3.44861,39.00000,13.00000,1451.00000,1,Baik
2026-09-08T11:23:49Z,2026-09-08 18:23:49,930,25.70000,56.30000,0.00031,3.44861,39.00000,13.00000,1442.00000,1,Baik
2026-09-08T11:24:09Z,2026-09-08 18:24:09,931,25.60000,56.40000,0.00031,3.44861,39.00000,13.00000,1446.00000,1,Baik
2026-09-08T11:24:29Z,2026-09-08 18:24:29,932,25.50000,56.30000,0.00031,3.44861,39.00000,13.00000,1438.00000,1,Baik
2026-09-08T11:24:49Z,2026-09-08 18:24:49,933,25.50000,56.40000,0.00031,3.44861,39.00000,13.00000,1435.00000,1,Baik
2026-09-08T11:25:09Z,2026-09-08 18:25:09,934,25.50000,56.70000,0.00031,3.44861,39.00000,13.00000,1447.00000,1,Baik
2026-09-08T11:25:29Z,2026-09-08 18:25:29,935,25.50000,58.60000,0.00031,3.44861,39.00000,13.00000,1451.00000,1,Baik
2026-09-08T11:25:49Z,2026-09-08 18:25:49,936,25.50000,61.60000,0.04043,3.46870,39.00000,13.00000,1469.00000,1,Baik
2026-09-08T11:26:09Z,2026-09-08 18:26:09,937,25.50000,64.00000,0.00618,3.48495,40.00000,13.00000,1479.00000,1,Baik
2026-09-08T11:26:29Z,2026-09-08 18:26:29,938,25.60000,65.60000,10.11070,3.50732,40.00000,13.00000,1488.00000,1,Baik
2026-09-08T11:26:49Z,2026-09-08 18:26:49,939,25.60000,66.70000,20.00233,3.50078,56.00000,15.00000,1488.00000,2,Sedang
2026-09-08T11:27:09Z,2026-09-08 18:27:09,940,25.70000,67.50000,0.00031,3.62010,41.00000,13.00000,1494.00000,1,Baik
2026-09-08T11:27:29Z,2026-09-08 18:27:29,941,25.80000,68.20000,0.02327,3.57451,41.00000,13.00000,1514.00000,1,Baik
2026-09-08T11:27:49Z,2026-09-08 18:27:49,942,25.90000,68.30000,0.00618,3.56349,40.00000,13.00000,1517.00000,1,Baik
2026-09-08T11:28:09Z,2026-09-08 18:28:09,943,25.90000,67.40000,0.00061,3.56349,40.00000,13.00000,1518.00000,1,Baik
2026-09-08T11:28:29Z,2026-09-08 18:28:29,944,26.00000,66.70000,10.17505,3.56349,40.00000,13.00000,1514.00000,1,Baik
2026-09-08T11:28:49Z,2026-09-08 18:28:49,945,26.00000,66.00000,1.66247,3.56349,40.00000,13.00000,1511.00000,1,Baik
2026-09-08T11:29:09Z,2026-09-08 18:29:09,946,26.10000,65.40000,1.47439,3.57003,41.00000,13.00000,1519.00000,1,Baik
2026-09-08T11:29:29Z,2026-09-08 18:29:29,947,26.10000,65.10000,0.03245,3.57003,41.00000,13.00000,1514.00000,1,Baik
2026-09-08T11:29:49Z,2026-09-08 18:29:49,948,26.10000,64.60000,0.00031,3.62664,41.00000,13.00000,1509.00000,1,Baik
2026-09-08T11:30:09Z,2026-09-08 18:30:09,949,26.10000,64.20000,0.00031,3.62664,41.00000,13.00000,1501.00000,1,Baik
2026-09-08T11:30:29Z,2026-09-08 18:30:29,950,26.10000,64.10000,0.00031,3.62664,41.00000,13.00000,1503.00000,1,Baik
2026-09-08T11:30:49Z,2026-09-08 18:30:49,951,26.10000,65.90000,1.66247,3.56349,40.00000,13.00000,1515.00000,1,Baik
2026-09-08T11:31:09Z,2026-09-08 18:31:09,952,26.10000,66.70000,18.57494,3.56349,55.00000,15.00000,1510.00000,2,Sedang
2026-09-08T11:31:29Z,2026-09-08 18:31:29,953,26.20000,67.00000,17.65088,3.54451,54.00000,15.00000,1520.00000,2,Sedang
2026-09-08T11:31:49Z,2026-09-08 18:31:49,954,26.20000,67.40000,10.17505,3.54451,40.00000,13.00000,1520.00000,1,Baik
2026-09-08T11:32:09Z,2026-09-08 18:32:09,955,26.30000,67.70000,0.03245,3.51524,40.00000,13.00000,1520.00000,1,Baik
2026-09-08T11:32:29Z,2026-09-08 18:32:29,956,26.30000,67.90000,0.00031,3.82221,43.00000,13.00000,1565.00000,1,Baik
2026-09-08T11:32:49Z,2026-09-08 18:32:49,957,26.40000,68.10000,0.00031,3.69894,42.00000,13.00000,1531.00000,1,Baik
2026-09-08T11:33:09Z,2026-09-08 18:33:09,958,26.50000,68.00000,0.00031,4.03481,46.00000,13.00000,1535.00000,1,Baik
2026-09-08T11:33:29Z,2026-09-08 18:33:29,959,26.50000,68.10000,0.04043,3.87472,44.00000,13.00000,1535.00000,1,Baik
2026-09-08T11:33:49Z,2026-09-08 18:33:49,960,26.60000,67.90000,20.00233,3.87472,56.00000,15.00000,1531.00000,2,Sedang
2026-09-08T11:34:09Z,2026-09-08 18:34:09,961,26.70000,67.30000,17.78543,3.93631,54.00000,15.00000,1535.00000,2,Sedang
2026-09-08T11:34:29Z,2026-09-08 18:34:29,962,26.70000,67.10000,0.00031,4.02878,46.00000,15.00000,1535.00000,1,Baik
2026-09-08T11:34:49Z,2026-09-08 18:34:49,963,26.70000,66.60000,0.03245,3.98077,45.00000,13.00000,1535.00000,1,Baik
2026-09-08T11:35:09Z,2026-09-08 18:35:09,964,26.70000,66.40000,0.12044,4.06743,46.00000,15.00000,1571.00000,1,Baik
2026-09-08T11:35:29Z,2026-09-08 18:35:29,965,26.80000,66.50000,0.00031,3.45907,39.00000,13.00000,1427.00000,1,Baik
2026-09-08T11:35:49Z,2026-09-08 18:35:49,966,26.90000,65.70000,0.00031,3.09470,35.00000,13.00000,1325.00000,1,Baik
2026-09-08T11:36:09Z,2026-09-08 18:36:09,967,26.90000,65.30000,0.00031,3.06686,35.00000,13.00000,1328.00000,1,Baik
2026-09-08T11:36:29Z,2026-09-08 18:36:29,968,26.90000,65.00000,0.00031,2.71676,31.00000,13.00000,1287.00000,1,Baik
2026-09-08T11:36:49Z,2026-09-08 18:36:49,969,26.80000,64.80000,0.00031,2.56017,29.00000,13.00000,1274.00000,1,Baik
2026-09-08T11:37:09Z,2026-09-08 18:37:09,970,26.80000,64.70000,0.00031,2.25576,26.00000,13.00000,1239.00000,1,Baik
2026-09-08T11:37:29Z,2026-09-08 18:37:29,971,26.80000,64.60000,0.00031,2.16499,25.00000,13.00000,1233.00000,1,Baik
2026-09-08T11:37:49Z,2026-09-08 18:37:49,972,26.70000,64.30000,0.00031,2.02412,23.00000,13.00000,1200.00000,1,Baik
2026-09-08T11:38:09Z,2026-09-08 18:38:09,973,26.80000,64.40000,0.00031,1.63646,19.00000,13.00000,1124.00000,1,Baik
2026-09-08T11:38:29Z,2026-09-08 18:38:29,974,26.70000,64.20000,0.00031,1.47077,17.00000,13.00000,1078.00000,1,Baik
2026-09-08T11:38:49Z,2026-09-08 18:38:49,975,26.70000,64.10000,0.00031,1.44357,16.00000,13.00000,1076.00000,1,Baik
2026-09-08T11:39:09Z,2026-09-08 18:39:09,976,26.70000,63.90000,0.00031,1.42575,16.00000,13.00000,1074.00000,1,Baik
2026-09-08T11:39:29Z,2026-09-08 18:39:29,977,26.70000,63.80000,0.00031,1.37757,16.00000,13.00000,1060.00000,1,Baik
2026-09-08T11:39:49Z,2026-09-08 18:39:49,978,26.70000,63.70000,0.00031,1.41455,16.00000,13.00000,1049.00000,1,Baik
2026-09-08T11:40:09Z,2026-09-08 18:40:09,979,26.60000,63.80000,0.00031,1.39809,16.00000,13.00000,1089.00000,1,Baik
2026-09-08T11:40:29Z,2026-09-08 18:40:29,980,26.60000,63.70000,0.00031,1.43390,16.00000,13.00000,1075.00000,1,Baik
2026-09-08T11:40:49Z,2026-09-08 18:40:49,981,26.60000,63.40000,0.00031,1.39942,16.00000,13.00000,1077.00000,1,Baik
2026-09-08T11:41:09Z,2026-09-08 18:41:09,982,26.60000,63.40000,0.00031,1.43390,16.00000,13.00000,1077.00000,1,Baik
2026-09-08T11:41:29Z,2026-09-08 18:41:29,983,26.60000,63.50000,0.00031,1.39942,16.00000,13.00000,1071.00000,1,Baik
2026-09-08T11:41:49Z,2026-09-08 18:41:49,984,26.60000,63.20000,0.00031,1.38572,16.00000,13.00000,1062.00000,1,Baik
2026-09-08T11:42:09Z,2026-09-08 18:42:09,985,26.60000,63.30000,0.00031,1.39342,16.00000,13.00000,1056.00000,1,Baik
2026-09-08T11:42:29Z,2026-09-08 18:42:29,986,26.60000,63.30000,0.00031,1.43599,16.00000,13.00000,1050.00000,1,Baik
2026-09-08T11:42:49Z,2026-09-08 18:42:49,987,26.60000,63.10000,0.00031,1.45644,17.00000,13.00000,1045.00000,1,Baik
2026-09-08T11:43:09Z,2026-09-08 18:43:09,988,26.60000,62.90000,0.00031,1.43599,16.00000,13.00000,1041.00000,1,Baik
2026-09-08T11:43:29Z,2026-09-08 18:43:29,989,26.60000,62.80000,0.00031,1.30933,15.00000,13.00000,1043.00000,1,Baik
2026-09-08T11:43:49Z,2026-09-08 18:43:49,990,26.60000,62.60000,0.00031,1.30933,15.00000,13.00000,1035.00000,1,Baik
2026-09-08T11:44:09Z,2026-09-08 18:44:09,991,26.60000,62.40000,0.00031,1.30933,15.00000,13.00000,1036.00000,1,Baik
2026-09-08T11:44:29Z,2026-09-08 18:44:29,992,26.60000,62.20000,0.00031,1.23351,14.00000,13.00000,1020.00000,1,Baik
2026-09-08T11:44:49Z,2026-09-08 18:44:49,993,26.60000,61.90000,0.00031,1.23118,14.00000,13.00000,1010.00000,1,Baik
2026-09-08T11:45:09Z,2026-09-08 18:45:09,994,26.60000,61.70000,0.00031,1.24584,14.00000,13.00000,1007.00000,1,Baik
2026-09-08T11:45:29Z,2026-09-08 18:45:29,995,26.50000,61.50000,0.00031,1.21551,14.00000,13.00000,1008.00000,1,Baik
2026-09-08T11:45:49Z,2026-09-08 18:45:49,996,26.50000,61.30000,0.00031,1.18570,13.00000,13.00000,995.00000,1,Baik
2026-09-08T11:46:09Z,2026-09-08 18:46:09,997,26.50000,61.10000,0.00031,1.18570,13.00000,13.00000,1002.00000,1,Baik
2026-09-08T11:46:29Z,2026-09-08 18:46:29,998,26.50000,60.80000,0.00031,1.17103,13.00000,13.00000,997.00000,1,Baik
2026-09-08T11:46:49Z,2026-09-08 18:46:49,999,26.50000,60.50000,0.00031,1.18353,13.00000,13.00000,989.00000,1,Baik
2026-09-08T11:47:09Z,2026-09-08 18:47:09,1000,26.40000,60.40000,0.00031,1.18353,13.00000,13.00000,983.00000,1,Baik
2026-09-08T11:47:29Z,2026-09-08 18:47:29,1001,26.40000,60.20000,0.00031,1.19603,14.00000,13.00000,991.00000,1,Baik
2026-09-08T11:47:49Z,2026-09-08 18:47:49,1002,26.40000,60.00000,0.00031,1.18801,14.00000,13.00000,982.00000,1,Baik
2026-09-08T11:48:09Z,2026-09-08 18:48:09,1003,26.40000,59.80000,0.00031,1.18801,14.00000,13.00000,971.00000,1,Baik
2026-09-08T11:48:29Z,2026-09-08 18:48:29,1004,26.30000,59.50000,0.00031,1.18801,14.00000,13.00000,976.00000,1,Baik
2026-09-08T11:48:49Z,2026-09-08 18:48:49,1005,26.30000,59.10000,0.00031,1.17864,13.00000,13.00000,969.00000,1,Baik
2026-09-08T11:49:09Z,2026-09-08 18:49:09,1006,26.30000,58.90000,0.00031,1.17864,13.00000,13.00000,967.00000,1,Baik
2026-09-08T11:49:29Z,2026-09-08 18:49:29,1007,26.30000,58.60000,0.00031,1.17864,13.00000,13.00000,960.00000,1,Baik
2026-09-08T11:49:49Z,2026-09-08 18:49:49,1008,26.20000,58.20000,0.00031,1.13558,13.00000,13.00000,960.00000,1,Baik
2026-09-08T11:50:09Z,2026-09-08 18:50:09,1009,26.20000,58.00000,0.00031,1.05122,12.00000,13.00000,949.00000,1,Baik
2026-09-08T11:50:29Z,2026-09-08 18:50:29,1010,26.10000,58.00000,0.00031,1.13558,13.00000,13.00000,960.00000,1,Baik
2026-09-08T11:50:49Z,2026-09-08 18:50:49,1011,26.10000,57.80000,0.00031,0.99716,11.00000,13.00000,954.00000,1,Baik
2026-09-08T11:51:09Z,2026-09-08 18:51:09,1012,26.10000,57.60000,0.00031,0.99716,11.00000,13.00000,947.00000,1,Baik
2026-09-08T11:51:29Z,2026-09-08 18:51:29,1013,26.00000,57.40000,0.00031,1.04592,12.00000,13.00000,950.00000,1,Baik
2026-09-08T11:51:49Z,2026-09-08 18:51:49,1014,26.00000,57.20000,0.00031,0.92754,11.00000,13.00000,944.00000,1,Baik
2026-09-08T11:52:09Z,2026-09-08 18:52:09,1015,26.00000,56.90000,0.00031,0.92754,11.00000,13.00000,944.00000,1,Baik
2026-09-08T11:52:29Z,2026-09-08 18:52:29,1016,26.00000,56.60000,0.00031,0.93436,11.00000,13.00000,947.00000,1,Baik
2026-09-08T11:52:49Z,2026-09-08 18:52:49,1017,25.90000,56.40000,0.00031,0.94623,11.00000,13.00000,940.00000,1,Baik
2026-09-08T11:53:09Z,2026-09-08 18:53:09,1018,25.80000,56.30000,0.00031,0.94623,11.00000,13.00000,935.00000,1,Baik
2026-09-08T11:53:29Z,2026-09-08 18:53:29,1019,25.80000,56.20000,0.00031,0.94356,11.00000,13.00000,941.00000,1,Baik
2026-09-08T11:53:49Z,2026-09-08 18:53:49,1020,25.70000,56.10000,0.00031,0.94356,11.00000,13.00000,935.00000,1,Baik
2026-09-08T11:54:09Z,2026-09-08 18:54:09,1021,25.70000,56.10000,0.00031,0.94356,11.00000,13.00000,939.00000,1,Baik
2026-09-08T11:54:29Z,2026-09-08 18:54:29,1022,25.60000,56.20000,0.00031,0.94356,11.00000,13.00000,929.00000,1,Baik
2026-09-08T11:54:50Z,2026-09-08 18:54:50,1023,25.60000,56.30000,0.00031,0.94356,11.00000,13.00000,930.00000,1,Baik
2026-09-08T11:55:09Z,2026-09-08 18:55:09,1024,25.60000,56.20000,0.00031,0.94356,11.00000,13.00000,927.00000,1,Baik
2026-09-08T11:55:29Z,2026-09-08 18:55:29,1025,25.50000,56.10000,0.00031,0.94356,11.00000,13.00000,928.00000,1,Baik
2026-09-08T11:55:49Z,2026-09-08 18:55:49,1026,25.50000,56.20000,0.00031,0.94356,11.00000,13.00000,925.00000,1,Baik
2026-09-08T11:56:09Z,2026-09-08 18:56:09,1027,25.50000,56.20000,0.00031,0.94356,11.00000,13.00000,926.00000,1,Baik
2026-09-08T11:56:29Z,2026-09-08 18:56:29,1028,25.40000,56.30000,0.00031,0.94356,11.00000,13.00000,924.00000,1,Baik
2026-09-08T11:56:49Z,2026-09-08 18:56:49,1029,25.40000,56.20000,0.00031,0.94356,11.00000,13.00000,925.00000,1,Baik
2026-09-08T11:57:09Z,2026-09-08 18:57:09,1030,25.40000,56.30000,0.00031,0.94356,11.00000,13.00000,926.00000,1,Baik
2026-09-08T11:57:29Z,2026-09-08 18:57:29,1031,25.40000,56.30000,0.00031,0.94356,11.00000,13.00000,934.00000,1,Baik
2026-09-08T11:57:49Z,2026-09-08 18:57:49,1032,25.40000,56.30000,0.00031,0.94356,11.00000,13.00000,925.00000,1,Baik
2026-09-08T11:58:09Z,2026-09-08 18:58:09,1033,25.40000,56.20000,0.00031,0.94356,11.00000,13.00000,927.00000,1,Baik
2026-09-08T11:58:29Z,2026-09-08 18:58:29,1034,25.40000,56.30000,0.00031,0.94356,11.00000,13.00000,927.00000,1,Baik
2026-09-08T11:58:49Z,2026-09-08 18:58:49,1035,25.40000,56.30000,0.00031,0.94356,11.00000,13.00000,926.00000,1,Baik
2026-09-08T11:59:09Z,2026-09-08 18:59:09,1036,25.40000,56.30000,0.00031,0.94356,11.00000,13.00000,926.00000,1,Baik
2026-09-08T11:59:29Z,2026-09-08 18:59:29,1037,25.40000,56.30000,0.00031,0.94356,11.00000,13.00000,924.00000,1,Baik
2026-09-08T11:59:49Z,2026-09-08 18:59:49,1038,25.40000,56.40000,0.00031,0.94356,11.00000,13.00000,919.00000,1,Baik
2026-09-08T12:00:09Z,2026-09-08 19:00:09,1039,25.40000,56.40000,0.00031,0.94356,11.00000,13.00000,918.00000,1,Baik
2026-09-08T12:00:29Z,2026-09-08 19:00:29,1040,25.50000,56.50000,0.00031,0.93899,11.00000,13.00000,922.00000,1,Baik
2026-09-08T12:00:49Z,2026-09-08 19:00:49,1041,25.50000,56.70000,0.00031,0.93899,11.00000,13.00000,917.00000,1,Baik
2026-09-08T12:01:09Z,2026-09-08 19:01:09,1042,25.50000,56.70000,0.00031,0.94356,11.00000,13.00000,917.00000,1,Baik
2026-09-08T12:01:29Z,2026-09-08 19:01:29,1043,25.50000,56.70000,0.00031,0.94356,11.00000,13.00000,912.00000,1,Baik
2026-09-08T12:01:49Z,2026-09-08 19:01:49,1044,25.50000,56.90000,0.00031,0.93674,11.00000,13.00000,917.00000,1,Baik
2026-09-08T12:02:09Z,2026-09-08 19:02:09,1045,25.60000,56.90000,0.00031,0.93674,11.00000,13.00000,915.00000,1,Baik
2026-09-08T12:02:29Z,2026-09-08 19:02:29,1046,25.60000,57.10000,0.00031,0.93674,11.00000,13.00000,912.00000,1,Baik
2026-09-08T12:02:49Z,2026-09-08 19:02:49,1047,25.60000,57.10000,0.00031,0.93674,11.00000,13.00000,917.00000,1,Baik
2026-09-08T12:03:09Z,2026-09-08 19:03:09,1048,25.60000,57.20000,0.00031,0.93674,11.00000,13.00000,917.00000,1,Baik
2026-09-08T12:03:29Z,2026-09-08 19:03:29,1049,25.60000,57.30000,0.00031,0.93674,11.00000,13.00000,921.00000,1,Baik
2026-09-08T12:03:49Z,2026-09-08 19:03:49,1050,25.70000,57.40000,0.00031,0.99874,11.00000,13.00000,918.00000,1,Baik
2026-09-08T12:04:09Z,2026-09-08 19:04:09,1051,25.70000,57.50000,0.00031,0.99874,11.00000,13.00000,919.00000,1,Baik
2026-09-08T12:04:29Z,2026-09-08 19:04:29,1052,25.70000,57.60000,0.00031,0.94119,11.00000,13.00000,919.00000,1,Baik
2026-09-08T12:04:49Z,2026-09-08 19:04:49,1053,25.70000,57.60000,0.00031,0.94119,11.00000,13.00000,921.00000,1,Baik
2026-09-08T12:05:09Z,2026-09-08 19:05:09,1054,25.80000,57.80000,0.00031,0.94386,11.00000,13.00000,923.00000,1,Baik
2026-09-08T12:05:29Z,2026-09-08 19:05:29,1055,25.80000,57.70000,0.00031,0.94386,11.00000,13.00000,925.00000,1,Baik
2026-09-08T12:05:49Z,2026-09-08 19:05:49,1056,25.80000,57.80000,0.00031,0.93200,11.00000,13.00000,927.00000,1,Baik
2026-09-08T12:06:09Z,2026-09-08 19:06:09,1057,25.90000,57.90000,0.00031,0.95192,11.00000,13.00000,933.00000,1,Baik
2026-09-08T12:06:29Z,2026-09-08 19:06:29,1058,25.90000,57.90000,0.00031,0.98837,11.00000,13.00000,933.00000,1,Baik
2026-09-08T12:06:49Z,2026-09-08 19:06:49,1059,25.90000,58.00000,0.00031,1.03236,12.00000,13.00000,934.00000,1,Baik
2026-09-08T12:07:09Z,2026-09-08 19:07:09,1060,25.90000,58.10000,0.00031,1.03236,12.00000,13.00000,939.00000,1,Baik
2026-09-08T12:07:29Z,2026-09-08 19:07:29,1061,25.90000,58.10000,0.00031,0.98837,11.00000,13.00000,935.00000,1,Baik
2026-09-08T12:07:49Z,2026-09-08 19:07:49,1062,26.00000,58.10000,0.00031,0.98837,11.00000,13.00000,934.00000,1,Baik
2026-09-08T12:08:09Z,2026-09-08 19:08:09,1063,26.00000,58.10000,0.00031,1.03236,12.00000,13.00000,934.00000,1,Baik
2026-09-08T12:08:29Z,2026-09-08 19:08:29,1064,26.00000,58.20000,0.00031,1.03236,12.00000,13.00000,941.00000,1,Baik
2026-09-08T12:08:49Z,2026-09-08 19:08:49,1065,26.00000,58.20000,0.00031,1.03236,12.00000,13.00000,935.00000,1,Baik
2026-09-08T12:09:09Z,2026-09-08 19:09:09,1066,26.00000,58.20000,0.00031,1.03236,12.00000,13.00000,939.00000,1,Baik
2026-09-08T12:09:29Z,2026-09-08 19:09:29,1067,26.00000,58.30000,0.00031,1.03236,12.00000,13.00000,935.00000,1,Baik
2026-09-08T12:09:49Z,2026-09-08 19:09:49,1068,26.00000,59.40000,0.00031,1.17864,13.00000,13.00000,945.00000,1,Baik
2026-09-08T12:10:09Z,2026-09-08 19:10:09,1069,26.10000,62.40000,0.00031,1.15035,13.00000,13.00000,970.00000,1,Baik
2026-09-08T12:10:29Z,2026-09-08 19:10:29,1070,26.10000,63.50000,0.00031,1.20806,14.00000,13.00000,986.00000,1,Baik
2026-09-08T12:10:49Z,2026-09-08 19:10:49,1071,26.20000,64.90000,0.00031,1.25511,14.00000,13.00000,995.00000,1,Baik
2026-09-08T12:11:09Z,2026-09-08 19:11:09,1072,26.30000,65.70000,0.00031,1.27860,15.00000,13.00000,1005.00000,1,Baik
2026-09-08T12:11:29Z,2026-09-08 19:11:29,1073,26.30000,66.30000,0.00031,1.37248,16.00000,13.00000,1008.00000,1,Baik
2026-09-08T12:11:49Z,2026-09-08 19:11:49,1074,26.40000,66.70000,0.00031,1.35008,15.00000,13.00000,1011.00000,1,Baik
2026-09-08T12:12:09Z,2026-09-08 19:12:09,1075,26.50000,66.80000,0.00031,1.35958,15.00000,13.00000,1022.00000,1,Baik
2026-09-08T12:12:29Z,2026-09-08 19:12:29,1076,26.50000,67.10000,0.00031,1.33619,15.00000,13.00000,1023.00000,1,Baik
2026-09-08T12:12:49Z,2026-09-08 19:12:49,1077,26.60000,67.30000,0.00031,1.34989,15.00000,13.00000,1034.00000,1,Baik
2026-09-08T12:13:09Z,2026-09-08 19:13:09,1078,26.70000,67.20000,0.00031,1.34989,15.00000,13.00000,1040.00000,1,Baik
2026-09-08T12:13:29Z,2026-09-08 19:13:29,1079,26.70000,67.30000,0.00031,1.34989,15.00000,13.00000,1040.00000,1,Baik
2026-09-08T12:13:49Z,2026-09-08 19:13:49,1080,26.80000,67.30000,0.00031,1.35671,15.00000,13.00000,1041.00000,1,Baik
2026-09-08T12:14:09Z,2026-09-08 19:14:09,1081,26.80000,67.20000,0.00031,1.38487,16.00000,13.00000,1041.00000,1,Baik
2026-09-08T12:14:29Z,2026-09-08 19:14:29,1082,26.90000,67.10000,0.00031,1.28556,15.00000,13.00000,1047.00000,1,Baik
2026-09-08T12:14:49Z,2026-09-08 19:14:49,1083,26.90000,67.10000,0.00031,1.37643,16.00000,13.00000,1042.00000,1,Baik
2026-09-08T12:15:09Z,2026-09-08 19:15:09,1084,26.90000,66.90000,0.00031,1.30895,15.00000,13.00000,1045.00000,1,Baik
2026-09-08T12:15:29Z,2026-09-08 19:15:29,1085,27.00000,66.80000,0.00031,1.30895,15.00000,13.00000,1047.00000,1,Baik
2026-09-08T12:15:49Z,2026-09-08 19:15:49,1086,27.00000,66.70000,0.00031,1.40889,16.00000,13.00000,1046.00000,1,Baik
2026-09-08T12:16:09Z,2026-09-08 19:16:09,1087,27.00000,66.60000,0.00031,1.40889,16.00000,13.00000,1047.00000,1,Baik
2026-09-08T12:16:29Z,2026-09-08 19:16:29,1088,27.10000,66.50000,0.00031,1.31418,15.00000,13.00000,1007.00000,1,Baik
2026-09-08T12:16:49Z,2026-09-08 19:16:49,1089,27.10000,66.50000,0.00031,1.31418,15.00000,13.00000,1049.00000,1,Baik
2026-09-08T12:17:09Z,2026-09-08 19:17:09,1090,27.10000,66.40000,0.00031,1.32144,15.00000,13.00000,1043.00000,1,Baik
2026-09-08T12:17:29Z,2026-09-08 19:17:29,1091,27.10000,66.30000,0.00031,1.31834,15.00000,13.00000,1041.00000,1,Baik
2026-09-08T12:17:49Z,2026-09-08 19:17:49,1092,27.10000,66.30000,0.00031,1.29558,15.00000,13.00000,1040.00000,1,Baik
2026-09-08T12:18:09Z,2026-09-08 19:18:09,1093,27.10000,66.30000,0.00031,1.32144,15.00000,13.00000,1043.00000,1,Baik
2026-09-08T12:18:29Z,2026-09-08 19:18:29,1094,27.10000,66.30000,0.00031,1.32144,15.00000,13.00000,1051.00000,1,Baik
2026-09-08T12:18:49Z,2026-09-08 19:18:49,1095,27.10000,66.30000,0.00031,1.35076,15.00000,13.00000,1049.00000,1,Baik
2026-09-08T12:19:09Z,2026-09-08 19:19:09,1096,27.10000,66.30000,0.00031,1.34316,15.00000,13.00000,1047.00000,1,Baik
2026-09-08T12:19:29Z,2026-09-08 19:19:29,1097,27.10000,66.20000,0.00031,1.32144,15.00000,13.00000,1041.00000,1,Baik
2026-09-08T12:19:49Z,2026-09-08 19:19:49,1098,27.20000,66.20000,0.00031,1.35076,15.00000,13.00000,1053.00000,1,Baik
2026-09-08T12:20:09Z,2026-09-08 19:20:09,1099,27.20000,66.10000,0.00031,1.34847,15.00000,13.00000,1047.00000,1,Baik
2026-09-08T12:20:29Z,2026-09-08 19:20:29,1100,27.20000,66.10000,0.00031,1.34847,15.00000,13.00000,1041.00000,1,Baik
2026-09-08T12:20:49Z,2026-09-08 19:20:49,1101,27.20000,66.00000,0.00031,1.34847,15.00000,13.00000,1041.00000,1,Baik
2026-09-08T12:21:09Z,2026-09-08 19:21:09,1102,27.20000,66.00000,0.00031,1.35076,15.00000,13.00000,1047.00000,1,Baik
2026-09-08T12:21:29Z,2026-09-08 19:21:29,1103,27.20000,66.00000,0.00031,1.35758,15.00000,13.00000,1042.00000,1,Baik
2026-09-08T12:21:49Z,2026-09-08 19:21:49,1104,27.20000,66.00000,0.00031,1.32144,15.00000,13.00000,1050.00000,1,Baik
2026-09-08T12:22:09Z,2026-09-08 19:22:09,1105,27.20000,65.90000,0.00031,1.31418,15.00000,13.00000,1042.00000,1,Baik
2026-09-08T12:22:29Z,2026-09-08 19:22:29,1106,27.20000,65.90000,0.00031,1.32144,15.00000,13.00000,1046.00000,1,Baik
2026-09-08T12:22:49Z,2026-09-08 19:22:49,1107,27.20000,65.90000,0.00031,1.32144,15.00000,13.00000,1045.00000,1,Baik
2026-09-08T12:23:09Z,2026-09-08 19:23:09,1108,27.20000,65.90000,0.00031,1.34847,15.00000,13.00000,1050.00000,1,Baik
2026-09-08T12:23:29Z,2026-09-08 19:23:29,1109,27.20000,65.80000,0.00031,1.31418,15.00000,13.00000,1046.00000,1,Baik
2026-09-08T12:23:49Z,2026-09-08 19:23:49,1110,27.20000,65.80000,0.00031,1.29558,15.00000,13.00000,1057.00000,1,Baik
2026-09-08T12:24:09Z,2026-09-08 19:24:09,1111,27.20000,65.60000,0.00031,1.31418,15.00000,13.00000,1053.00000,1,Baik
2026-09-08T12:24:29Z,2026-09-08 19:24:29,1112,27.10000,65.50000,0.00031,1.29558,15.00000,13.00000,1047.00000,1,Baik
2026-09-08T12:24:49Z,2026-09-08 19:24:49,1113,27.10000,65.40000,0.00031,1.29558,15.00000,13.00000,1046.00000,1,Baik
2026-09-08T12:25:09Z,2026-09-08 19:25:09,1114,27.10000,65.20000,0.00031,1.29244,15.00000,13.00000,1041.00000,1,Baik
2026-09-08T12:25:29Z,2026-09-08 19:25:29,1115,27.10000,65.30000,0.00031,1.29244,15.00000,13.00000,1040.00000,1,Baik
2026-09-08T12:25:49Z,2026-09-08 19:25:49,1116,27.10000,65.20000,0.00031,1.31905,15.00000,13.00000,1038.00000,1,Baik
2026-09-08T12:26:09Z,2026-09-08 19:26:09,1117,27.00000,65.10000,0.00031,1.38236,16.00000,13.00000,1040.00000,1,Baik
2026-09-08T12:26:29Z,2026-09-08 19:26:29,1118,27.10000,65.00000,0.00031,1.31998,15.00000,13.00000,1023.00000,1,Baik
2026-09-08T12:26:49Z,2026-09-08 19:26:49,1119,27.00000,64.60000,0.00031,1.44312,16.00000,13.00000,1023.00000,1,Baik
2026-09-08T12:27:09Z,2026-09-08 19:27:09,1120,27.00000,64.00000,0.00031,1.38156,16.00000,13.00000,1022.00000,1,Baik
2026-09-08T12:27:29Z,2026-09-08 19:27:29,1121,26.90000,63.50000,0.00031,1.38972,16.00000,13.00000,1023.00000,1,Baik
2026-09-08T12:27:49Z,2026-09-08 19:27:49,1122,26.90000,63.20000,0.00031,1.37601,16.00000,13.00000,1019.00000,1,Baik
2026-09-08T12:28:09Z,2026-09-08 19:28:09,1123,26.80000,62.80000,0.00031,1.38572,16.00000,13.00000,1015.00000,1,Baik
2026-09-08T12:28:29Z,2026-09-08 19:28:29,1124,26.80000,62.50000,0.00031,1.38572,16.00000,13.00000,1011.00000,1,Baik
2026-09-08T12:28:49Z,2026-09-08 19:28:49,1125,26.70000,62.00000,0.00031,1.41455,16.00000,13.00000,1008.00000,1,Baik
2026-09-08T12:29:09Z,2026-09-08 19:29:09,1126,26.70000,61.60000,0.00031,1.46886,17.00000,13.00000,1004.00000,1,Baik
2026-09-08T12:29:29Z,2026-09-08 19:29:29,1127,26.60000,61.10000,0.00031,1.39812,16.00000,13.00000,1003.00000,1,Baik
2026-09-08T12:29:49Z,2026-09-08 19:29:49,1128,26.60000,60.80000,0.00031,1.34589,15.00000,13.00000,997.00000,1,Baik
2026-09-08T12:30:09Z,2026-09-08 19:30:09,1129,26.50000,60.50000,0.00031,1.30933,15.00000,13.00000,991.00000,1,Baik
2026-09-08T12:30:29Z,2026-09-08 19:30:29,1130,26.40000,60.20000,0.00031,1.28651,15.00000,13.00000,993.00000,1,Baik
2026-09-08T12:30:49Z,2026-09-08 19:30:49,1131,26.40000,59.80000,0.00031,1.28651,15.00000,13.00000,993.00000,1,Baik
2026-09-08T12:31:09Z,2026-09-08 19:31:09,1132,26.30000,59.40000,0.00031,1.29851,15.00000,13.00000,986.00000,1,Baik
2026-09-08T12:31:29Z,2026-09-08 19:31:29,1133,26.20000,59.10000,0.00031,1.27594,14.00000,13.00000,985.00000,1,Baik
2026-09-08T12:31:49Z,2026-09-08 19:31:49,1134,26.20000,58.90000,0.00031,1.25328,14.00000,13.00000,985.00000,1,Baik
2026-09-08T12:32:09Z,2026-09-08 19:32:09,1135,26.10000,58.80000,0.00031,1.19993,14.00000,13.00000,975.00000,1,Baik
2026-09-08T12:32:29Z,2026-09-08 19:32:29,1136,26.10000,58.60000,0.00031,1.21459,14.00000,13.00000,976.00000,1,Baik
2026-09-08T12:32:49Z,2026-09-08 19:32:49,1137,26.00000,58.30000,0.00031,1.21459,14.00000,13.00000,973.00000,1,Baik
2026-09-08T12:33:09Z,2026-09-08 19:33:09,1138,25.90000,58.10000,0.00031,1.20797,14.00000,13.00000,973.00000,1,Baik
2026-09-08T12:33:29Z,2026-09-08 19:33:29,1139,25.80000,57.90000,0.00031,1.18124,13.00000,13.00000,970.00000,1,Baik
2026-09-08T12:33:49Z,2026-09-08 19:33:49,1140,25.80000,57.80000,0.00031,1.18941,14.00000,13.00000,941.00000,1,Baik
2026-09-08T12:34:09Z,2026-09-08 19:34:09,1141,25.70000,57.70000,10.25832,1.19603,33.00000,13.00000,961.00000,1,Baik
2026-09-08T12:34:29Z,2026-09-08 19:34:29,1142,25.60000,57.60000,0.00031,1.19430,14.00000,13.00000,962.00000,1,Baik
2026-09-08T12:34:49Z,2026-09-08 19:34:49,1143,25.60000,57.50000,0.00031,1.19430,14.00000,13.00000,960.00000,1,Baik
2026-09-08T12:35:09Z,2026-09-08 19:35:09,1144,25.60000,57.40000,0.00031,1.18628,13.00000,13.00000,955.00000,1,Baik
2026-09-08T12:35:29Z,2026-09-08 19:35:29,1145,25.50000,57.40000,0.00031,1.18628,13.00000,13.00000,950.00000,1,Baik
2026-09-08T12:35:49Z,2026-09-08 19:35:49,1146,25.50000,57.40000,0.00031,1.18628,13.00000,13.00000,949.00000,1,Baik
2026-09-08T12:36:09Z,2026-09-08 19:36:09,1147,25.50000,57.40000,0.00031,1.18628,13.00000,13.00000,946.00000,1,Baik
2026-09-08T12:36:29Z,2026-09-08 19:36:29,1148,25.40000,57.20000,0.00031,1.17692,13.00000,13.00000,943.00000,1,Baik
2026-09-08T12:36:49Z,2026-09-08 19:36:49,1149,25.40000,57.20000,0.00031,1.18628,13.00000,13.00000,946.00000,1,Baik
2026-09-08T12:37:09Z,2026-09-08 19:37:09,1150,25.40000,57.10000,0.00031,1.18628,13.00000,13.00000,951.00000,1,Baik
2026-09-08T12:37:29Z,2026-09-08 19:37:29,1151,25.40000,57.20000,0.00031,1.17692,13.00000,13.00000,951.00000,1,Baik
2026-09-08T12:37:49Z,2026-09-08 19:37:49,1152,25.40000,57.10000,0.00031,1.18628,13.00000,13.00000,951.00000,1,Baik
2026-09-08T12:38:09Z,2026-09-08 19:38:09,1153,25.30000,57.10000,0.00031,1.18628,13.00000,13.00000,950.00000,1,Baik
2026-09-08T12:38:29Z,2026-09-08 19:38:29,1154,25.30000,57.10000,0.00031,1.17692,13.00000,13.00000,949.00000,1,Baik
2026-09-08T12:38:49Z,2026-09-08 19:38:49,1155,25.30000,57.10000,0.00031,1.17692,13.00000,13.00000,946.00000,1,Baik
2026-09-08T12:39:09Z,2026-09-08 19:39:09,1156,25.30000,57.10000,0.00031,1.17692,13.00000,13.00000,947.00000,1,Baik
2026-09-08T12:39:29Z,2026-09-08 19:39:29,1157,25.30000,57.10000,0.00031,1.17692,13.00000,13.00000,942.00000,1,Baik
2026-09-08T12:39:49Z,2026-09-08 19:39:49,1158,25.30000,57.00000,0.00031,1.17692,13.00000,13.00000,991.00000,1,Baik
2026-09-08T12:40:09Z,2026-09-08 19:40:09,1159,25.40000,57.00000,0.00031,1.17692,13.00000,13.00000,945.00000,1,Baik
2026-09-08T12:40:29Z,2026-09-08 19:40:29,1160,25.40000,57.00000,0.00031,1.17692,13.00000,13.00000,947.00000,1,Baik
2026-09-08T12:40:49Z,2026-09-08 19:40:49,1161,25.40000,57.10000,0.00031,1.17692,13.00000,13.00000,944.00000,1,Baik
2026-09-08T12:41:09Z,2026-09-08 19:41:09,1162,25.40000,57.10000,0.00031,1.17692,13.00000,13.00000,950.00000,1,Baik
2026-09-08T12:41:29Z,2026-09-08 19:41:29,1163,25.40000,57.20000,0.00031,1.17692,13.00000,13.00000,944.00000,1,Baik
2026-09-08T12:41:49Z,2026-09-08 19:41:49,1164,25.40000,57.30000,0.00031,1.17692,13.00000,13.00000,944.00000,1,Baik
2026-09-08T12:42:09Z,2026-09-08 19:42:09,1165,25.40000,57.30000,0.00031,1.17692,13.00000,13.00000,944.00000,1,Baik
2026-09-08T12:42:29Z,2026-09-08 19:42:29,1166,25.40000,57.30000,0.00031,1.17692,13.00000,13.00000,947.00000,1,Baik
2026-09-08T12:42:49Z,2026-09-08 19:42:49,1167,25.40000,57.50000,0.00031,1.17692,13.00000,13.00000,946.00000,1,Baik
2026-09-08T12:43:09Z,2026-09-08 19:43:09,1168,25.40000,57.60000,0.00031,1.17692,13.00000,13.00000,946.00000,1,Baik
2026-09-08T12:43:30Z,2026-09-08 19:43:30,1169,25.40000,57.70000,0.64794,1.17864,13.00000,13.00000,944.00000,1,Baik
2026-09-08T12:43:49Z,2026-09-08 19:43:49,1170,25.40000,57.80000,0.00031,1.17864,13.00000,13.00000,946.00000,1,Baik
2026-09-08T12:44:09Z,2026-09-08 19:44:09,1171,25.50000,57.90000,0.00031,1.17864,13.00000,13.00000,944.00000,1,Baik
2026-09-08T12:44:29Z,2026-09-08 19:44:29,1172,25.50000,58.00000,0.00031,1.17864,13.00000,13.00000,944.00000,1,Baik
2026-09-08T12:44:49Z,2026-09-08 19:44:49,1173,25.50000,58.10000,0.00031,1.17864,13.00000,13.00000,944.00000,1,Baik
2026-09-08T12:45:09Z,2026-09-08 19:45:09,1174,25.50000,58.10000,0.00031,1.17864,13.00000,13.00000,946.00000,1,Baik
2026-09-08T12:45:29Z,2026-09-08 19:45:29,1175,25.60000,58.20000,0.00031,1.17864,13.00000,13.00000,946.00000,1,Baik
2026-09-08T12:45:49Z,2026-09-08 19:45:49,1176,25.60000,58.20000,0.00031,1.17864,13.00000,13.00000,945.00000,1,Baik
2026-09-08T12:46:09Z,2026-09-08 19:46:09,1177,25.60000,58.30000,0.00031,1.17864,13.00000,13.00000,945.00000,1,Baik
2026-09-08T12:46:29Z,2026-09-08 19:46:29,1178,25.60000,58.50000,0.00031,1.17864,13.00000,13.00000,950.00000,1,Baik
2026-09-08T12:46:49Z,2026-09-08 19:46:49,1179,25.60000,58.50000,0.00031,1.17864,13.00000,13.00000,955.00000,1,Baik
2026-09-08T12:47:09Z,2026-09-08 19:47:09,1180,25.60000,58.60000,0.00031,1.17864,13.00000,13.00000,950.00000,1,Baik
2026-09-08T12:47:29Z,2026-09-08 19:47:29,1181,25.60000,58.70000,0.00031,1.17864,13.00000,13.00000,959.00000,1,Baik
2026-09-08T12:47:49Z,2026-09-08 19:47:49,1182,25.70000,58.60000,0.00031,1.17864,13.00000,13.00000,961.00000,1,Baik
2026-09-08T12:48:09Z,2026-09-08 19:48:09,1183,25.70000,58.70000,0.00031,1.17864,13.00000,13.00000,961.00000,1,Baik
2026-09-08T12:48:30Z,2026-09-08 19:48:30,1184,25.70000,58.80000,0.00031,1.17864,13.00000,13.00000,960.00000,1,Baik
2026-09-08T12:48:49Z,2026-09-08 19:48:49,1185,25.70000,58.70000,0.00031,1.17864,13.00000,13.00000,958.00000,1,Baik
2026-09-08T12:49:09Z,2026-09-08 19:49:09,1186,25.70000,58.80000,0.00031,1.17864,13.00000,13.00000,957.00000,1,Baik
2026-09-08T12:49:29Z,2026-09-08 19:49:29,1187,25.70000,58.90000,0.00031,1.17864,13.00000,13.00000,960.00000,1,Baik
2026-09-08T12:49:49Z,2026-09-08 19:49:49,1188,25.70000,58.90000,0.00031,1.17864,13.00000,13.00000,957.00000,1,Baik
2026-09-08T12:50:09Z,2026-09-08 19:50:09,1189,25.70000,59.00000,0.00031,1.17864,13.00000,13.00000,957.00000,1,Baik
2026-09-08T12:50:30Z,2026-09-08 19:50:30,1190,25.70000,59.00000,0.00031,1.17864,13.00000,13.00000,957.00000,1,Baik
2026-09-08T12:50:49Z,2026-09-08 19:50:49,1191,25.70000,59.10000,0.00031,1.17864,13.00000,13.00000,959.00000,1,Baik
2026-09-08T12:51:09Z,2026-09-08 19:51:09,1192,25.70000,59.10000,0.00031,1.17864,13.00000,13.00000,954.00000,1,Baik
2026-09-08T12:51:30Z,2026-09-08 19:51:30,1193,25.70000,59.10000,0.00031,1.17864,13.00000,13.00000,950.00000,1,Baik
2026-09-08T12:51:50Z,2026-09-08 19:51:50,1194,25.70000,59.10000,0.00031,1.17864,13.00000,13.00000,955.00000,1,Baik
2026-09-08T12:52:10Z,2026-09-08 19:52:10,1195,25.80000,59.20000,0.00031,1.17864,13.00000,13.00000,948.00000,1,Baik
2026-09-08T13:13:29Z,2026-09-08 20:13:29,1196,25.80000,60.20000,0.00031,1.17864,13.00000,13.00000,933.00000,1,Baik
2026-09-08T13:13:50Z,2026-09-08 20:13:50,1197,25.80000,60.30000,0.00031,1.17864,13.00000,13.00000,935.00000,1,Baik
2026-09-08T13:14:09Z,2026-09-08 20:14:09,1198,25.80000,60.30000,0.00031,1.17864,13.00000,13.00000,938.00000,1,Baik
2026-09-08T13:14:29Z,2026-09-08 20:14:29,1199,25.90000,60.30000,0.00031,1.17864,13.00000,13.00000,927.00000,1,Baik
2026-09-08T13:14:49Z,2026-09-08 20:14:49,1200,25.90000,60.30000,0.00031,1.17864,13.00000,13.00000,934.00000,1,Baik
2026-09-08T13:15:10Z,2026-09-08 20:15:10,1201,25.90000,60.30000,0.00031,1.17864,13.00000,13.00000,935.00000,1,Baik
2026-09-08T13:15:29Z,2026-09-08 20:15:29,1202,25.90000,60.30000,0.00031,1.17864,13.00000,13.00000,931.00000,1,Baik
2026-09-08T13:15:49Z,2026-09-08 20:15:49,1203,25.90000,60.30000,0.00031,1.17864,13.00000,13.00000,933.00000,1,Baik
2026-09-08T13:16:10Z,2026-09-08 20:16:10,1204,25.90000,60.20000,0.00031,1.17864,13.00000,13.00000,936.00000,1,Baik
2026-09-08T13:16:29Z,2026-09-08 20:16:29,1205,25.90000,60.30000,0.00031,1.17864,13.00000,13.00000,933.00000,1,Baik
2026-09-08T13:16:49Z,2026-09-08 20:16:49,1206,25.90000,60.30000,0.00031,1.17864,13.00000,13.00000,931.00000,1,Baik
2026-09-08T13:17:10Z,2026-09-08 20:17:10,1207,25.90000,60.20000,0.00031,1.17864,13.00000,13.00000,932.00000,1,Baik
2026-09-08T13:17:30Z,2026-09-08 20:17:30,1208,25.90000,60.20000,0.00031,1.17864,13.00000,13.00000,930.00000,1,Baik
2026-09-08T13:17:50Z,2026-09-08 20:17:50,1209,25.90000,60.10000,0.00031,1.17864,13.00000,13.00000,931.00000,1,Baik
2026-09-08T13:18:10Z,2026-09-08 20:18:10,1210,25.90000,60.20000,0.00031,1.17864,13.00000,13.00000,930.00000,1,Baik
2026-09-08T13:18:30Z,2026-09-08 20:18:30,1211,25.90000,60.20000,0.00031,1.19975,14.00000,13.00000,927.00000,1,Baik
2026-09-08T13:18:50Z,2026-09-08 20:18:50,1212,25.90000,60.20000,0.00031,1.07304,12.00000,13.00000,923.00000,1,Baik
2026-09-08T13:19:10Z,2026-09-08 20:19:10,1213,25.90000,60.10000,0.00031,1.17864,13.00000,13.00000,928.00000,1,Baik
2026-09-08T13:19:30Z,2026-09-08 20:19:30,1214,25.90000,60.10000,0.00031,1.19975,14.00000,13.00000,929.00000,1,Baik
2026-09-08T13:19:49Z,2026-09-08 20:19:49,1215,25.90000,60.10000,0.00031,1.19975,14.00000,13.00000,929.00000,1,Baik
2026-09-08T13:20:10Z,2026-09-08 20:20:10,1216,25.90000,60.10000,0.00031,1.14018,13.00000,13.00000,927.00000,1,Baik
2026-09-08T13:20:30Z,2026-09-08 20:20:30,1217,25.90000,60.10000,0.00031,1.20106,14.00000,13.00000,925.00000,1,Baik
2026-09-08T13:20:50Z,2026-09-08 20:20:50,1218,25.90000,60.20000,0.00031,1.14018,13.00000,13.00000,923.00000,1,Baik
2026-09-08T13:21:10Z,2026-09-08 20:21:10,1219,25.90000,60.20000,0.00031,1.13075,13.00000,13.00000,927.00000,1,Baik
2026-09-08T13:21:30Z,2026-09-08 20:21:30,1220,25.90000,60.20000,0.00031,1.13075,13.00000,13.00000,924.00000,1,Baik
2026-09-08T13:21:50Z,2026-09-08 20:21:50,1221,25.90000,60.20000,0.00031,1.13075,13.00000,13.00000,922.00000,1,Baik
2026-09-08T13:22:10Z,2026-09-08 20:22:10,1222,25.90000,60.30000,0.00031,1.13075,13.00000,13.00000,928.00000,1,Baik
2026-09-08T13:22:30Z,2026-09-08 20:22:30,1223,25.90000,60.30000,0.00031,1.13075,13.00000,13.00000,927.00000,1,Baik
2026-09-08T13:22:50Z,2026-09-08 20:22:50,1224,25.90000,60.30000,0.00031,1.14018,13.00000,13.00000,928.00000,1,Baik
2026-09-08T13:23:10Z,2026-09-08 20:23:10,1225,25.90000,60.20000,0.00031,1.13075,13.00000,13.00000,927.00000,1,Baik
2026-09-08T13:23:30Z,2026-09-08 20:23:30,1226,25.90000,60.20000,0.00031,1.14018,13.00000,13.00000,924.00000,1,Baik
2026-09-08T13:23:50Z,2026-09-08 20:23:50,1227,25.90000,60.10000,0.00031,1.13075,13.00000,13.00000,927.00000,1,Baik
2026-09-08T13:24:10Z,2026-09-08 20:24:10,1228,25.90000,60.20000,0.00031,1.13075,13.00000,13.00000,925.00000,1,Baik
2026-09-08T13:24:30Z,2026-09-08 20:24:30,1229,25.90000,60.10000,0.00031,1.20106,14.00000,13.00000,926.00000,1,Baik
2026-09-08T13:24:50Z,2026-09-08 20:24:50,1230,25.90000,60.00000,0.00031,1.13558,13.00000,13.00000,926.00000,1,Baik
2026-09-08T13:25:10Z,2026-09-08 20:25:10,1231,25.90000,60.20000,0.00031,1.17864,13.00000,13.00000,926.00000,1,Baik
2026-09-08T13:25:30Z,2026-09-08 20:25:30,1232,25.90000,60.10000,0.00031,1.07304,12.00000,13.00000,925.00000,1,Baik
2026-09-08T13:25:50Z,2026-09-08 20:25:50,1233,25.90000,60.10000,0.00031,1.17864,13.00000,13.00000,925.00000,1,Baik
2026-09-08T13:26:10Z,2026-09-08 20:26:10,1234,25.90000,60.20000,0.00031,1.13075,13.00000,13.00000,927.00000,1,Baik
2026-09-08T13:26:30Z,2026-09-08 20:26:30,1235,25.90000,60.20000,0.00031,1.07304,12.00000,13.00000,924.00000,1,Baik
2026-09-08T13:26:50Z,2026-09-08 20:26:50,1236,25.90000,60.20000,0.00031,1.13075,13.00000,13.00000,930.00000,1,Baik
2026-09-08T13:27:10Z,2026-09-08 20:27:10,1237,25.90000,60.20000,0.00031,1.13075,13.00000,13.00000,928.00000,1,Baik
2026-09-08T13:27:30Z,2026-09-08 20:27:30,1238,25.90000,60.20000,0.00031,1.14018,13.00000,13.00000,928.00000,1,Baik
2026-09-08T13:27:50Z,2026-09-08 20:27:50,1239,25.90000,60.20000,0.00031,1.13075,13.00000,13.00000,927.00000,1,Baik
2026-09-08T13:28:10Z,2026-09-08 20:28:10,1240,25.90000,60.20000,0.00031,1.14018,13.00000,13.00000,929.00000,1,Baik
2026-09-08T13:28:30Z,2026-09-08 20:28:30,1241,25.90000,60.30000,0.00031,1.13075,13.00000,13.00000,934.00000,1,Baik
2026-09-08T13:28:50Z,2026-09-08 20:28:50,1242,25.90000,60.20000,0.00031,1.19975,14.00000,13.00000,930.00000,1,Baik
2026-09-08T13:29:10Z,2026-09-08 20:29:10,1243,25.90000,60.30000,0.00031,1.14018,13.00000,13.00000,928.00000,1,Baik
2026-09-08T13:29:30Z,2026-09-08 20:29:30,1244,25.90000,60.30000,0.00031,1.07304,12.00000,13.00000,923.00000,1,Baik
2026-09-08T13:29:50Z,2026-09-08 20:29:50,1245,25.90000,60.30000,0.00031,1.13075,13.00000,13.00000,927.00000,1,Baik
2026-09-08T13:30:10Z,2026-09-08 20:30:10,1246,25.90000,60.30000,0.00031,1.13075,13.00000,13.00000,925.00000,1,Baik
2026-09-08T13:30:30Z,2026-09-08 20:30:30,1247,25.90000,60.30000,0.00031,1.20106,14.00000,13.00000,930.00000,1,Baik
2026-09-08T13:30:50Z,2026-09-08 20:30:50,1248,25.90000,60.30000,0.00031,1.19975,14.00000,13.00000,932.00000,1,Baik
2026-09-08T13:31:10Z,2026-09-08 20:31:10,1249,25.90000,60.30000,0.00031,1.19975,14.00000,13.00000,933.00000,1,Baik
2026-09-08T13:31:30Z,2026-09-08 20:31:30,1250,25.90000,60.30000,0.00031,1.13075,13.00000,13.00000,929.00000,1,Baik
2026-09-08T13:31:50Z,2026-09-08 20:31:50,1251,25.90000,60.30000,0.00031,1.14018,13.00000,13.00000,924.00000,1,Baik
2026-09-08T13:32:10Z,2026-09-08 20:32:10,1252,25.90000,60.30000,0.00031,1.13075,13.00000,13.00000,924.00000,1,Baik
2026-09-08T13:32:30Z,2026-09-08 20:32:30,1253,25.90000,60.30000,0.00031,1.13075,13.00000,13.00000,929.00000,1,Baik
2026-09-08T13:32:50Z,2026-09-08 20:32:50,1254,25.90000,60.30000,0.00031,1.13075,13.00000,13.00000,935.00000,1,Baik
2026-09-08T13:33:10Z,2026-09-08 20:33:10,1255,25.80000,60.30000,0.00031,1.03827,12.00000,13.00000,930.00000,1,Baik
2026-09-08T13:33:30Z,2026-09-08 20:33:30,1256,25.90000,60.30000,0.00031,1.13075,13.00000,13.00000,934.00000,1,Baik
2026-09-08T13:33:50Z,2026-09-08 20:33:50,1257,25.90000,60.30000,0.00031,1.01941,12.00000,13.00000,928.00000,1,Baik
2026-09-08T13:34:10Z,2026-09-08 20:34:10,1258,25.90000,60.30000,0.00031,1.14018,13.00000,13.00000,938.00000,1,Baik
2026-09-08T13:34:30Z,2026-09-08 20:34:30,1259,25.90000,60.40000,0.00031,1.19975,14.00000,13.00000,945.00000,1,Baik
2026-09-08T13:34:50Z,2026-09-08 20:34:50,1260,25.90000,60.40000,0.00031,1.13075,13.00000,13.00000,941.00000,1,Baik
2026-09-08T13:35:10Z,2026-09-08 20:35:10,1261,25.80000,60.30000,0.00031,1.13075,13.00000,13.00000,944.00000,1,Baik
2026-09-08T13:35:30Z,2026-09-08 20:35:30,1262,25.90000,60.30000,0.00031,1.13075,13.00000,13.00000,944.00000,1,Baik
2026-09-08T13:35:50Z,2026-09-08 20:35:50,1263,25.80000,60.40000,0.00031,1.13075,13.00000,13.00000,944.00000,1,Baik
2026-09-08T13:36:10Z,2026-09-08 20:36:10,1264,25.80000,60.40000,0.00031,1.13075,13.00000,13.00000,943.00000,1,Baik
2026-09-08T13:36:30Z,2026-09-08 20:36:30,1265,25.80000,60.40000,0.00031,1.13075,13.00000,13.00000,944.00000,1,Baik
2026-09-08T13:36:50Z,2026-09-08 20:36:50,1266,25.90000,60.40000,0.00031,1.13075,13.00000,13.00000,943.00000,1,Baik
2026-09-08T13:37:10Z,2026-09-08 20:37:10,1267,25.80000,60.40000,0.00031,1.19975,14.00000,13.00000,945.00000,1,Baik
2026-09-08T13:37:30Z,2026-09-08 20:37:30,1268,25.90000,60.40000,0.00031,1.19975,14.00000,13.00000,944.00000,1,Baik
2026-09-08T13:37:50Z,2026-09-08 20:37:50,1269,25.90000,60.40000,0.00031,1.14018,13.00000,13.00000,947.00000,1,Baik
2026-09-08T13:38:10Z,2026-09-08 20:38:10,1270,25.90000,60.30000,0.00031,1.20106,14.00000,13.00000,947.00000,1,Baik
2026-09-08T13:38:30Z,2026-09-08 20:38:30,1271,25.90000,60.40000,0.00031,1.17864,13.00000,13.00000,941.00000,1,Baik
2026-09-08T13:38:50Z,2026-09-08 20:38:50,1272,25.90000,60.40000,0.00031,1.17864,13.00000,13.00000,950.00000,1,Baik
2026-09-08T13:39:10Z,2026-09-08 20:39:10,1273,25.90000,60.40000,0.00031,1.17864,13.00000,13.00000,944.00000,1,Baik
2026-09-08T13:39:30Z,2026-09-08 20:39:30,1274,25.90000,60.30000,0.00031,1.17864,13.00000,13.00000,945.00000,1,Baik
2026-09-08T13:39:50Z,2026-09-08 20:39:50,1275,25.90000,60.30000,0.00031,1.17864,13.00000,13.00000,950.00000,1,Baik
2026-09-08T13:40:10Z,2026-09-08 20:40:10,1276,25.90000,60.30000,0.00031,1.17864,13.00000,13.00000,947.00000,1,Baik
2026-09-08T13:40:30Z,2026-09-08 20:40:30,1277,25.90000,60.40000,0.00031,1.13075,13.00000,13.00000,954.00000,1,Baik
2026-09-08T13:40:50Z,2026-09-08 20:40:50,1278,25.80000,60.40000,0.00031,1.17864,13.00000,13.00000,947.00000,1,Baik
2026-09-08T13:41:10Z,2026-09-08 20:41:10,1279,25.80000,60.40000,0.00031,1.17864,13.00000,13.00000,949.00000,1,Baik
2026-09-08T13:41:30Z,2026-09-08 20:41:30,1280,25.80000,60.40000,0.00031,1.17864,13.00000,13.00000,951.00000,1,Baik
2026-09-08T13:41:50Z,2026-09-08 20:41:50,1281,25.80000,60.50000,0.00031,1.16739,13.00000,13.00000,949.00000,1,Baik
2026-09-08T13:42:10Z,2026-09-08 20:42:10,1282,25.80000,60.40000,0.00031,1.17864,13.00000,13.00000,947.00000,1,Baik
2026-09-08T13:42:30Z,2026-09-08 20:42:30,1283,25.90000,60.50000,0.00031,1.16739,13.00000,13.00000,948.00000,1,Baik
2026-09-08T13:42:50Z,2026-09-08 20:42:50,1284,25.80000,60.50000,0.00031,1.16739,13.00000,13.00000,951.00000,1,Baik
2026-09-08T13:43:10Z,2026-09-08 20:43:10,1285,25.80000,60.40000,0.00031,1.17864,13.00000,13.00000,950.00000,1,Baik
2026-09-08T13:43:30Z,2026-09-08 20:43:30,1286,25.90000,60.50000,0.00031,1.17676,13.00000,13.00000,960.00000,1,Baik
2026-09-08T13:43:50Z,2026-09-08 20:43:50,1287,25.90000,60.40000,0.00031,1.18801,14.00000,13.00000,958.00000,1,Baik
2026-09-08T13:44:10Z,2026-09-08 20:44:10,1288,25.90000,60.40000,0.00031,1.17864,13.00000,13.00000,951.00000,1,Baik
2026-09-08T13:44:30Z,2026-09-08 20:44:30,1289,25.90000,60.40000,0.00031,1.17864,13.00000,13.00000,949.00000,1,Baik
2026-09-08T13:44:50Z,2026-09-08 20:44:50,1290,25.90000,60.40000,0.00031,1.17864,13.00000,13.00000,954.00000,1,Baik
2026-09-08T13:45:10Z,2026-09-08 20:45:10,1291,25.90000,60.40000,0.00031,1.17864,13.00000,13.00000,951.00000,1,Baik
2026-09-08T13:45:30Z,2026-09-08 20:45:30,1292,25.90000,60.40000,0.00031,1.17864,13.00000,13.00000,953.00000,1,Baik
2026-09-08T13:45:50Z,2026-09-08 20:45:50,1293,25.90000,60.40000,0.00031,1.17864,13.00000,13.00000,950.00000,1,Baik
2026-09-08T13:46:10Z,2026-09-08 20:46:10,1294,25.90000,60.40000,0.00031,1.17864,13.00000,13.00000,949.00000,1,Baik
2026-09-08T13:46:30Z,2026-09-08 20:46:30,1295,25.90000,60.40000,0.00031,1.18801,14.00000,13.00000,948.00000,1,Baik
2026-09-08T13:46:50Z,2026-09-08 20:46:50,1296,25.90000,60.40000,0.00031,1.18801,14.00000,13.00000,949.00000,1,Baik
2026-09-08T13:47:10Z,2026-09-08 20:47:10,1297,25.90000,60.40000,0.00031,1.18801,14.00000,13.00000,954.00000,1,Baik
2026-09-08T13:47:30Z,2026-09-08 20:47:30,1298,25.90000,60.40000,0.00031,1.18801,14.00000,13.00000,951.00000,1,Baik
2026-09-08T13:47:50Z,2026-09-08 20:47:50,1299,25.90000,60.40000,0.00031,1.18801,14.00000,13.00000,955.00000,1,Baik
2026-09-08T13:48:10Z,2026-09-08 20:48:10,1300,25.90000,60.50000,0.00031,1.17676,13.00000,13.00000,950.00000,1,Baik
2026-09-08T13:48:30Z,2026-09-08 20:48:30,1301,25.90000,60.40000,0.00031,1.18801,14.00000,13.00000,950.00000,1,Baik
2026-09-08T13:48:50Z,2026-09-08 20:48:50,1302,25.90000,60.40000,0.00031,1.18801,14.00000,13.00000,958.00000,1,Baik
2026-09-08T13:49:10Z,2026-09-08 20:49:10,1303,25.90000,60.40000,0.00031,1.18801,14.00000,13.00000,949.00000,1,Baik
2026-09-08T13:49:30Z,2026-09-08 20:49:30,1304,25.90000,60.40000,0.00031,1.18801,14.00000,13.00000,955.00000,1,Baik
2026-09-08T13:49:50Z,2026-09-08 20:49:50,1305,25.80000,60.40000,0.00031,1.18801,14.00000,13.00000,954.00000,1,Baik
2026-09-08T13:50:10Z,2026-09-08 20:50:10,1306,25.90000,60.50000,0.00031,1.17676,13.00000,13.00000,955.00000,1,Baik
2026-09-08T13:50:30Z,2026-09-08 20:50:30,1307,25.90000,60.40000,0.00031,1.18801,14.00000,13.00000,957.00000,1,Baik
2026-09-08T13:50:50Z,2026-09-08 20:50:50,1308,25.90000,60.40000,0.00031,1.18801,14.00000,13.00000,951.00000,1,Baik
2026-09-08T13:51:10Z,2026-09-08 20:51:10,1309,25.90000,60.40000,0.00031,1.17864,13.00000,13.00000,949.00000,1,Baik
2026-09-08T13:51:30Z,2026-09-08 20:51:30,1310,25.90000,60.40000,0.00031,1.18801,14.00000,13.00000,964.00000,1,Baik
2026-09-08T13:51:50Z,2026-09-08 20:51:50,1311,25.90000,60.40000,0.00031,1.18801,14.00000,13.00000,950.00000,1,Baik
2026-09-08T13:52:10Z,2026-09-08 20:52:10,1312,25.90000,60.40000,0.00031,1.18801,14.00000,13.00000,951.00000,1,Baik
2026-09-08T13:52:30Z,2026-09-08 20:52:30,1313,25.90000,60.40000,0.00031,1.17864,13.00000,13.00000,946.00000,1,Baik
2026-09-08T13:52:50Z,2026-09-08 20:52:50,1314,25.90000,60.40000,0.00031,1.18801,14.00000,13.00000,949.00000,1,Baik
2026-09-08T13:53:10Z,2026-09-08 20:53:10,1315,25.90000,60.40000,0.00031,1.18801,14.00000,13.00000,950.00000,1,Baik
2026-09-08T13:53:30Z,2026-09-08 20:53:30,1316,25.90000,60.50000,0.00031,1.17676,13.00000,13.00000,951.00000,1,Baik
2026-09-08T13:53:50Z,2026-09-08 20:53:50,1317,25.90000,60.40000,0.00031,1.18801,14.00000,13.00000,951.00000,1,Baik
2026-09-08T13:54:10Z,2026-09-08 20:54:10,1318,25.90000,60.30000,0.00031,1.18801,14.00000,13.00000,948.00000,1,Baik
2026-09-08T13:54:30Z,2026-09-08 20:54:30,1319,25.90000,60.30000,0.00031,1.18801,14.00000,13.00000,950.00000,1,Baik
2026-09-08T13:54:50Z,2026-09-08 20:54:50,1320,25.90000,60.30000,0.00031,1.18801,14.00000,13.00000,953.00000,1,Baik
2026-09-08T13:55:10Z,2026-09-08 20:55:10,1321,25.90000,60.40000,0.00031,1.18801,14.00000,13.00000,950.00000,1,Baik
2026-09-08T13:55:30Z,2026-09-08 20:55:30,1322,25.90000,60.30000,0.00031,1.18801,14.00000,13.00000,954.00000,1,Baik
2026-09-08T13:55:50Z,2026-09-08 20:55:50,1323,25.90000,60.30000,0.00031,1.18801,14.00000,13.00000,953.00000,1,Baik
2026-09-08T13:56:10Z,2026-09-08 20:56:10,1324,25.90000,60.30000,0.00031,1.18801,14.00000,13.00000,949.00000,1,Baik
2026-09-08T13:56:30Z,2026-09-08 20:56:30,1325,25.90000,60.30000,10.17505,1.18801,33.00000,13.00000,951.00000,1,Baik
2026-09-08T13:56:50Z,2026-09-08 20:56:50,1326,25.90000,60.30000,0.00031,1.18801,14.00000,13.00000,944.00000,1,Baik
2026-09-08T13:57:10Z,2026-09-08 20:57:10,1327,25.90000,60.30000,0.00031,1.18801,14.00000,13.00000,946.00000,1,Baik
2026-09-08T13:57:30Z,2026-09-08 20:57:30,1328,25.90000,60.20000,0.00031,1.18801,14.00000,13.00000,944.00000,1,Baik
2026-09-08T13:57:50Z,2026-09-08 20:57:50,1329,25.90000,60.20000,0.00031,1.18801,14.00000,13.00000,944.00000,1,Baik
2026-09-08T13:58:10Z,2026-09-08 20:58:10,1330,25.90000,60.30000,0.00031,1.18801,14.00000,13.00000,944.00000,1,Baik
2026-09-08T13:58:30Z,2026-09-08 20:58:30,1331,25.90000,60.30000,0.00031,1.18801,14.00000,13.00000,944.00000,1,Baik
2026-09-08T13:58:50Z,2026-09-08 20:58:50,1332,25.90000,60.30000,0.00031,1.18801,14.00000,13.00000,944.00000,1,Baik
2026-09-08T13:59:10Z,2026-09-08 20:59:10,1333,25.90000,60.30000,0.00031,1.18801,14.00000,13.00000,944.00000,1,Baik
2026-09-08T13:59:30Z,2026-09-08 20:59:30,1334,25.90000,60.30000,10.17505,1.18801,33.00000,13.00000,944.00000,1,Baik
2026-09-08T13:59:50Z,2026-09-08 20:59:50,1335,25.90000,60.30000,0.00031,1.18801,14.00000,13.00000,944.00000,1,Baik
2026-09-08T14:00:10Z,2026-09-08 21:00:10,1336,25.90000,60.40000,0.00031,1.19603,14.00000,13.00000,944.00000,1,Baik
2026-09-08T14:00:30Z,2026-09-08 21:00:30,1337,25.80000,60.30000,0.00031,1.19603,14.00000,13.00000,944.00000,1,Baik
2026-09-08T14:00:50Z,2026-09-08 21:00:50,1338,25.90000,60.30000,0.00031,1.18801,14.00000,13.00000,944.00000,1,Baik
2026-09-08T14:01:10Z,2026-09-08 21:01:10,1339,25.90000,60.30000,0.00031,1.18801,14.00000,13.00000,945.00000,1,Baik
2026-09-08T14:01:30Z,2026-09-08 21:01:30,1340,25.90000,60.20000,0.00031,1.18801,14.00000,13.00000,941.00000,1,Baik
2026-09-08T14:01:50Z,2026-09-08 21:01:50,1341,25.90000,60.30000,0.00031,1.19603,14.00000,13.00000,945.00000,1,Baik
2026-09-08T14:02:10Z,2026-09-08 21:02:10,1342,25.90000,61.40000,0.00031,1.18570,13.00000,13.00000,951.00000,1,Baik
2026-09-08T14:02:30Z,2026-09-08 21:02:30,1343,26.00000,63.40000,0.00031,1.24674,14.00000,13.00000,961.00000,1,Baik
2026-09-08T14:02:50Z,2026-09-08 21:02:50,1344,26.10000,64.60000,0.00031,1.37088,16.00000,13.00000,970.00000,1,Baik
2026-09-08T14:03:10Z,2026-09-08 21:03:10,1345,26.20000,65.20000,0.00031,1.27860,15.00000,13.00000,974.00000,1,Baik
2026-09-08T14:03:30Z,2026-09-08 21:03:30,1346,26.20000,65.70000,0.00031,1.27860,15.00000,13.00000,978.00000,1,Baik
2026-09-08T14:03:50Z,2026-09-08 21:03:50,1347,26.30000,66.10000,0.00031,1.40986,16.00000,13.00000,982.00000,1,Baik
2026-09-08T14:04:10Z,2026-09-08 21:04:10,1348,26.30000,66.50000,0.00031,1.36233,15.00000,13.00000,983.00000,1,Baik
2026-09-08T14:04:30Z,2026-09-08 21:04:30,1349,26.40000,66.80000,0.00031,1.35008,15.00000,13.00000,987.00000,1,Baik
2026-09-08T14:04:50Z,2026-09-08 21:04:50,1350,26.50000,66.90000,0.00031,1.36729,16.00000,13.00000,990.00000,1,Baik
2026-09-08T14:05:10Z,2026-09-08 21:05:10,1351,26.60000,67.10000,0.00031,1.33619,15.00000,13.00000,993.00000,1,Baik
2026-09-08T14:05:30Z,2026-09-08 21:05:30,1352,26.60000,67.00000,0.00031,1.33619,15.00000,13.00000,996.00000,1,Baik
2026-09-08T14:05:50Z,2026-09-08 21:05:50,1353,26.60000,66.90000,0.00031,1.35958,15.00000,13.00000,993.00000,1,Baik
2026-09-08T14:06:10Z,2026-09-08 21:06:10,1354,26.70000,66.80000,0.00031,1.35958,15.00000,13.00000,1016.00000,1,Baik
2026-09-08T14:06:30Z,2026-09-08 21:06:30,1355,26.80000,66.70000,0.00031,1.35958,15.00000,13.00000,993.00000,1,Baik
2026-09-08T14:06:50Z,2026-09-08 21:06:50,1356,26.80000,66.60000,0.00031,1.35958,15.00000,13.00000,990.00000,1,Baik
2026-09-08T14:07:10Z,2026-09-08 21:07:10,1357,26.80000,66.50000,0.00031,1.35958,15.00000,13.00000,993.00000,1,Baik
2026-09-08T14:07:30Z,2026-09-08 21:07:30,1358,26.80000,66.40000,0.00031,1.35958,15.00000,13.00000,991.00000,1,Baik
2026-09-08T14:07:50Z,2026-09-08 21:07:50,1359,26.90000,66.40000,0.00031,1.34987,15.00000,13.00000,990.00000,1,Baik
2026-09-08T14:08:10Z,2026-09-08 21:08:10,1360,26.90000,66.40000,0.00031,1.34987,15.00000,13.00000,993.00000,1,Baik
2026-09-08T14:08:30Z,2026-09-08 21:08:30,1361,26.90000,66.20000,0.00031,1.37871,16.00000,13.00000,999.00000,1,Baik
2026-09-08T14:08:50Z,2026-09-08 21:08:50,1362,27.00000,66.20000,0.00031,1.34987,15.00000,13.00000,990.00000,1,Baik
2026-09-08T14:09:10Z,2026-09-08 21:09:10,1363,27.00000,66.20000,0.00031,1.34987,15.00000,13.00000,991.00000,1,Baik
2026-09-08T14:09:30Z,2026-09-08 21:09:30,1364,27.00000,66.00000,0.00031,1.34987,15.00000,13.00000,975.00000,1,Baik
2026-09-08T14:09:50Z,2026-09-08 21:09:50,1365,27.00000,66.10000,0.00031,1.34987,15.00000,13.00000,992.00000,1,Baik
2026-09-08T14:10:10Z,2026-09-08 21:10:10,1366,27.00000,65.90000,0.00031,1.38561,16.00000,13.00000,994.00000,1,Baik
2026-09-08T14:10:30Z,2026-09-08 21:10:30,1367,27.00000,66.00000,0.00031,1.34987,15.00000,13.00000,992.00000,1,Baik
2026-09-08T14:10:50Z,2026-09-08 21:10:50,1368,27.00000,66.00000,0.00031,1.34987,15.00000,13.00000,993.00000,1,Baik
2026-09-08T14:11:10Z,2026-09-08 21:11:10,1369,27.00000,65.90000,0.00031,1.38561,16.00000,13.00000,991.00000,1,Baik
2026-09-08T14:11:30Z,2026-09-08 21:11:30,1370,27.00000,65.90000,0.00031,1.38561,16.00000,13.00000,993.00000,1,Baik
2026-09-08T14:11:50Z,2026-09-08 21:11:50,1371,27.00000,66.00000,0.00031,1.34987,15.00000,13.00000,991.00000,1,Baik
2026-09-08T14:12:10Z,2026-09-08 21:12:10,1372,27.00000,65.90000,0.00031,1.38561,16.00000,13.00000,993.00000,1,Baik
2026-09-08T14:12:30Z,2026-09-08 21:12:30,1373,27.00000,65.60000,0.00031,1.35903,15.00000,13.00000,992.00000,1,Baik
2026-09-08T14:12:50Z,2026-09-08 21:12:50,1374,27.00000,65.40000,0.00031,1.35903,15.00000,13.00000,978.00000,1,Baik
2026-09-08T14:13:10Z,2026-09-08 21:13:10,1375,27.00000,65.20000,0.00031,1.35903,15.00000,13.00000,983.00000,1,Baik
2026-09-08T14:13:30Z,2026-09-08 21:13:30,1376,26.90000,65.10000,0.00031,1.35903,15.00000,13.00000,987.00000,1,Baik
2026-09-08T14:13:50Z,2026-09-08 21:13:50,1377,26.90000,64.90000,0.00031,1.35903,15.00000,13.00000,990.00000,1,Baik
2026-09-08T14:14:10Z,2026-09-08 21:14:10,1378,26.90000,64.80000,0.00031,1.35903,15.00000,13.00000,983.00000,1,Baik
2026-09-08T14:14:30Z,2026-09-08 21:14:30,1379,26.80000,64.60000,0.00031,1.44682,16.00000,13.00000,986.00000,1,Baik
2026-09-08T14:14:50Z,2026-09-08 21:14:50,1380,26.80000,64.50000,0.00031,1.46795,17.00000,13.00000,977.00000,1,Baik
2026-09-08T14:15:10Z,2026-09-08 21:15:10,1381,26.80000,64.40000,0.00031,1.46795,17.00000,13.00000,985.00000,1,Baik
2026-09-08T14:15:30Z,2026-09-08 21:15:30,1382,26.70000,64.50000,0.00031,1.46795,17.00000,13.00000,979.00000,1,Baik
2026-09-08T14:15:50Z,2026-09-08 21:15:50,1383,26.70000,64.20000,0.00031,1.42784,16.00000,13.00000,976.00000,1,Baik
2026-09-08T14:16:10Z,2026-09-08 21:16:10,1384,26.70000,64.00000,0.00031,1.42784,16.00000,13.00000,979.00000,1,Baik
2026-09-08T14:16:30Z,2026-09-08 21:16:30,1385,26.70000,64.10000,0.00031,1.37757,16.00000,13.00000,976.00000,1,Baik
2026-09-08T14:16:50Z,2026-09-08 21:16:50,1386,26.60000,63.80000,0.00031,1.39907,16.00000,13.00000,976.00000,1,Baik
2026-09-08T14:17:10Z,2026-09-08 21:17:10,1387,26.60000,63.70000,0.00031,1.40395,16.00000,13.00000,960.00000,1,Baik
2026-09-08T14:17:30Z,2026-09-08 21:17:30,1388,26.60000,63.50000,0.00031,1.30933,15.00000,13.00000,977.00000,1,Baik
2026-09-08T14:17:50Z,2026-09-08 21:17:50,1389,26.60000,63.60000,0.00031,1.34589,15.00000,13.00000,973.00000,1,Baik
